ninja: Entering directory `/work/build'
[1/1907] Building ACC.h.inc...
[2/1907] Building ACC.inc...
[3/1907] Linking CXX static library lib/libLLVMTableGenBasic.a
[4/1907] Building CXX object lib/FileCheck/CMakeFiles/LLVMFileCheck.dir/FileCheck.cpp.o
[5/1907] Linking CXX static library lib/libLLVMFileCheck.a
[6/1907] Building CXX object lib/MCA/CMakeFiles/LLVMMCA.dir/HardwareUnits/HardwareUnit.cpp.o
[7/1907] Linking CXX static library lib/libLLVMTableGenCommon.a
[8/1907] Building CXX object lib/InterfaceStub/CMakeFiles/LLVMInterfaceStub.dir/IFSStub.cpp.o
[9/1907] Building CXX object lib/MCA/CMakeFiles/LLVMMCA.dir/CodeEmitter.cpp.o
[10/1907] Building CXX object lib/DWARFLinker/CMakeFiles/LLVMDWARFLinker.dir/Utils.cpp.o
[11/1907] Building CXX object lib/MCA/CMakeFiles/LLVMMCA.dir/HWEventListener.cpp.o
[12/1907] Building CXX object lib/Frontend/OpenACC/CMakeFiles/LLVMFrontendOpenACC.dir/ACC.cpp.o
[13/1907] Linking CXX static library lib/libLLVMFrontendOpenACC.a
[14/1907] Building CXX object lib/FuzzMutate/CMakeFiles/LLVMFuzzerCLI.dir/FuzzerCLI.cpp.o
[15/1907] Linking CXX static library lib/libLLVMFuzzerCLI.a
[16/1907] Building CXX object lib/MCA/CMakeFiles/LLVMMCA.dir/HardwareUnits/LSUnit.cpp.o
[17/1907] Building CXX object lib/MCA/CMakeFiles/LLVMMCA.dir/CustomBehaviour.cpp.o
[18/1907] Building CXX object lib/MCA/CMakeFiles/LLVMMCA.dir/HardwareUnits/RetireControlUnit.cpp.o
[19/1907] Building CXX object lib/FuzzMutate/CMakeFiles/LLVMFuzzMutate.dir/OpDescriptor.cpp.o
[20/1907] Building CXX object lib/DWARFLinker/Classic/CMakeFiles/LLVMDWARFLinkerClassic.dir/DWARFLinkerDeclContext.cpp.o
[21/1907] Building CXX object lib/DWARFLinker/CMakeFiles/LLVMDWARFLinker.dir/DWARFLinkerBase.cpp.o
[22/1907] Building CXX object lib/MCA/CMakeFiles/LLVMMCA.dir/HardwareUnits/RegisterFile.cpp.o
[23/1907] Building CXX object lib/MCA/CMakeFiles/LLVMMCA.dir/HardwareUnits/ResourceManager.cpp.o
[24/1907] Linking CXX static library lib/libLLVMDWARFLinker.a
[25/1907] Building CXX object lib/MCA/CMakeFiles/LLVMMCA.dir/IncrementalSourceMgr.cpp.o
[26/1907] Building CXX object lib/MCA/CMakeFiles/LLVMMCA.dir/HardwareUnits/Scheduler.cpp.o
[27/1907] Building CXX object lib/MCA/CMakeFiles/LLVMMCA.dir/Instruction.cpp.o
[28/1907] Building CXX object lib/MCA/CMakeFiles/LLVMMCA.dir/Context.cpp.o
[29/1907] Building CXX object lib/InterfaceStub/CMakeFiles/LLVMInterfaceStub.dir/IFSHandler.cpp.o
[30/1907] Building CXX object lib/DWARFLinker/Classic/CMakeFiles/LLVMDWARFLinkerClassic.dir/DWARFLinkerCompileUnit.cpp.o
[31/1907] Building CXX object lib/MCA/CMakeFiles/LLVMMCA.dir/Stages/EntryStage.cpp.o
[32/1907] Building CXX object lib/MCA/CMakeFiles/LLVMMCA.dir/Pipeline.cpp.o
[33/1907] Building CXX object lib/MCA/CMakeFiles/LLVMMCA.dir/Stages/DispatchStage.cpp.o
[34/1907] Building CXX object lib/MCA/CMakeFiles/LLVMMCA.dir/Stages/MicroOpQueueStage.cpp.o
[35/1907] Building CXX object lib/MCA/CMakeFiles/LLVMMCA.dir/Stages/InstructionTables.cpp.o
[36/1907] Building CXX object lib/MCA/CMakeFiles/LLVMMCA.dir/Support.cpp.o
[37/1907] Building CXX object lib/FuzzMutate/CMakeFiles/LLVMFuzzMutate.dir/Operations.cpp.o
[38/1907] Building CXX object lib/MCA/CMakeFiles/LLVMMCA.dir/Stages/ExecuteStage.cpp.o
[39/1907] Building CXX object lib/MCA/CMakeFiles/LLVMMCA.dir/Stages/RetireStage.cpp.o
[40/1907] Building CXX object lib/MCA/CMakeFiles/LLVMMCA.dir/Stages/Stage.cpp.o
[41/1907] Building CXX object lib/MCA/CMakeFiles/LLVMMCA.dir/InstrBuilder.cpp.o
[42/1907] Building CXX object lib/MCA/CMakeFiles/LLVMMCA.dir/View.cpp.o
[43/1907] Building CXX object lib/ObjCopy/CMakeFiles/LLVMObjCopy.dir/CommonConfig.cpp.o
[44/1907] Building CXX object lib/FuzzMutate/CMakeFiles/LLVMFuzzMutate.dir/RandomIRBuilder.cpp.o
[45/1907] Building CXX object lib/DWARFLinker/Parallel/CMakeFiles/LLVMDWARFLinkerParallel.dir/OutputSections.cpp.o
[46/1907] Building CXX object lib/ObjCopy/CMakeFiles/LLVMObjCopy.dir/ConfigManager.cpp.o
[47/1907] Building CXX object lib/MCA/CMakeFiles/LLVMMCA.dir/Stages/InOrderIssueStage.cpp.o
[48/1907] Linking CXX static library lib/libLLVMMCA.a
[49/1907] Building CXX object lib/ObjCopy/CMakeFiles/LLVMObjCopy.dir/Archive.cpp.o
[50/1907] Building CXX object lib/InterfaceStub/CMakeFiles/LLVMInterfaceStub.dir/ELFObjHandler.cpp.o
[51/1907] Linking CXX static library lib/libLLVMInterfaceStub.a
[52/1907] Building CXX object lib/DWARFLinker/Parallel/CMakeFiles/LLVMDWARFLinkerParallel.dir/AcceleratorRecordsSaver.cpp.o
[53/1907] Building CXX object lib/ObjCopy/CMakeFiles/LLVMObjCopy.dir/ObjCopy.cpp.o
[54/1907] Building CXX object lib/ObjCopy/CMakeFiles/LLVMObjCopy.dir/COFF/COFFReader.cpp.o
[55/1907] Building CXX object lib/DWARFLinker/Parallel/CMakeFiles/LLVMDWARFLinkerParallel.dir/SyntheticTypeNameBuilder.cpp.o
[56/1907] Building CXX object lib/ObjCopy/CMakeFiles/LLVMObjCopy.dir/COFF/COFFWriter.cpp.o
[57/1907] Building CXX object lib/DWARFLinker/Parallel/CMakeFiles/LLVMDWARFLinkerParallel.dir/DWARFEmitterImpl.cpp.o
[58/1907] Building CXX object lib/ObjCopy/CMakeFiles/LLVMObjCopy.dir/wasm/WasmObject.cpp.o
[59/1907] Building CXX object lib/ObjCopy/CMakeFiles/LLVMObjCopy.dir/COFF/COFFObjcopy.cpp.o
[60/1907] Building CXX object lib/ObjCopy/CMakeFiles/LLVMObjCopy.dir/wasm/WasmReader.cpp.o
[61/1907] Building CXX object lib/ObjCopy/CMakeFiles/LLVMObjCopy.dir/COFF/COFFObject.cpp.o
[62/1907] Building CXX object lib/DWARFLinker/Parallel/CMakeFiles/LLVMDWARFLinkerParallel.dir/DWARFLinker.cpp.o
[63/1907] Building CXX object lib/ObjCopy/CMakeFiles/LLVMObjCopy.dir/wasm/WasmWriter.cpp.o
[64/1907] Building CXX object lib/DWARFLinker/Parallel/CMakeFiles/LLVMDWARFLinkerParallel.dir/DIEAttributeCloner.cpp.o
[65/1907] Building CXX object lib/DWARFLinker/Classic/CMakeFiles/LLVMDWARFLinkerClassic.dir/DWARFStreamer.cpp.o
[66/1907] Building CXX object lib/DWARFLinker/Parallel/CMakeFiles/LLVMDWARFLinkerParallel.dir/DependencyTracker.cpp.o
[67/1907] Building CXX object lib/ObjectYAML/CMakeFiles/LLVMObjectYAML.dir/ArchiveEmitter.cpp.o
[68/1907] Building CXX object lib/ObjCopy/CMakeFiles/LLVMObjCopy.dir/XCOFF/XCOFFWriter.cpp.o
[69/1907] Building CXX object lib/FuzzMutate/CMakeFiles/LLVMFuzzMutate.dir/IRMutator.cpp.o
[70/1907] Building CXX object lib/ObjCopy/CMakeFiles/LLVMObjCopy.dir/MachO/MachOLayoutBuilder.cpp.o
[71/1907] Building CXX object lib/ObjCopy/CMakeFiles/LLVMObjCopy.dir/XCOFF/XCOFFObjcopy.cpp.o
[72/1907] Linking CXX static library lib/libLLVMFuzzMutate.a
[73/1907] Building CXX object lib/DWARFLinker/Parallel/CMakeFiles/LLVMDWARFLinkerParallel.dir/DWARFLinkerUnit.cpp.o
[74/1907] Building CXX object lib/ObjCopy/CMakeFiles/LLVMObjCopy.dir/XCOFF/XCOFFReader.cpp.o
[75/1907] Building CXX object lib/ObjCopy/CMakeFiles/LLVMObjCopy.dir/MachO/MachOWriter.cpp.o
[76/1907] Building CXX object lib/ObjCopy/CMakeFiles/LLVMObjCopy.dir/MachO/MachOObject.cpp.o
[77/1907] Building CXX object lib/ObjectYAML/CMakeFiles/LLVMObjectYAML.dir/ArchiveYAML.cpp.o
[78/1907] Building CXX object lib/ObjectYAML/CMakeFiles/LLVMObjectYAML.dir/CodeViewYAMLTypeHashing.cpp.o
[79/1907] Building CXX object lib/ObjCopy/CMakeFiles/LLVMObjCopy.dir/MachO/MachOReader.cpp.o
[80/1907] Building CXX object lib/ObjectYAML/CMakeFiles/LLVMObjectYAML.dir/GOFFYAML.cpp.o
[81/1907] Building CXX object lib/ObjCopy/CMakeFiles/LLVMObjCopy.dir/wasm/WasmObjcopy.cpp.o
[82/1907] Building CXX object lib/DWARFLinker/Parallel/CMakeFiles/LLVMDWARFLinkerParallel.dir/DWARFLinkerCompileUnit.cpp.o
[83/1907] Building CXX object lib/DWARFLinker/Parallel/CMakeFiles/LLVMDWARFLinkerParallel.dir/DWARFLinkerTypeUnit.cpp.o
[84/1907] Building CXX object lib/ObjectYAML/CMakeFiles/LLVMObjectYAML.dir/OffloadEmitter.cpp.o
[85/1907] Building CXX object lib/ObjectYAML/CMakeFiles/LLVMObjectYAML.dir/MinidumpEmitter.cpp.o
[86/1907] Building CXX object lib/ObjectYAML/CMakeFiles/LLVMObjectYAML.dir/YAML.cpp.o
[87/1907] Building CXX object lib/ObjCopy/CMakeFiles/LLVMObjCopy.dir/MachO/MachOObjcopy.cpp.o
[88/1907] Building CXX object lib/ObjectYAML/CMakeFiles/LLVMObjectYAML.dir/OffloadYAML.cpp.o
[89/1907] Building CXX object lib/ObjCopy/CMakeFiles/LLVMObjCopy.dir/ELF/ELFObjcopy.cpp.o
[90/1907] Building CXX object lib/ObjectYAML/CMakeFiles/LLVMObjectYAML.dir/COFFYAML.cpp.o
[91/1907] Building CXX object lib/DebugInfo/GSYM/CMakeFiles/LLVMDebugInfoGSYM.dir/FileWriter.cpp.o
[92/1907] Building CXX object lib/DebugInfo/GSYM/CMakeFiles/LLVMDebugInfoGSYM.dir/Header.cpp.o
[93/1907] Building CXX object lib/ObjectYAML/CMakeFiles/LLVMObjectYAML.dir/DXContainerYAML.cpp.o
[94/1907] Building CXX object lib/ObjectYAML/CMakeFiles/LLVMObjectYAML.dir/XCOFFYAML.cpp.o
[95/1907] Building CXX object lib/ObjectYAML/CMakeFiles/LLVMObjectYAML.dir/DWARFEmitter.cpp.o
[96/1907] Building CXX object lib/ObjectYAML/CMakeFiles/LLVMObjectYAML.dir/MinidumpYAML.cpp.o
[97/1907] Building CXX object lib/DebugInfo/GSYM/CMakeFiles/LLVMDebugInfoGSYM.dir/LineTable.cpp.o
[98/1907] Building CXX object lib/DebugInfo/GSYM/CMakeFiles/LLVMDebugInfoGSYM.dir/LookupResult.cpp.o
[99/1907] Building CXX object lib/ObjectYAML/CMakeFiles/LLVMObjectYAML.dir/GOFFEmitter.cpp.o
[100/1907] Building CXX object lib/ObjectYAML/CMakeFiles/LLVMObjectYAML.dir/MachOYAML.cpp.o
[101/1907] Building CXX object lib/DebugInfo/GSYM/CMakeFiles/LLVMDebugInfoGSYM.dir/InlineInfo.cpp.o
[102/1907] Building CXX object lib/DebugInfo/GSYM/CMakeFiles/LLVMDebugInfoGSYM.dir/FunctionInfo.cpp.o
[103/1907] Building CXX object lib/DebugInfo/GSYM/CMakeFiles/LLVMDebugInfoGSYM.dir/GsymReader.cpp.o
[104/1907] Building CXX object lib/DebugInfo/GSYM/CMakeFiles/LLVMDebugInfoGSYM.dir/ExtractRanges.cpp.o
[105/1907] Building CXX object lib/ObjectYAML/CMakeFiles/LLVMObjectYAML.dir/COFFEmitter.cpp.o
[106/1907] Building CXX object lib/ObjectYAML/CMakeFiles/LLVMObjectYAML.dir/DXContainerEmitter.cpp.o
[107/1907] Building CXX object lib/ObjectYAML/CMakeFiles/LLVMObjectYAML.dir/XCOFFEmitter.cpp.o
[108/1907] Building CXX object lib/ObjectYAML/CMakeFiles/LLVMObjectYAML.dir/WasmYAML.cpp.o
[109/1907] Building CXX object lib/ObjectYAML/CMakeFiles/LLVMObjectYAML.dir/CodeViewYAMLDebugSections.cpp.o
[110/1907] Building CXX object lib/ObjectYAML/CMakeFiles/LLVMObjectYAML.dir/ObjectYAML.cpp.o
[111/1907] Building CXX object lib/DebugInfo/GSYM/CMakeFiles/LLVMDebugInfoGSYM.dir/MergedFunctionsInfo.cpp.o
[112/1907] Building CXX object lib/DWARFLinker/Parallel/CMakeFiles/LLVMDWARFLinkerParallel.dir/DWARFLinkerImpl.cpp.o
[113/1907] Building CXX object lib/DebugInfo/GSYM/CMakeFiles/LLVMDebugInfoGSYM.dir/CallSiteInfo.cpp.o
[114/1907] Linking CXX static library lib/libLLVMDWARFLinkerParallel.a
[115/1907] Building CXX object lib/ObjectYAML/CMakeFiles/LLVMObjectYAML.dir/MachOEmitter.cpp.o
[116/1907] Building CXX object lib/DWARFLinker/Classic/CMakeFiles/LLVMDWARFLinkerClassic.dir/DWARFLinker.cpp.o
[117/1907] Building CXX object lib/DebugInfo/GSYM/CMakeFiles/LLVMDebugInfoGSYM.dir/DwarfTransformer.cpp.o
[118/1907] Linking CXX static library lib/libLLVMDWARFLinkerClassic.a
[119/1907] Building CXX object lib/ObjectYAML/CMakeFiles/LLVMObjectYAML.dir/CodeViewYAMLTypes.cpp.o
[120/1907] Building CXX object lib/ObjectYAML/CMakeFiles/LLVMObjectYAML.dir/yaml2obj.cpp.o
[121/1907] Building CXX object lib/DebugInfo/GSYM/CMakeFiles/LLVMDebugInfoGSYM.dir/GsymCreator.cpp.o
[122/1907] Building CXX object lib/ObjectYAML/CMakeFiles/LLVMObjectYAML.dir/WasmEmitter.cpp.o
[123/1907] Building CXX object lib/DebugInfo/LogicalView/CMakeFiles/LLVMDebugInfoLogicalView.dir/Core/LVSupport.cpp.o
[124/1907] Building CXX object lib/DWP/CMakeFiles/LLVMDWP.dir/DWPError.cpp.o
[125/1907] Building CXX object lib/ObjectYAML/CMakeFiles/LLVMObjectYAML.dir/DWARFYAML.cpp.o
[126/1907] Building COFFOptions.inc...
[127/1907] Building CXX object lib/DebugInfo/GSYM/CMakeFiles/LLVMDebugInfoGSYM.dir/ObjectFileTransformer.cpp.o
[128/1907] Linking CXX static library lib/libLLVMDebugInfoGSYM.a
[129/1907] Building CXX object lib/ObjectYAML/CMakeFiles/LLVMObjectYAML.dir/CodeViewYAMLSymbols.cpp.o
[130/1907] Building CXX object lib/ExecutionEngine/CMakeFiles/LLVMExecutionEngine.dir/GDBRegistrationListener.cpp.o
[131/1907] Building CXX object lib/DebugInfo/LogicalView/CMakeFiles/LLVMDebugInfoLogicalView.dir/Core/LVLine.cpp.o
[132/1907] Building CXX object lib/DebugInfo/LogicalView/CMakeFiles/LLVMDebugInfoLogicalView.dir/Core/LVRange.cpp.o
[133/1907] Building CXX object lib/ExecutionEngine/CMakeFiles/LLVMExecutionEngine.dir/SectionMemoryManager.cpp.o
[134/1907] Building CXX object lib/DebugInfo/LogicalView/CMakeFiles/LLVMDebugInfoLogicalView.dir/Core/LVLocation.cpp.o
[135/1907] Building CXX object lib/DebugInfo/LogicalView/CMakeFiles/LLVMDebugInfoLogicalView.dir/Core/LVElement.cpp.o
[136/1907] Building CXX object lib/DebugInfo/LogicalView/CMakeFiles/LLVMDebugInfoLogicalView.dir/Core/LVCompare.cpp.o
[137/1907] Building CXX object lib/DebugInfo/LogicalView/CMakeFiles/LLVMDebugInfoLogicalView.dir/Core/LVObject.cpp.o
[138/1907] Building CXX object lib/DebugInfo/LogicalView/CMakeFiles/LLVMDebugInfoLogicalView.dir/Core/LVSort.cpp.o
[139/1907] Building CXX object lib/DebugInfo/LogicalView/CMakeFiles/LLVMDebugInfoLogicalView.dir/Core/LVType.cpp.o
[140/1907] Building CXX object lib/ExecutionEngine/CMakeFiles/LLVMExecutionEngine.dir/TargetSelect.cpp.o
[141/1907] Building CXX object lib/DebugInfo/LogicalView/CMakeFiles/LLVMDebugInfoLogicalView.dir/Core/LVReader.cpp.o
[142/1907] Building CXX object lib/DebugInfo/LogicalView/CMakeFiles/LLVMDebugInfoLogicalView.dir/Core/LVSymbol.cpp.o
[143/1907] Building CXX object lib/ExecutionEngine/CMakeFiles/LLVMExecutionEngine.dir/ExecutionEngineBindings.cpp.o
[144/1907] Building CXX object lib/DebugInfo/LogicalView/CMakeFiles/LLVMDebugInfoLogicalView.dir/Core/LVOptions.cpp.o
[145/1907] Building CXX object lib/ExecutionEngine/JITLink/CMakeFiles/LLVMJITLink.dir/DWARFRecordSectionSplitter.cpp.o
[146/1907] Building CXX object lib/ExecutionEngine/JITLink/CMakeFiles/LLVMJITLink.dir/CompactUnwindSupport.cpp.o
[147/1907] Building CXX object lib/ExecutionEngine/Interpreter/CMakeFiles/LLVMInterpreter.dir/Interpreter.cpp.o
[148/1907] Building CXX object lib/ObjCopy/CMakeFiles/LLVMObjCopy.dir/ELF/ELFObject.cpp.o
[149/1907] Linking CXX static library lib/libLLVMObjCopy.a
[150/1907] Building CXX object lib/ExecutionEngine/CMakeFiles/LLVMExecutionEngine.dir/ExecutionEngine.cpp.o
[151/1907] Building CXX object lib/DWP/CMakeFiles/LLVMDWP.dir/DWP.cpp.o
[152/1907] Building CXX object lib/ExecutionEngine/Interpreter/CMakeFiles/LLVMInterpreter.dir/ExternalFunctions.cpp.o
[153/1907] Linking CXX static library lib/libLLVMDWP.a
[154/1907] Building CXX object lib/ExecutionEngine/JITLink/CMakeFiles/LLVMJITLink.dir/MachO.cpp.o
[155/1907] Building CXX object lib/ExecutionEngine/JITLink/CMakeFiles/LLVMJITLink.dir/ELFLinkGraphBuilder.cpp.o
[156/1907] Building CXX object lib/ExecutionEngine/JITLink/CMakeFiles/LLVMJITLink.dir/ELF.cpp.o
[157/1907] Building CXX object lib/ExecutionEngine/JITLink/CMakeFiles/LLVMJITLink.dir/JITLinkGeneric.cpp.o
[158/1907] Building CXX object lib/ObjectYAML/CMakeFiles/LLVMObjectYAML.dir/ELFEmitter.cpp.o
[159/1907] Building CXX object lib/DebugInfo/LogicalView/CMakeFiles/LLVMDebugInfoLogicalView.dir/Readers/LVBinaryReader.cpp.o
[160/1907] Building CXX object lib/ExecutionEngine/JITLink/CMakeFiles/LLVMJITLink.dir/EHFrameSupport.cpp.o
[161/1907] Building CXX object lib/ExecutionEngine/JITLink/CMakeFiles/LLVMJITLink.dir/JITLinkMemoryManager.cpp.o
[162/1907] Building CXX object lib/DebugInfo/LogicalView/CMakeFiles/LLVMDebugInfoLogicalView.dir/Readers/LVDWARFReader.cpp.o
[163/1907] Building CXX object lib/ExecutionEngine/JITLink/CMakeFiles/LLVMJITLink.dir/JITLink.cpp.o
[164/1907] Building CXX object lib/DebugInfo/LogicalView/CMakeFiles/LLVMDebugInfoLogicalView.dir/LVReaderHandler.cpp.o
[165/1907] Building CXX object lib/ObjectYAML/CMakeFiles/LLVMObjectYAML.dir/ELFYAML.cpp.o
[166/1907] Building CXX object lib/ExecutionEngine/JITLink/CMakeFiles/LLVMJITLink.dir/COFF.cpp.o
[167/1907] Linking CXX static library lib/libLLVMObjectYAML.a
[168/1907] Building CXX object lib/DebugInfo/LogicalView/CMakeFiles/LLVMDebugInfoLogicalView.dir/Core/LVScope.cpp.o
[169/1907] Building CXX object lib/ExecutionEngine/JITLink/CMakeFiles/LLVMJITLink.dir/COFFDirectiveParser.cpp.o
[170/1907] Building CXX object lib/ExecutionEngine/JITLink/CMakeFiles/LLVMJITLink.dir/MachOLinkGraphBuilder.cpp.o
[171/1907] Building CXX object lib/ExecutionEngine/JITLink/CMakeFiles/LLVMJITLink.dir/MachO_arm64.cpp.o
[172/1907] Building CXX object lib/ExecutionEngine/Interpreter/CMakeFiles/LLVMInterpreter.dir/Execution.cpp.o
[173/1907] Building CXX object lib/ExecutionEngine/JITLink/CMakeFiles/LLVMJITLink.dir/riscv.cpp.o
[174/1907] Building CXX object lib/ExecutionEngine/JITLink/CMakeFiles/LLVMJITLink.dir/loongarch.cpp.o
[175/1907] Building CXX object lib/ExecutionEngine/JITLink/CMakeFiles/LLVMJITLink.dir/MachO_x86_64.cpp.o
[176/1907] Building CXX object lib/ExecutionEngine/Orc/CMakeFiles/LLVMOrcJIT.dir/AbsoluteSymbols.cpp.o
[177/1907] Building CXX object lib/ExecutionEngine/JITLink/CMakeFiles/LLVMJITLink.dir/ppc64.cpp.o
[178/1907] Building CXX object lib/ExecutionEngine/JITLink/CMakeFiles/LLVMJITLink.dir/i386.cpp.o
[179/1907] Building CXX object lib/DebugInfo/LogicalView/CMakeFiles/LLVMDebugInfoLogicalView.dir/Readers/LVCodeViewReader.cpp.o
[180/1907] Building CXX object lib/ExecutionEngine/JITLink/CMakeFiles/LLVMJITLink.dir/x86_64.cpp.o
[181/1907] Building CXX object lib/ExecutionEngine/JITLink/CMakeFiles/LLVMJITLink.dir/aarch32.cpp.o
[182/1907] Building CXX object lib/ExecutionEngine/JITLink/CMakeFiles/LLVMJITLink.dir/ELF_aarch32.cpp.o
[183/1907] Building CXX object lib/ExecutionEngine/JITLink/CMakeFiles/LLVMJITLink.dir/COFF_x86_64.cpp.o
[184/1907] Building CXX object lib/ExecutionEngine/JITLink/CMakeFiles/LLVMJITLink.dir/COFFLinkGraphBuilder.cpp.o
[185/1907] Building CXX object lib/ExecutionEngine/JITLink/CMakeFiles/LLVMJITLink.dir/aarch64.cpp.o
[186/1907] Building CXX object lib/DebugInfo/LogicalView/CMakeFiles/LLVMDebugInfoLogicalView.dir/Readers/LVCodeViewVisitor.cpp.o
[187/1907] Linking CXX static library lib/libLLVMDebugInfoLogicalView.a
[188/1907] Building CXX object lib/ExecutionEngine/JITLink/CMakeFiles/LLVMJITLink.dir/ELF_i386.cpp.o
[189/1907] Building CXX object lib/ExecutionEngine/Orc/CMakeFiles/LLVMOrcJIT.dir/EPCDebugObjectRegistrar.cpp.o
[190/1907] Building CXX object lib/ExecutionEngine/JITLink/CMakeFiles/LLVMJITLink.dir/ELF_x86_64.cpp.o
[191/1907] Building CXX object lib/ExecutionEngine/MCJIT/CMakeFiles/LLVMMCJIT.dir/MCJIT.cpp.o
[192/1907] Building CXX object lib/ExecutionEngine/JITLink/CMakeFiles/LLVMJITLink.dir/ELF_loongarch.cpp.o
[193/1907] Building CXX object lib/ExecutionEngine/Orc/CMakeFiles/LLVMOrcJIT.dir/EPCDynamicLibrarySearchGenerator.cpp.o
[194/1907] Building CXX object lib/ExecutionEngine/Orc/CMakeFiles/LLVMOrcJIT.dir/CompileOnDemandLayer.cpp.o
[195/1907] Building CXX object lib/ExecutionEngine/Orc/CMakeFiles/LLVMOrcJIT.dir/EPCGenericDylibManager.cpp.o
[196/1907] Building CXX object lib/ExecutionEngine/JITLink/CMakeFiles/LLVMJITLink.dir/ELF_ppc64.cpp.o
[197/1907] Building CXX object lib/ExecutionEngine/Orc/CMakeFiles/LLVMOrcJIT.dir/DebugUtils.cpp.o
[198/1907] Building CXX object lib/ExecutionEngine/Orc/CMakeFiles/LLVMOrcJIT.dir/EPCEHFrameRegistrar.cpp.o
[199/1907] Building CXX object lib/ExecutionEngine/Orc/CMakeFiles/LLVMOrcJIT.dir/EHFrameRegistrationPlugin.cpp.o
[200/1907] Building CXX object lib/ExecutionEngine/JITLink/CMakeFiles/LLVMJITLink.dir/ELF_aarch64.cpp.o
[201/1907] Building CXX object lib/ExecutionEngine/Orc/CMakeFiles/LLVMOrcJIT.dir/COFFVCRuntimeSupport.cpp.o
[202/1907] Building CXX object lib/ExecutionEngine/Orc/CMakeFiles/LLVMOrcJIT.dir/CompileUtils.cpp.o
[203/1907] Building CXX object lib/ExecutionEngine/Orc/CMakeFiles/LLVMOrcJIT.dir/JITTargetMachineBuilder.cpp.o
[204/1907] Building CXX object lib/ExecutionEngine/Orc/CMakeFiles/LLVMOrcJIT.dir/LoadLinkableFile.cpp.o
[205/1907] Building CXX object lib/ExecutionEngine/Orc/CMakeFiles/LLVMOrcJIT.dir/IRCompileLayer.cpp.o
[206/1907] Building CXX object lib/ExecutionEngine/Orc/CMakeFiles/LLVMOrcJIT.dir/EPCGenericRTDyldMemoryManager.cpp.o
[207/1907] Building CXX object lib/ExecutionEngine/JITLink/CMakeFiles/LLVMJITLink.dir/ELF_riscv.cpp.o
[208/1907] Building CXX object lib/ExecutionEngine/Orc/CMakeFiles/LLVMOrcJIT.dir/IRTransformLayer.cpp.o
[209/1907] Building CXX object lib/ExecutionEngine/Orc/CMakeFiles/LLVMOrcJIT.dir/EPCGenericJITLinkMemoryManager.cpp.o
[210/1907] Building CXX object lib/ExecutionEngine/Orc/CMakeFiles/LLVMOrcJIT.dir/OrcABISupport.cpp.o
[211/1907] Building CXX object lib/ExecutionEngine/Orc/CMakeFiles/LLVMOrcJIT.dir/ObjectFileInterface.cpp.o
[212/1907] Building CXX object lib/ExecutionEngine/Orc/CMakeFiles/LLVMOrcJIT.dir/EPCIndirectionUtils.cpp.o
[213/1907] Building CXX object lib/ExecutionEngine/Orc/CMakeFiles/LLVMOrcJIT.dir/LinkGraphLayer.cpp.o
[214/1907] Building CXX object lib/ExecutionEngine/Orc/CMakeFiles/LLVMOrcJIT.dir/LookupAndRecordAddrs.cpp.o
[215/1907] Building CXX object lib/ExecutionEngine/Orc/CMakeFiles/LLVMOrcJIT.dir/DebugObjectManagerPlugin.cpp.o
[216/1907] Building CXX object lib/ExecutionEngine/Orc/CMakeFiles/LLVMOrcJIT.dir/LazyObjectLinkingLayer.cpp.o
[217/1907] Building CXX object lib/ExecutionEngine/Orc/CMakeFiles/LLVMOrcJIT.dir/ObjectTransformLayer.cpp.o
[218/1907] Building CXX object lib/ExecutionEngine/Orc/CMakeFiles/LLVMOrcJIT.dir/Layer.cpp.o
[219/1907] Building CXX object lib/ExecutionEngine/Orc/CMakeFiles/LLVMOrcJIT.dir/IRPartitionLayer.cpp.o
[220/1907] Building CXX object lib/ExecutionEngine/Orc/CMakeFiles/LLVMOrcJIT.dir/TaskDispatch.cpp.o
[221/1907] Building CXX object lib/ExecutionEngine/Orc/CMakeFiles/LLVMOrcJIT.dir/MachO.cpp.o
[222/1907] Building CXX object lib/ExecutionEngine/Orc/CMakeFiles/LLVMOrcJIT.dir/MapperJITLinkMemoryManager.cpp.o
[223/1907] Building CXX object lib/ExecutionEngine/Orc/CMakeFiles/LLVMOrcJIT.dir/Mangling.cpp.o
[224/1907] Building CXX object lib/ExecutionEngine/Orc/CMakeFiles/LLVMOrcJIT.dir/ObjectLinkingLayer.cpp.o
[225/1907] Building CXX object lib/ExecutionEngine/Orc/CMakeFiles/LLVMOrcJIT.dir/JITLinkReentryTrampolines.cpp.o
[226/1907] Building CXX object lib/ExecutionEngine/Orc/CMakeFiles/LLVMOrcJIT.dir/ExecutorProcessControl.cpp.o
[227/1907] Building CXX object lib/ExecutionEngine/Orc/CMakeFiles/LLVMOrcJIT.dir/COFFPlatform.cpp.o
[228/1907] Building CXX object lib/ExecutionEngine/Orc/CMakeFiles/LLVMOrcJIT.dir/MemoryMapper.cpp.o
[229/1907] Building CXX object lib/ExecutionEngine/Orc/Shared/CMakeFiles/LLVMOrcShared.dir/ObjectFormats.cpp.o
[230/1907] Building CXX object lib/ExecutionEngine/Orc/Shared/CMakeFiles/LLVMOrcShared.dir/MachOObjectFormat.cpp.o
[231/1907] Building CXX object lib/ExecutionEngine/Orc/CMakeFiles/LLVMOrcJIT.dir/ExecutionUtils.cpp.o
[232/1907] Building CXX object lib/ExecutionEngine/Orc/Shared/CMakeFiles/LLVMOrcShared.dir/AllocationActions.cpp.o
[233/1907] Building CXX object lib/ExecutionEngine/Orc/Shared/CMakeFiles/LLVMOrcShared.dir/OrcError.cpp.o
[234/1907] Building CXX object lib/ExecutionEngine/Orc/CMakeFiles/LLVMOrcJIT.dir/SectCreate.cpp.o
[235/1907] Building CXX object lib/ExecutionEngine/Orc/Shared/CMakeFiles/LLVMOrcShared.dir/SymbolStringPool.cpp.o
[236/1907] Building CXX object lib/ExecutionEngine/Orc/CMakeFiles/LLVMOrcJIT.dir/RedirectionManager.cpp.o
[237/1907] Building CXX object lib/ExecutionEngine/Orc/Shared/CMakeFiles/LLVMOrcShared.dir/OrcRTBridge.cpp.o
[238/1907] Building CXX object lib/ExecutionEngine/Orc/CMakeFiles/LLVMOrcJIT.dir/ThreadSafeModule.cpp.o
[239/1907] Building CXX object lib/ExecutionEngine/Orc/Shared/CMakeFiles/LLVMOrcShared.dir/SimpleRemoteEPCUtils.cpp.o
[240/1907] Linking CXX static library lib/libLLVMOrcShared.a
[241/1907] Building CXX object lib/ExecutionEngine/Orc/CMakeFiles/LLVMOrcJIT.dir/LinkGraphLinkingLayer.cpp.o
[242/1907] Building CXX object lib/ExecutionEngine/Orc/CMakeFiles/LLVMOrcJIT.dir/RTDyldObjectLinkingLayer.cpp.o
[243/1907] Building CXX object lib/ExecutionEngine/Orc/CMakeFiles/LLVMOrcJIT.dir/SimpleRemoteEPC.cpp.o
[244/1907] Building CXX object lib/ExecutionEngine/Orc/TargetProcess/CMakeFiles/LLVMOrcTargetProcess.dir/DefaultHostBootstrapValues.cpp.o
[245/1907] Building CXX object lib/ExecutionEngine/Orc/CMakeFiles/LLVMOrcJIT.dir/Speculation.cpp.o
[246/1907] Building CXX object lib/ExecutionEngine/Orc/TargetProcess/CMakeFiles/LLVMOrcTargetProcess.dir/JITLoaderVTune.cpp.o
[247/1907] Building CXX object lib/ExecutionEngine/Orc/TargetProcess/CMakeFiles/LLVMOrcTargetProcess.dir/RegisterEHFrames.cpp.o
[248/1907] Building CXX object lib/ExecutionEngine/Orc/TargetProcess/CMakeFiles/LLVMOrcTargetProcess.dir/TargetExecutionUtils.cpp.o
[249/1907] Building CXX object lib/ExecutionEngine/Orc/TargetProcess/CMakeFiles/LLVMOrcTargetProcess.dir/JITLoaderGDB.cpp.o
[250/1907] Building CXX object lib/ExecutionEngine/Orc/CMakeFiles/LLVMOrcJIT.dir/LazyReexports.cpp.o
[251/1907] Building CXX object lib/ExecutionEngine/Orc/CMakeFiles/LLVMOrcJIT.dir/JITLinkRedirectableSymbolManager.cpp.o
[252/1907] Building CXX object lib/ExecutionEngine/Orc/TargetProcess/CMakeFiles/LLVMOrcTargetProcess.dir/JITLoaderPerf.cpp.o
[253/1907] Building CXX object lib/ExecutionEngine/Orc/TargetProcess/CMakeFiles/LLVMOrcTargetProcess.dir/ExecutorSharedMemoryMapperService.cpp.o
[254/1907] Building Options.inc...
[255/1907] Building CXX object lib/ExecutionEngine/Orc/TargetProcess/CMakeFiles/LLVMOrcTargetProcess.dir/OrcRTBootstrap.cpp.o
[256/1907] Building CXX object lib/ExecutionEngine/Orc/CMakeFiles/LLVMOrcJIT.dir/IndirectionUtils.cpp.o
[257/1907] Building CXX object lib/ExecutionEngine/Orc/TargetProcess/CMakeFiles/LLVMOrcTargetProcess.dir/UnwindInfoManager.cpp.o
/work/src/llvm/lib/ExecutionEngine/Orc/TargetProcess/UnwindInfoManager.cpp:53:20: warning: unused variable 'AddFnName' [-Wunused-variable]
   53 | static const char *AddFnName = "__unw_add_find_dynamic_unwind_sections";
      |                    ^~~~~~~~~
1 warning generated.
[258/1907] Building CXX object lib/ExecutionEngine/Orc/CMakeFiles/LLVMOrcJIT.dir/UnwindInfoRegistrationPlugin.cpp.o
[259/1907] Building CXX object lib/ExecutionEngine/RuntimeDyld/CMakeFiles/LLVMRuntimeDyld.dir/RTDyldMemoryManager.cpp.o
[260/1907] Building CXX object lib/ExecutionEngine/Orc/TargetProcess/CMakeFiles/LLVMOrcTargetProcess.dir/SimpleExecutorDylibManager.cpp.o
[261/1907] Building CXX object lib/ExecutionEngine/Orc/Debugging/CMakeFiles/LLVMOrcDebugging.dir/DebugInfoSupport.cpp.o
[262/1907] Building CXX object lib/ExecutionEngine/Orc/TargetProcess/CMakeFiles/LLVMOrcTargetProcess.dir/SimpleExecutorMemoryManager.cpp.o
[263/1907] Building CXX object lib/ExecutionEngine/Orc/TargetProcess/CMakeFiles/LLVMOrcTargetProcess.dir/SimpleRemoteEPCServer.cpp.o
[264/1907] Linking CXX static library lib/libLLVMOrcTargetProcess.a
[265/1907] Linking CXX static library lib/libLLVMJITLink.a
[266/1907] Building CXX object lib/XRay/CMakeFiles/LLVMXRay.dir/BlockIndexer.cpp.o
[267/1907] Building CXX object lib/Telemetry/CMakeFiles/LLVMTelemetry.dir/Telemetry.cpp.o
[268/1907] Building CXX object lib/LineEditor/CMakeFiles/LLVMLineEditor.dir/LineEditor.cpp.o
[269/1907] Linking CXX static library lib/libLLVMTelemetry.a
[270/1907] Linking CXX static library lib/libLLVMLineEditor.a
[271/1907] Building CXX object lib/XRay/CMakeFiles/LLVMXRay.dir/BlockPrinter.cpp.o
[272/1907] Building CXX object lib/ExecutionEngine/RuntimeDyld/CMakeFiles/LLVMRuntimeDyld.dir/Targets/RuntimeDyldELFMips.cpp.o
[273/1907] Building CXX object lib/ExecutionEngine/Orc/CMakeFiles/LLVMOrcJIT.dir/OrcV2CBindings.cpp.o
[274/1907] Building CXX object lib/XRay/CMakeFiles/LLVMXRay.dir/BlockVerifier.cpp.o
[275/1907] Building CXX object lib/ExecutionEngine/Orc/CMakeFiles/LLVMOrcJIT.dir/ReOptimizeLayer.cpp.o
[276/1907] Building CXX object lib/ExecutionEngine/Orc/Debugging/CMakeFiles/LLVMOrcDebugging.dir/DebuggerSupport.cpp.o
[277/1907] Building CXX object utils/FileCheck/CMakeFiles/FileCheck.dir/FileCheck.cpp.o
[278/1907] Building CXX object lib/XRay/CMakeFiles/LLVMXRay.dir/FileHeaderReader.cpp.o
[279/1907] Building C object utils/count/CMakeFiles/count.dir/count.c.o
[280/1907] Linking CXX executable bin/count
[281/1907] Building CXX object lib/XRay/CMakeFiles/LLVMXRay.dir/FDRRecords.cpp.o
[282/1907] Building CXX object utils/not/CMakeFiles/not.dir/not.cpp.o
[283/1907] Linking CXX executable bin/FileCheck
[284/1907] Linking CXX executable bin/not
[285/1907] Building CXX object lib/XRay/CMakeFiles/LLVMXRay.dir/FDRRecordProducer.cpp.o
[286/1907] Building CXX object lib/XRay/CMakeFiles/LLVMXRay.dir/FDRTraceWriter.cpp.o
[287/1907] Building CXX object lib/XRay/CMakeFiles/LLVMXRay.dir/LogBuilderConsumer.cpp.o
[288/1907] Creating export file for LTO
[289/1907] Building CXX object lib/XRay/CMakeFiles/LLVMXRay.dir/FDRTraceExpander.cpp.o
[290/1907] Building CXX object lib/ExecutionEngine/Orc/CMakeFiles/LLVMOrcJIT.dir/ELFNixPlatform.cpp.o
[291/1907] Building CXX object lib/ExecutionEngine/RuntimeDyld/CMakeFiles/LLVMRuntimeDyld.dir/JITSymbol.cpp.o
[292/1907] Building CXX object tools/lto/CMakeFiles/LTO.dir/LTODisassembler.cpp.o
[293/1907] Building CXX object tools/llvm-config/CMakeFiles/llvm-config.dir/llvm-config.cpp.o
[294/1907] Building CXX object lib/ToolDrivers/llvm-dlltool/CMakeFiles/LLVMDlltoolDriver.dir/DlltoolDriver.cpp.o
[295/1907] Building CXX object lib/ExecutionEngine/RuntimeDyld/CMakeFiles/LLVMRuntimeDyld.dir/RuntimeDyldCOFF.cpp.o
[296/1907] Linking CXX static library lib/libLLVMDlltoolDriver.a
[297/1907] Linking CXX executable bin/llvm-config
[298/1907] Building CXX object lib/Target/RISCV/MCA/CMakeFiles/LLVMRISCVTargetMCA.dir/RISCVCustomBehaviour.cpp.o
[299/1907] Building CXX object lib/ExecutionEngine/Orc/Debugging/CMakeFiles/LLVMOrcDebugging.dir/DebuggerSupportPlugin.cpp.o
[300/1907] Linking CXX static library lib/libLLVMRISCVTargetMCA.a
[301/1907] Building CXX object lib/ExecutionEngine/Orc/Debugging/CMakeFiles/LLVMOrcDebugging.dir/VTuneSupportPlugin.cpp.o
[302/1907] Building CXX object lib/ExecutionEngine/Orc/Debugging/CMakeFiles/LLVMOrcDebugging.dir/PerfSupportPlugin.cpp.o
[303/1907] Building CXX object lib/ExecutionEngine/Orc/CMakeFiles/LLVMOrcJIT.dir/SpeculateAnalyses.cpp.o
[304/1907] Building CXX object lib/XRay/CMakeFiles/LLVMXRay.dir/RecordInitializer.cpp.o
[305/1907] Building CXX object lib/ExecutionEngine/Orc/Debugging/CMakeFiles/LLVMOrcDebugging.dir/LLJITUtilsCBindings.cpp.o
[306/1907] Creating export file for SampleAnalyzerPlugin
[307/1907] Building CXX object lib/ExecutionEngine/RuntimeDyld/CMakeFiles/LLVMRuntimeDyld.dir/RuntimeDyldMachO.cpp.o
[308/1907] Creating export file for CheckerDependencyHandlingAnalyzerPlugin
[309/1907] Building CXX object tools/llvm-ar/CMakeFiles/llvm-ar.dir/llvm-ar-driver.cpp.o
[310/1907] Building CXX object lib/ExecutionEngine/RuntimeDyld/CMakeFiles/LLVMRuntimeDyld.dir/RuntimeDyldChecker.cpp.o
[311/1907] Building CXX object lib/XRay/CMakeFiles/LLVMXRay.dir/RecordPrinter.cpp.o
[312/1907] Creating export file for CheckerOptionHandlingAnalyzerPlugin
[313/1907] Bundling HTMLLogger resources
[314/1907] Building CXX object lib/ExecutionEngine/Orc/CMakeFiles/LLVMOrcJIT.dir/Core.cpp.o
[315/1907] Building CXX object lib/ExecutionEngine/Orc/CMakeFiles/LLVMOrcJIT.dir/MachOPlatform.cpp.o
[316/1907] Building CXX object lib/Testing/Annotations/CMakeFiles/LLVMTestingAnnotations.dir/Annotations.cpp.o
[317/1907] Building CXX object tools/llvm-profdata/CMakeFiles/llvm-profdata.dir/llvm-profdata-driver.cpp.o
[318/1907] Linking CXX static library lib/libLLVMTestingAnnotations.a
[319/1907] Building CXX object utils/split-file/CMakeFiles/split-file.dir/split-file.cpp.o
[320/1907] Building CXX object lib/Testing/Support/CMakeFiles/LLVMTestingSupport.dir/Error.cpp.o
[321/1907] Linking CXX executable bin/split-file
[322/1907] Building CXX object third-party/unittest/UnitTestMain/CMakeFiles/llvm_gtest_main.dir/TestMain.cpp.o
[323/1907] Building CXX object lib/Testing/Support/CMakeFiles/LLVMTestingSupport.dir/SupportHelpers.cpp.o
[324/1907] Building CXX object utils/yaml-bench/CMakeFiles/yaml-bench.dir/YAMLBench.cpp.o
[325/1907] Linking CXX executable bin/yaml-bench
[326/1907] Building CXX object lib/XRay/CMakeFiles/LLVMXRay.dir/Profile.cpp.o
[327/1907] Building CXX object lib/ExecutionEngine/Orc/CMakeFiles/LLVMOrcJIT.dir/LLJIT.cpp.o
[328/1907] Building CXX object lib/XRay/CMakeFiles/LLVMXRay.dir/InstrumentationMap.cpp.o
[329/1907] Building CXX object lib/XRay/CMakeFiles/LLVMXRay.dir/Trace.cpp.o
[330/1907] Linking CXX static library lib/libLLVMXRay.a
[331/1907] Building CXX object tools/llvm-ctxprof-util/CMakeFiles/llvm-ctxprof-util.dir/llvm-ctxprof-util.cpp.o
[332/1907] Building CXX object lib/ExecutionEngine/RuntimeDyld/CMakeFiles/LLVMRuntimeDyld.dir/RuntimeDyld.cpp.o
[333/1907] Linking CXX executable bin/llvm-ctxprof-util
[334/1907] Building CXX object tools/clang/lib/Analysis/FlowSensitive/CMakeFiles/obj.clangAnalysisFlowSensitive.dir/Formula.cpp.o
[335/1907] Building CXX object tools/clang/lib/Analysis/FlowSensitive/CMakeFiles/obj.clangAnalysisFlowSensitive.dir/CNFFormula.cpp.o
[336/1907] Building CXX object third-party/unittest/CMakeFiles/llvm_gtest.dir/googlemock/src/gmock-all.cc.o
[337/1907] Building CXX object tools/llvm-ar/CMakeFiles/llvm-ar.dir/llvm-ar.cpp.o
[338/1907] Building CXX object tools/clang/lib/Analysis/FlowSensitive/CMakeFiles/obj.clangAnalysisFlowSensitive.dir/Arena.cpp.o
[339/1907] Linking CXX executable bin/llvm-ar
[340/1907] Generating ../../bin/llvm-ranlib
[341/1907] Generating ../../bin/llvm-lib
[342/1907] Generating ../../bin/llvm-dlltool
[343/1907] Building CXX object tools/clang/lib/Analysis/FlowSensitive/CMakeFiles/obj.clangAnalysisFlowSensitive.dir/WatchedLiteralsSolver.cpp.o
[344/1907] Building CXX object tools/clang/lib/Analysis/FlowSensitive/CMakeFiles/obj.clangAnalysisFlowSensitive.dir/Value.cpp.o
[345/1907] Building CXX object tools/clang/lib/Analysis/FlowSensitive/CMakeFiles/obj.clangAnalysisFlowSensitive.dir/SimplifyConstraints.cpp.o
[346/1907] Building CXX object tools/clang/lib/Analysis/FlowSensitive/CMakeFiles/obj.clangAnalysisFlowSensitive.dir/DebugSupport.cpp.o
[347/1907] Building CXX object tools/clang/lib/Tooling/CMakeFiles/obj.clangTooling.dir/ArgumentsAdjusters.cpp.o
[348/1907] Building CXX object tools/clang/lib/Tooling/CMakeFiles/obj.clangTooling.dir/FileMatchTrie.cpp.o
[349/1907] Building CXX object tools/clang/lib/Analysis/FlowSensitive/CMakeFiles/obj.clangAnalysisFlowSensitive.dir/ASTOps.cpp.o
[350/1907] Building CXX object lib/ExecutionEngine/RuntimeDyld/CMakeFiles/LLVMRuntimeDyld.dir/RuntimeDyldELF.cpp.o
[351/1907] Building CXX object tools/clang/lib/Analysis/FlowSensitive/CMakeFiles/obj.clangAnalysisFlowSensitive.dir/Logger.cpp.o
[352/1907] Linking CXX static library lib/libLLVMRuntimeDyld.a
[353/1907] Linking CXX static library lib/libLLVMExecutionEngine.a
[354/1907] Linking CXX static library lib/libLLVMInterpreter.a
[355/1907] Linking CXX static library lib/libLLVMMCJIT.a
[356/1907] Building CXX object tools/clang/lib/Analysis/FlowSensitive/CMakeFiles/obj.clangAnalysisFlowSensitive.dir/AdornedCFG.cpp.o
[357/1907] Linking CXX static library lib/libLLVMOrcJIT.a
[358/1907] Linking CXX static library lib/libLLVMOrcDebugging.a
[359/1907] Building CXX object tools/clang/lib/Analysis/FlowSensitive/CMakeFiles/obj.clangAnalysisFlowSensitive.dir/RecordOps.cpp.o
[360/1907] Building CXX object tools/clang/lib/Analysis/plugins/SampleAnalyzer/CMakeFiles/SampleAnalyzerPlugin.dir/MainCallChecker.cpp.o
[361/1907] Building CXX object tools/clang/lib/Analysis/plugins/CheckerDependencyHandling/CMakeFiles/CheckerDependencyHandlingAnalyzerPlugin.dir/CheckerDependencyHandling.cpp.o
[362/1907] Building CXX object tools/clang/lib/Analysis/FlowSensitive/CMakeFiles/obj.clangAnalysisFlowSensitive.dir/DataflowAnalysisContext.cpp.o
[363/1907] Building CXX object third-party/unittest/CMakeFiles/llvm_gtest.dir/googletest/src/gtest-all.cc.o
[364/1907] Building CXX object tools/clang/lib/Tooling/CMakeFiles/obj.clangTooling.dir/FixIt.cpp.o
[365/1907] Linking CXX static library lib/libllvm_gtest.a
[366/1907] Linking CXX shared module lib/SampleAnalyzerPlugin.so
[367/1907] Linking CXX static library lib/libLLVMTestingSupport.a
[368/1907] Linking CXX static library lib/libllvm_gtest_main.a
[369/1907] Building CXX object tools/lto/CMakeFiles/LTO.dir/lto.cpp.o
[370/1907] Building CXX object tools/clang/lib/ASTMatchers/Dynamic/CMakeFiles/obj.clangDynamicASTMatchers.dir/Marshallers.cpp.o
[371/1907] Linking CXX shared module lib/CheckerDependencyHandlingAnalyzerPlugin.so
[372/1907] Building CXX object tools/clang/lib/Analysis/plugins/CheckerOptionHandling/CMakeFiles/CheckerOptionHandlingAnalyzerPlugin.dir/CheckerOptionHandling.cpp.o
[373/1907] Linking CXX shared library lib/libLTO.so.20.1
[374/1907] Creating library symlink lib/libLTO.so
[375/1907] Building CXX object tools/clang/lib/ASTMatchers/Dynamic/CMakeFiles/obj.clangDynamicASTMatchers.dir/Diagnostics.cpp.o
[376/1907] Building CXX object tools/clang/lib/Analysis/FlowSensitive/CMakeFiles/obj.clangAnalysisFlowSensitive.dir/HTMLLogger.cpp.o
[377/1907] Linking CXX shared module lib/CheckerOptionHandlingAnalyzerPlugin.so
[378/1907] Building CXX object tools/clang/lib/Tooling/CMakeFiles/obj.clangTooling.dir/InterpolatingCompilationDatabase.cpp.o
[379/1907] Building CXX object tools/clang/lib/ASTMatchers/Dynamic/CMakeFiles/obj.clangDynamicASTMatchers.dir/Parser.cpp.o
[380/1907] Building CXX object tools/clang/lib/ASTMatchers/Dynamic/CMakeFiles/obj.clangDynamicASTMatchers.dir/VariantValue.cpp.o
[381/1907] Building CXX object tools/clang/lib/Analysis/FlowSensitive/Models/CMakeFiles/obj.clangAnalysisFlowSensitiveModels.dir/ChromiumCheckModel.cpp.o
[382/1907] Building CXX object tools/clang/lib/Tooling/Refactoring/CMakeFiles/obj.clangToolingRefactoring.dir/Rename/SymbolOccurrences.cpp.o
[383/1907] Building CXX object tools/clang/lib/Analysis/FlowSensitive/CMakeFiles/obj.clangAnalysisFlowSensitive.dir/SmartPointerAccessorCaching.cpp.o
[384/1907] Building CXX object tools/clang/lib/Tooling/CMakeFiles/obj.clangTooling.dir/AllTUsExecution.cpp.o
[385/1907] Building CXX object tools/llvm-lto/CMakeFiles/llvm-lto.dir/llvm-lto.cpp.o
[386/1907] Building CXX object tools/clang/lib/Analysis/FlowSensitive/CMakeFiles/obj.clangAnalysisFlowSensitive.dir/DataflowEnvironment.cpp.o
[387/1907] Building CXX object tools/clang/lib/Tooling/CMakeFiles/obj.clangTooling.dir/Execution.cpp.o
[388/1907] Linking CXX executable bin/llvm-lto
[389/1907] Building CXX object tools/clang/lib/Tooling/Inclusions/Stdlib/CMakeFiles/obj.clangToolingInclusionsStdlib.dir/StandardLibrary.cpp.o
[390/1907] Linking CXX static library lib/libclangToolingInclusionsStdlib.a
[391/1907] Building CXX object tools/clang/lib/Tooling/Syntax/CMakeFiles/obj.clangToolingSyntax.dir/Nodes.cpp.o
[392/1907] Building CXX object tools/clang/lib/Tooling/Refactoring/CMakeFiles/obj.clangToolingRefactoring.dir/Lookup.cpp.o
[393/1907] Building CXX object tools/clang/lib/Tooling/CMakeFiles/obj.clangTooling.dir/CompilationDatabase.cpp.o
[394/1907] Building CXX object tools/clang/lib/Tooling/Refactoring/CMakeFiles/obj.clangToolingRefactoring.dir/Extract/SourceExtraction.cpp.o
[395/1907] Building CXX object tools/clang/lib/Tooling/Refactoring/CMakeFiles/obj.clangToolingRefactoring.dir/Extract/Extract.cpp.o
[396/1907] Building CXX object tools/clang/lib/Tooling/Refactoring/CMakeFiles/obj.clangToolingRefactoring.dir/ASTSelectionRequirements.cpp.o
[397/1907] Building CXX object tools/clang/lib/Tooling/CMakeFiles/obj.clangTooling.dir/CommonOptionsParser.cpp.o
[398/1907] Building CXX object tools/clang/lib/Tooling/CMakeFiles/obj.clangTooling.dir/ExpandResponseFilesCompilationDatabase.cpp.o
[399/1907] Building CXX object tools/clang/lib/Tooling/Syntax/CMakeFiles/obj.clangToolingSyntax.dir/ComputeReplacements.cpp.o
[400/1907] Building CXX object tools/clang/lib/Analysis/FlowSensitive/CMakeFiles/obj.clangAnalysisFlowSensitive.dir/Transfer.cpp.o
[401/1907] Building CXX object tools/clang/lib/Tooling/CMakeFiles/obj.clangTooling.dir/GuessTargetAndModeCompilationDatabase.cpp.o
[402/1907] Building CXX object tools/clang/lib/Analysis/FlowSensitive/CMakeFiles/obj.clangAnalysisFlowSensitive.dir/TypeErasedDataflowAnalysis.cpp.o
[403/1907] Building CXX object tools/clang/lib/Tooling/Syntax/CMakeFiles/obj.clangToolingSyntax.dir/TokenBufferTokenManager.cpp.o
[404/1907] Linking CXX static library lib/libclangAnalysisFlowSensitive.a
[405/1907] Building CXX object tools/clang/lib/Tooling/Syntax/CMakeFiles/obj.clangToolingSyntax.dir/Tree.cpp.o
[406/1907] Building CXX object tools/clang/lib/Tooling/CMakeFiles/obj.clangTooling.dir/JSONCompilationDatabase.cpp.o
[407/1907] Building CXX object tools/clang/lib/Tooling/Syntax/CMakeFiles/obj.clangToolingSyntax.dir/Mutations.cpp.o
[408/1907] Building CXX object tools/clang/lib/Tooling/CMakeFiles/obj.clangTooling.dir/Refactoring.cpp.o
[409/1907] Building CXX object tools/clang/lib/Tooling/CMakeFiles/obj.clangTooling.dir/LocateToolCompilationDatabase.cpp.o
[410/1907] Building CXX object tools/clang/lib/Tooling/DependencyScanning/CMakeFiles/obj.clangDependencyScanning.dir/DependencyScanningService.cpp.o
[411/1907] Building CXX object tools/clang/lib/Tooling/DependencyScanning/CMakeFiles/obj.clangDependencyScanning.dir/DependencyScanningFilesystem.cpp.o
[412/1907] Building CXX object tools/clang/lib/DirectoryWatcher/CMakeFiles/obj.clangDirectoryWatcher.dir/DirectoryScanner.cpp.o
[413/1907] Building CXX object tools/clang/lib/Testing/CMakeFiles/clangTesting.dir/CommandLineArgs.cpp.o
[414/1907] Building CXX object tools/clang/lib/DirectoryWatcher/CMakeFiles/obj.clangDirectoryWatcher.dir/linux/DirectoryWatcher-linux.cpp.o
[415/1907] Linking CXX static library lib/libclangDirectoryWatcher.a
[416/1907] Building CXX object tools/llvm-profdata/CMakeFiles/llvm-profdata.dir/llvm-profdata.cpp.o
[417/1907] Building CXX object tools/clang/lib/Tooling/Syntax/CMakeFiles/obj.clangToolingSyntax.dir/Synthesis.cpp.o
[418/1907] Linking CXX executable bin/llvm-profdata
[419/1907] Building CXX object tools/clang/lib/Tooling/CMakeFiles/obj.clangTooling.dir/StandaloneExecution.cpp.o
[420/1907] Building CXX object tools/clang/lib/Tooling/Refactoring/CMakeFiles/obj.clangToolingRefactoring.dir/AtomicChange.cpp.o
[421/1907] Building CXX object tools/clang/lib/Tooling/CMakeFiles/obj.clangTooling.dir/Tooling.cpp.o
[422/1907] Building CXX object tools/clang/lib/Tooling/Syntax/CMakeFiles/obj.clangToolingSyntax.dir/Tokens.cpp.o
[423/1907] Building CXX object tools/clang/lib/Tooling/Refactoring/CMakeFiles/obj.clangToolingRefactoring.dir/RefactoringActions.cpp.o
[424/1907] Building CXX object tools/clang/tools/diagtool/CMakeFiles/diagtool.dir/diagtool_main.cpp.o
[425/1907] Building CXX object tools/clang/tools/diagtool/CMakeFiles/diagtool.dir/DiagTool.cpp.o
[426/1907] Building CXX object tools/clang/lib/Tooling/CMakeFiles/obj.clangTooling.dir/RefactoringCallbacks.cpp.o
[427/1907] Building CXX object tools/clang/lib/Tooling/Refactoring/CMakeFiles/obj.clangToolingRefactoring.dir/Rename/RenamingAction.cpp.o
[428/1907] Building CXX object tools/clang/lib/Analysis/FlowSensitive/Models/CMakeFiles/obj.clangAnalysisFlowSensitiveModels.dir/UncheckedOptionalAccessModel.cpp.o
[429/1907] Linking CXX static library lib/libclangTooling.a
[430/1907] Linking CXX static library lib/libclangAnalysisFlowSensitiveModels.a
[431/1907] Building CXX object tools/clang/lib/Tooling/Transformer/CMakeFiles/obj.clangTransformer.dir/SourceCode.cpp.o
[432/1907] Building CXX object tools/clang/tools/diagtool/CMakeFiles/diagtool.dir/FindDiagnosticID.cpp.o
[433/1907] Building CXX object tools/clang/tools/diagtool/CMakeFiles/diagtool.dir/DiagnosticNames.cpp.o
[434/1907] Building CXX object tools/clang/tools/diagtool/CMakeFiles/diagtool.dir/ListWarnings.cpp.o
[435/1907] Building CXX object tools/clang/tools/diagtool/CMakeFiles/diagtool.dir/TreeView.cpp.o
[436/1907] Building LinkerWrapperOpts.inc...
[437/1907] Building CXX object tools/clang/tools/apinotes-test/CMakeFiles/apinotes-test.dir/APINotesTest.cpp.o
[438/1907] Linking CXX executable bin/apinotes-test
[439/1907] Building NVLinkOpts.inc...
[440/1907] Building C object tools/clang/tools/clang-fuzzer/dictionary/CMakeFiles/clang-fuzzer-dictionary.dir/dictionary.c.o
[441/1907] Linking CXX executable bin/clang-fuzzer-dictionary
[442/1907] Building CXX object tools/clang/lib/Interpreter/CMakeFiles/obj.clangInterpreter.dir/IncrementalExecutor.cpp.o
[443/1907] Building CXX object tools/clang/lib/Interpreter/CMakeFiles/obj.clangInterpreter.dir/Value.cpp.o
[444/1907] Building Opts.inc...
[445/1907] Building CXX object tools/clang/lib/Tooling/Transformer/CMakeFiles/obj.clangTransformer.dir/SourceCodeBuilders.cpp.o
[446/1907] Building CXX object tools/clang/lib/Interpreter/CMakeFiles/obj.clangInterpreter.dir/DeviceOffload.cpp.o
[447/1907] Building SYCLLinkOpts.inc...
[448/1907] Building CXX object tools/clang/lib/Tooling/Transformer/CMakeFiles/obj.clangTransformer.dir/Parsing.cpp.o
[449/1907] Building InstallAPIOpts.inc...
[450/1907] Building CXX object tools/clang/lib/Tooling/Transformer/CMakeFiles/obj.clangTransformer.dir/RangeSelector.cpp.o
[451/1907] Building CXX object tools/clang/lib/Tooling/Transformer/CMakeFiles/obj.clangTransformer.dir/Transformer.cpp.o
[452/1907] Building CXX object tools/clang/lib/Tooling/Transformer/CMakeFiles/obj.clangTransformer.dir/Stencil.cpp.o
[453/1907] Building CXX object tools/clang/lib/Tooling/DependencyScanning/CMakeFiles/obj.clangDependencyScanning.dir/DependencyScanningTool.cpp.o
[454/1907] Building CXX object tools/clang/tools/clang-scan-deps/CMakeFiles/clang-scan-deps.dir/clang-scan-deps-driver.cpp.o
[455/1907] Building CXX object tools/clang/lib/Testing/CMakeFiles/clangTesting.dir/TestAST.cpp.o
[456/1907] Building CXX object tools/clang/tools/clang-offload-packager/CMakeFiles/clang-offload-packager.dir/ClangOffloadPackager.cpp.o
[457/1907] Linking CXX static library lib/libclangTesting.a
[458/1907] Building CXX object tools/clang/tools/clang-format/CMakeFiles/clang-format.dir/ClangFormat.cpp.o
[459/1907] Linking CXX executable bin/clang-offload-packager
[460/1907] Linking CXX executable bin/clang-format
[461/1907] Building CXX object tools/clang/tools/clang-installapi/CMakeFiles/clang-installapi.dir/clang-installapi-driver.cpp.o
[462/1907] Building C object tools/clang/tools/c-arcmt-test/CMakeFiles/c-arcmt-test.dir/c-arcmt-test.c.o
[463/1907] Building C object tools/clang/tools/c-index-test/CMakeFiles/c-index-test.dir/c-index-test.c.o
[464/1907] Building CXX object tools/clang/lib/Tooling/Transformer/CMakeFiles/obj.clangTransformer.dir/RewriteRule.cpp.o
[465/1907] Building CXX object tools/clang/tools/clang-offload-bundler/CMakeFiles/clang-offload-bundler.dir/ClangOffloadBundler.cpp.o
[466/1907] Linking CXX executable bin/clang-offload-bundler
[467/1907] Building CXX object tools/clang/tools/diagtool/CMakeFiles/diagtool.dir/ShowEnabledWarnings.cpp.o
[468/1907] Building CXX object tools/clang/lib/Interpreter/CMakeFiles/obj.clangInterpreter.dir/InterpreterUtils.cpp.o
[469/1907] Building CXX object tools/clang/lib/Tooling/Refactoring/CMakeFiles/obj.clangToolingRefactoring.dir/ASTSelection.cpp.o
[470/1907] Linking CXX executable bin/diagtool
[471/1907] Building CXX object tools/clang/lib/Tooling/DependencyScanning/CMakeFiles/obj.clangDependencyScanning.dir/DependencyScanningWorker.cpp.o
[472/1907] Building CXX object tools/clang/lib/Interpreter/CMakeFiles/obj.clangInterpreter.dir/IncrementalParser.cpp.o
[473/1907] Building CXX object tools/clang/lib/Tooling/DependencyScanning/CMakeFiles/obj.clangDependencyScanning.dir/ModuleDepCollector.cpp.o
[474/1907] Linking CXX static library lib/libclangDependencyScanning.a
[475/1907] Building CXX object tools/clang/lib/Interpreter/CMakeFiles/obj.clangInterpreter.dir/CodeCompletion.cpp.o
[476/1907] Building CXX object tools/clang/tools/libclang/CMakeFiles/libclang.dir/BuildSystem.cpp.o
[477/1907] Building CXX object tools/clang/lib/Interpreter/CMakeFiles/obj.clangInterpreter.dir/InterpreterValuePrinter.cpp.o
[478/1907] Building CXX object tools/clang/tools/clang-diff/CMakeFiles/clang-diff.dir/ClangDiff.cpp.o
[479/1907] Building CXX object tools/clang/tools/clang-refactor/CMakeFiles/clang-refactor.dir/TestSupport.cpp.o
[480/1907] Building CXX object tools/clang/tools/clang-import-test/CMakeFiles/clang-import-test.dir/clang-import-test.cpp.o
[481/1907] Building CXX object tools/clang/lib/Tooling/ASTDiff/CMakeFiles/obj.clangToolingASTDiff.dir/ASTDiff.cpp.o
[482/1907] Building CXX object tools/clang/lib/Tooling/Refactoring/CMakeFiles/obj.clangToolingRefactoring.dir/Rename/USRFindingAction.cpp.o
[483/1907] Linking CXX static library lib/libclangToolingASTDiff.a
[484/1907] Building CXX object tools/clang/tools/libclang/CMakeFiles/libclang.dir/CIndexer.cpp.o
[485/1907] Building CXX object tools/clang/lib/Tooling/Syntax/CMakeFiles/obj.clangToolingSyntax.dir/BuildTree.cpp.o
[486/1907] Linking CXX static library lib/libclangToolingSyntax.a
[487/1907] Building CXX object tools/clang/tools/libclang/CMakeFiles/libclang.dir/CIndexCXX.cpp.o
[488/1907] Linking CXX executable bin/clang-import-test
[489/1907] Building CXX object tools/clang/tools/libclang/CMakeFiles/libclang.dir/ARCMigrate.cpp.o
[490/1907] Linking CXX executable bin/clang-diff
[491/1907] Building CXX object tools/clang/tools/libclang/CMakeFiles/libclang.dir/CXCompilationDatabase.cpp.o
[492/1907] Building CXX object tools/clang/tools/clang-installapi/CMakeFiles/clang-installapi.dir/Options.cpp.o
[493/1907] Building CXX object tools/clang/tools/arcmt-test/CMakeFiles/arcmt-test.dir/arcmt-test.cpp.o
[494/1907] Building CXX object tools/clang/tools/libclang/CMakeFiles/libclang.dir/FatalErrorHandler.cpp.o
[495/1907] Building CXX object tools/clang/tools/clang-nvlink-wrapper/CMakeFiles/clang-nvlink-wrapper.dir/ClangNVLinkWrapper.cpp.o
[496/1907] Building CXX object tools/clang/lib/Tooling/Refactoring/CMakeFiles/obj.clangToolingRefactoring.dir/Rename/USRFinder.cpp.o
[497/1907] Linking CXX executable bin/arcmt-test
[498/1907] Building CXX object tools/clang/tools/libclang/CMakeFiles/libclang.dir/CIndexDiagnostic.cpp.o
[499/1907] Building CXX object tools/clang/tools/libclang/CMakeFiles/libclang.dir/CXLoadedDiagnostic.cpp.o
[500/1907] Building CXX object tools/clang/tools/clang-sycl-linker/CMakeFiles/clang-sycl-linker.dir/ClangSYCLLinker.cpp.o
[501/1907] Linking CXX executable bin/clang-sycl-linker
[502/1907] Building CXX object tools/clang/tools/libclang/CMakeFiles/libclang.dir/CIndexUSRs.cpp.o
[503/1907] Linking CXX executable bin/clang-nvlink-wrapper
[504/1907] Building CXX object tools/clang/tools/clang-extdef-mapping/CMakeFiles/clang-extdef-mapping.dir/ClangExtDefMapGen.cpp.o
[505/1907] Building CXX object tools/clang/lib/Interpreter/CMakeFiles/obj.clangInterpreter.dir/Interpreter.cpp.o
[506/1907] Linking CXX static library lib/libclangInterpreter.a
[507/1907] Building CXX object tools/clang/tools/libclang/CMakeFiles/libclang.dir/CIndexHigh.cpp.o
[508/1907] Building CXX object tools/clang/tools/clang-check/CMakeFiles/clang-check.dir/ClangCheck.cpp.o
[509/1907] Building CXX object tools/clang/tools/libclang/CMakeFiles/libclang.dir/CIndexInclusionStack.cpp.o
[510/1907] Linking CXX executable bin/clang-extdef-mapping
[511/1907] Building CXX object tools/clang/tools/libclang/CMakeFiles/libclang.dir/CXComment.cpp.o
[512/1907] Linking CXX executable bin/clang-check
[513/1907] Building CXX object tools/clang/tools/clang-refactor/CMakeFiles/clang-refactor.dir/ClangRefactor.cpp.o
[514/1907] Building CXX object tools/clang/tools/clang-linker-wrapper/CMakeFiles/clang-linker-wrapper.dir/ClangLinkerWrapper.cpp.o
[515/1907] Building CXX object tools/clang/unittests/Basic/CMakeFiles/BasicTests.dir/CharInfoTest.cpp.o
[516/1907] Building CXX object tools/clang/lib/Tooling/Refactoring/CMakeFiles/obj.clangToolingRefactoring.dir/Rename/USRLocFinder.cpp.o
[517/1907] Linking CXX static library lib/libclangToolingRefactoring.a
[518/1907] Linking CXX static library lib/libclangTransformer.a
[519/1907] Building CXX object tools/clang/unittests/Basic/CMakeFiles/BasicTests.dir/SanitizersTest.cpp.o
[520/1907] Building CXX object tools/clang/unittests/Basic/CMakeFiles/BasicTests.dir/FileEntryTest.cpp.o
[521/1907] Building CXX object tools/clang/unittests/Basic/CMakeFiles/BasicTests.dir/DarwinSDKInfoTest.cpp.o
[522/1907] Linking CXX executable bin/clang-linker-wrapper
[523/1907] Building CXX object tools/clang/tools/c-index-test/CMakeFiles/c-index-test.dir/core_main.cpp.o
[524/1907] Building CXX object tools/clang/tools/clang-installapi/CMakeFiles/clang-installapi.dir/ClangInstallAPI.cpp.o
[525/1907] Linking CXX executable bin/clang-refactor
[526/1907] Building CXX object tools/clang/unittests/Basic/CMakeFiles/BasicTests.dir/LineOffsetMappingTest.cpp.o
[527/1907] Building CXX object tools/clang/tools/libclang/CMakeFiles/libclang.dir/CXStoredDiagnostic.cpp.o
[528/1907] Linking CXX executable bin/clang-installapi
[529/1907] Building CXX object tools/clang/tools/libclang/CMakeFiles/libclang.dir/CXCursor.cpp.o
[530/1907] Building CXX object tools/clang/tools/libclang/CMakeFiles/libclang.dir/CXSourceLocation.cpp.o
[531/1907] Building CXX object tools/clang/unittests/Lex/CMakeFiles/LexTests.dir/HeaderMapTest.cpp.o
[532/1907] Building CXX object tools/clang/unittests/Lex/CMakeFiles/LexTests.dir/DependencyDirectivesScannerTest.cpp.o
[533/1907] Building CXX object tools/clang/tools/libclang/CMakeFiles/libclang.dir/CIndexCodeCompletion.cpp.o
[534/1907] Building CXX object tools/clang/tools/libclang/CMakeFiles/libclang.dir/CXString.cpp.o
[535/1907] Building CXX object tools/clang/tools/libclang/CMakeFiles/libclang.dir/Rewrite.cpp.o
[536/1907] Building CXX object tools/clang/unittests/Basic/CMakeFiles/BasicTests.dir/FileManagerTest.cpp.o
[537/1907] Building CXX object tools/clang/unittests/Basic/CMakeFiles/BasicTests.dir/DiagnosticTest.cpp.o
[538/1907] Building CXX object tools/clang/tools/libclang/CMakeFiles/libclang.dir/CXType.cpp.o
[539/1907] Building CXX object tools/clang/unittests/Driver/CMakeFiles/ClangDriverTests.dir/DistroTest.cpp.o
[540/1907] Building CXX object tools/clang/tools/clang-repl/CMakeFiles/clang-repl.dir/ClangRepl.cpp.o
[541/1907] Building CXX object tools/clang/tools/libclang/CMakeFiles/libclang.dir/CXIndexDataConsumer.cpp.o
[542/1907] Building CXX object tools/clang/unittests/Driver/CMakeFiles/ClangDriverTests.dir/GCCVersionTest.cpp.o
[543/1907] Building CXX object tools/clang/unittests/Basic/CMakeFiles/BasicTests.dir/SarifTest.cpp.o
[544/1907] Building CXX object tools/clang/unittests/Lex/CMakeFiles/LexTests.dir/HeaderSearchTest.cpp.o
[545/1907] Building CXX object tools/clang/unittests/Driver/CMakeFiles/ClangDriverTests.dir/ModuleCacheTest.cpp.o
[546/1907] Linking CXX executable bin/clang-repl
[547/1907] Building CXX object tools/clang/tools/clang-scan-deps/CMakeFiles/clang-scan-deps.dir/ClangScanDeps.cpp.o
[548/1907] Building CXX object tools/clang/unittests/Basic/CMakeFiles/BasicTests.dir/SourceManagerTest.cpp.o
[549/1907] Building CXX object tools/clang/unittests/Lex/CMakeFiles/LexTests.dir/PPConditionalDirectiveRecordTest.cpp.o
[550/1907] Building CXX object tools/clang/unittests/Lex/CMakeFiles/LexTests.dir/ModuleDeclStateTest.cpp.o
[551/1907] Linking CXX executable tools/clang/unittests/Basic/BasicTests
[552/1907] Linking CXX executable bin/clang-scan-deps
[553/1907] Building CXX object tools/clang/unittests/Lex/CMakeFiles/LexTests.dir/PPMemoryAllocationsTest.cpp.o
[554/1907] Building CXX object tools/clang/unittests/Driver/CMakeFiles/ClangDriverTests.dir/MultilibBuilderTest.cpp.o
[555/1907] Building CXX object tools/clang/unittests/Driver/CMakeFiles/ClangDriverTests.dir/SanitizerArgsTest.cpp.o
[556/1907] Building CXX object tools/clang/unittests/Lex/CMakeFiles/LexTests.dir/PPDependencyDirectivesTest.cpp.o
[557/1907] Building CXX object tools/clang/tools/libclang/CMakeFiles/libclang.dir/Indexing.cpp.o
[558/1907] Building CXX object tools/clang/unittests/Driver/CMakeFiles/ClangDriverTests.dir/MultilibTest.cpp.o
[559/1907] Building CXX object tools/clang/unittests/Lex/CMakeFiles/LexTests.dir/LexerTest.cpp.o
[560/1907] Building CXX object tools/clang/unittests/Analysis/CMakeFiles/ClangAnalysisTests.dir/UnsafeBufferUsageTest.cpp.o
[561/1907] Building CXX object tools/clang/unittests/Analysis/FlowSensitive/CMakeFiles/ClangAnalysisFlowSensitiveTests.dir/ArenaTest.cpp.o
[562/1907] Building CXX object tools/clang/tools/libclang/CMakeFiles/libclang.dir/CIndex.cpp.o
[563/1907] Building CXX object tools/clang/unittests/Driver/CMakeFiles/ClangDriverTests.dir/DXCModeTest.cpp.o
[564/1907] Building CXX object tools/clang/unittests/Analysis/FlowSensitive/CMakeFiles/ClangAnalysisFlowSensitiveTests.dir/DataflowAnalysisContextTest.cpp.o
[565/1907] Building CXX object tools/clang/unittests/Lex/CMakeFiles/LexTests.dir/PPCallbacksTest.cpp.o
[566/1907] Building CXX object tools/clang/unittests/Driver/CMakeFiles/ClangDriverTests.dir/ToolChainTest.cpp.o
[567/1907] Linking CXX executable tools/clang/unittests/Lex/LexTests
[568/1907] Building CXX object tools/clang/unittests/Analysis/CMakeFiles/ClangAnalysisTests.dir/CloneDetectionTest.cpp.o
[569/1907] Linking CXX executable tools/clang/unittests/Driver/ClangDriverTests
[570/1907] Building CXX object tools/clang/unittests/Analysis/CMakeFiles/ClangAnalysisTests.dir/MacroExpansionContextTest.cpp.o
[571/1907] Building CXX object tools/clang/unittests/Analysis/CMakeFiles/ClangAnalysisTests.dir/CFGTest.cpp.o
[572/1907] Building CXX object tools/clang/unittests/Analysis/FlowSensitive/CMakeFiles/ClangAnalysisFlowSensitiveTests.dir/ValueTest.cpp.o
[573/1907] Building CXX object tools/clang/unittests/Analysis/FlowSensitive/CMakeFiles/ClangAnalysisFlowSensitiveTests.dir/MapLatticeTest.cpp.o
[574/1907] Building CXX object tools/clang/unittests/Analysis/CMakeFiles/ClangAnalysisTests.dir/CFGDominatorTree.cpp.o
[575/1907] Building CXX object tools/clang/unittests/Analysis/FlowSensitive/CMakeFiles/ClangAnalysisFlowSensitiveTests.dir/CFGMatchSwitchTest.cpp.o
[576/1907] Building CXX object tools/clang/unittests/Analysis/FlowSensitive/CMakeFiles/ClangAnalysisFlowSensitiveTests.dir/CachedConstAccessorsLatticeTest.cpp.o
[577/1907] Building CXX object tools/clang/unittests/Analysis/FlowSensitive/CMakeFiles/ClangAnalysisFlowSensitiveTests.dir/DeterminismTest.cpp.o
[578/1907] Building CXX object tools/clang/unittests/Analysis/FlowSensitive/CMakeFiles/ClangAnalysisFlowSensitiveTests.dir/SmartPointerAccessorCachingTest.cpp.o
[579/1907] Building CXX object tools/clang/unittests/Analysis/FlowSensitive/CMakeFiles/ClangAnalysisFlowSensitiveTests.dir/DebugSupportTest.cpp.o
[580/1907] Building CXX object tools/clang/unittests/Analysis/FlowSensitive/CMakeFiles/ClangAnalysisFlowSensitiveTests.dir/ASTOpsTest.cpp.o
[581/1907] Building CXX object tools/clang/unittests/StaticAnalyzer/CMakeFiles/StaticAnalysisTests.dir/AnalyzerOptionsTest.cpp.o
[582/1907] Building CXX object tools/clang/unittests/Analysis/FlowSensitive/CMakeFiles/ClangAnalysisFlowSensitiveTests.dir/ChromiumCheckModelTest.cpp.o
[583/1907] Building CXX object tools/clang/tools/libclang/CMakeFiles/libclang.dir/CXExtractAPI.cpp.o
[584/1907] Building CXX object tools/clang/unittests/Analysis/FlowSensitive/CMakeFiles/ClangAnalysisFlowSensitiveTests.dir/MatchSwitchTest.cpp.o
[585/1907] Building CXX object tools/clang/unittests/Analysis/FlowSensitive/CMakeFiles/ClangAnalysisFlowSensitiveTests.dir/RecordOpsTest.cpp.o
[586/1907] Building CXX object tools/clang/unittests/Analysis/FlowSensitive/CMakeFiles/ClangAnalysisFlowSensitiveTests.dir/LoggerTest.cpp.o
[587/1907] Linking CXX shared library lib/libclang.so.20.1.8
[588/1907] Creating library symlink lib/libclang.so.20.1 lib/libclang.so
[589/1907] Building CXX object tools/clang/unittests/Analysis/FlowSensitive/CMakeFiles/ClangAnalysisFlowSensitiveTests.dir/SimplifyConstraintsTest.cpp.o
[590/1907] Building CXX object tools/clang/unittests/Analysis/CMakeFiles/ClangAnalysisTests.dir/IntervalPartitionTest.cpp.o
[591/1907] Linking CXX executable bin/c-arcmt-test
[592/1907] Building CXX object tools/clang/unittests/Analysis/FlowSensitive/CMakeFiles/ClangAnalysisFlowSensitiveTests.dir/DataflowEnvironmentTest.cpp.o
[593/1907] Linking CXX executable bin/c-index-test
[594/1907] Building CXX object tools/clang/unittests/Analysis/CMakeFiles/ClangAnalysisTests.dir/ExprMutationAnalyzerTest.cpp.o
[595/1907] Building CXX object tools/clang/unittests/StaticAnalyzer/CMakeFiles/StaticAnalysisTests.dir/APSIntTypeTest.cpp.o
[596/1907] Building CXX object tools/clang/unittests/Analysis/FlowSensitive/CMakeFiles/ClangAnalysisFlowSensitiveTests.dir/TestingSupport.cpp.o
[597/1907] Linking CXX executable tools/clang/unittests/Analysis/ClangAnalysisTests
[598/1907] Building CXX object tools/clang/unittests/Analysis/FlowSensitive/CMakeFiles/ClangAnalysisFlowSensitiveTests.dir/TestingSupportTest.cpp.o
[599/1907] Building CXX object tools/clang/unittests/Analysis/FlowSensitive/CMakeFiles/ClangAnalysisFlowSensitiveTests.dir/SignAnalysisTest.cpp.o
[600/1907] Building CXX object tools/clang/unittests/Analysis/FlowSensitive/CMakeFiles/ClangAnalysisFlowSensitiveTests.dir/SingleVarConstantPropagationTest.cpp.o
[601/1907] Building CXX object tools/clang/unittests/Analysis/FlowSensitive/CMakeFiles/ClangAnalysisFlowSensitiveTests.dir/TransferBranchTest.cpp.o
[602/1907] Building CXX object tools/clang/unittests/Analysis/FlowSensitive/CMakeFiles/ClangAnalysisFlowSensitiveTests.dir/MultiVarConstantPropagationTest.cpp.o
[603/1907] Building CXX object tools/clang/unittests/StaticAnalyzer/CMakeFiles/StaticAnalysisTests.dir/ConflictingEvalCallsTest.cpp.o
[604/1907] Building CXX object tools/clang/unittests/StaticAnalyzer/CMakeFiles/StaticAnalysisTests.dir/CallEventTest.cpp.o
[605/1907] Building CXX object tools/clang/unittests/StaticAnalyzer/CMakeFiles/StaticAnalysisTests.dir/Z3CrosscheckOracleTest.cpp.o
[606/1907] Building CXX object tools/clang/unittests/StaticAnalyzer/CMakeFiles/StaticAnalysisTests.dir/ExprEngineVisitTest.cpp.o
[607/1907] Building CXX object tools/clang/unittests/StaticAnalyzer/CMakeFiles/StaticAnalysisTests.dir/NoStateChangeFuncVisitorTest.cpp.o
[608/1907] Building CXX object tools/clang/unittests/StaticAnalyzer/CMakeFiles/StaticAnalysisTests.dir/MemRegionDescriptiveNameTest.cpp.o
[609/1907] Building CXX object tools/clang/unittests/Analysis/FlowSensitive/CMakeFiles/ClangAnalysisFlowSensitiveTests.dir/WatchedLiteralsSolverTest.cpp.o
[610/1907] Building CXX object tools/clang/unittests/StaticAnalyzer/CMakeFiles/StaticAnalysisTests.dir/BugReportInterestingnessTest.cpp.o
[611/1907] Building CXX object tools/clang/unittests/StaticAnalyzer/CMakeFiles/StaticAnalysisTests.dir/SValSimplifyerTest.cpp.o
[612/1907] Building CXX object tools/clang/unittests/Analysis/FlowSensitive/CMakeFiles/ClangAnalysisFlowSensitiveTests.dir/UncheckedOptionalAccessModelTest.cpp.o
[613/1907] Building CXX object tools/clang/unittests/StaticAnalyzer/CMakeFiles/StaticAnalysisTests.dir/RegisterCustomCheckersTest.cpp.o
[614/1907] Building CXX object tools/clang/unittests/StaticAnalyzer/CMakeFiles/StaticAnalysisTests.dir/TestReturnValueUnderConstruction.cpp.o
[615/1907] Building CXX object tools/clang/unittests/StaticAnalyzer/CMakeFiles/StaticAnalysisTests.dir/CallDescriptionTest.cpp.o
[616/1907] Building CXX object tools/clang/unittests/StaticAnalyzer/CMakeFiles/StaticAnalysisTests.dir/IsCLibraryFunctionTest.cpp.o
[617/1907] Building CXX object tools/clang/unittests/StaticAnalyzer/CMakeFiles/StaticAnalysisTests.dir/ParamRegionTest.cpp.o
[618/1907] Building CXX object tools/clang/unittests/StaticAnalyzer/CMakeFiles/StaticAnalysisTests.dir/FalsePositiveRefutationBRVisitorTest.cpp.o
[619/1907] Building CXX object tools/clang/unittests/StaticAnalyzer/CMakeFiles/StaticAnalysisTests.dir/StoreTest.cpp.o
[620/1907] Building CXX object tools/clang/unittests/StaticAnalyzer/CMakeFiles/StaticAnalysisTests.dir/SymbolReaperTest.cpp.o
[621/1907] Building CXX object tools/clang/unittests/Analysis/FlowSensitive/CMakeFiles/ClangAnalysisFlowSensitiveTests.dir/TypeErasedDataflowAnalysisTest.cpp.o
[622/1907] Building CXX object tools/clang/unittests/StaticAnalyzer/CMakeFiles/StaticAnalysisTests.dir/SValTest.cpp.o
[623/1907] Building CXX object tools/clang/unittests/AST/CMakeFiles/ASTTests.dir/CommentTextTest.cpp.o
[624/1907] Building CXX object tools/clang/unittests/AST/CMakeFiles/ASTTests.dir/ASTVectorTest.cpp.o
[625/1907] Building CXX object tools/clang/lib/ASTMatchers/Dynamic/CMakeFiles/obj.clangDynamicASTMatchers.dir/Registry.cpp.o
[626/1907] Building CXX object tools/clang/unittests/ASTMatchers/CMakeFiles/ASTMatchersTests.dir/GtestMatchersTest.cpp.o
[627/1907] Linking CXX static library lib/libclangDynamicASTMatchers.a
[628/1907] Building CXX object tools/clang/unittests/ASTMatchers/CMakeFiles/ASTMatchersTests.dir/ASTMatchersInternalTest.cpp.o
[629/1907] Building CXX object tools/clang/unittests/ASTMatchers/Dynamic/CMakeFiles/DynamicASTMatchersTests.dir/VariantValueTest.cpp.o
[630/1907] Building CXX object tools/clang/unittests/AST/CMakeFiles/ASTTests.dir/CommentLexer.cpp.o
[631/1907] Building CXX object tools/clang/unittests/AST/CMakeFiles/ASTTests.dir/CommentParser.cpp.o
[632/1907] Building CXX object tools/clang/unittests/ASTMatchers/Dynamic/CMakeFiles/DynamicASTMatchersTests.dir/ParserTest.cpp.o
[633/1907] Building CXX object tools/clang/unittests/ASTMatchers/Dynamic/CMakeFiles/DynamicASTMatchersTests.dir/RegistryTest.cpp.o
[634/1907] Building CXX object tools/clang/unittests/AST/CMakeFiles/ASTTests.dir/ASTExprTest.cpp.o
[635/1907] Building CXX object tools/clang/unittests/AST/CMakeFiles/ASTTests.dir/ASTContextParentMapTest.cpp.o
[636/1907] Linking CXX executable tools/clang/unittests/ASTMatchers/Dynamic/DynamicASTMatchersTests
[637/1907] Building CXX object tools/clang/unittests/AST/CMakeFiles/ASTTests.dir/ASTDumperTest.cpp.o
[638/1907] Building CXX object tools/clang/unittests/AST/CMakeFiles/ASTTests.dir/ASTImporterFixtures.cpp.o
[639/1907] Building CXX object tools/clang/unittests/Analysis/FlowSensitive/CMakeFiles/ClangAnalysisFlowSensitiveTests.dir/TransferTest.cpp.o
[640/1907] Building CXX object tools/clang/unittests/AST/CMakeFiles/ASTTests.dir/ASTImporterObjCTest.cpp.o
[641/1907] Linking CXX executable tools/clang/unittests/Analysis/FlowSensitive/ClangAnalysisFlowSensitiveTests
[642/1907] Building CXX object tools/clang/unittests/AST/CMakeFiles/ASTTests.dir/EvaluateAsRValueTest.cpp.o
[643/1907] Building CXX object tools/clang/unittests/AST/CMakeFiles/ASTTests.dir/ExternalASTSourceTest.cpp.o
[644/1907] Building CXX object tools/clang/unittests/AST/CMakeFiles/ASTTests.dir/AttrTest.cpp.o
[645/1907] Building CXX object tools/clang/unittests/AST/CMakeFiles/ASTTests.dir/ConceptPrinterTest.cpp.o
[646/1907] Building CXX object tools/clang/unittests/AST/CMakeFiles/ASTTests.dir/ASTTypeTraitsTest.cpp.o
[647/1907] Building CXX object tools/clang/unittests/AST/CMakeFiles/ASTTests.dir/UnresolvedSetTest.cpp.o
[648/1907] Building CXX object tools/clang/unittests/AST/ByteCode/CMakeFiles/InterpTests.dir/BitcastBuffer.cpp.o
[649/1907] Building CXX object tools/clang/unittests/AST/CMakeFiles/ASTTests.dir/DeclBaseTest.cpp.o
[650/1907] Building CXX object tools/clang/unittests/AST/CMakeFiles/ASTTests.dir/RawCommentForDeclTest.cpp.o
[651/1907] Building CXX object tools/clang/unittests/AST/CMakeFiles/ASTTests.dir/DataCollectionTest.cpp.o
[652/1907] Building CXX object tools/clang/unittests/AST/CMakeFiles/ASTTests.dir/SizelessTypesTest.cpp.o
[653/1907] Building CXX object tools/clang/unittests/StaticAnalyzer/CMakeFiles/StaticAnalysisTests.dir/RangeSetTest.cpp.o
[654/1907] Building CXX object tools/clang/unittests/AST/CMakeFiles/ASTTests.dir/ProfilingTest.cpp.o
[655/1907] Building CXX object tools/clang/unittests/AST/CMakeFiles/ASTTests.dir/NamedDeclPrinterTest.cpp.o
[656/1907] Linking CXX executable tools/clang/unittests/StaticAnalyzer/StaticAnalysisTests
[657/1907] Building CXX object tools/clang/unittests/AST/CMakeFiles/ASTTests.dir/DeclTest.cpp.o
[658/1907] Building CXX object tools/clang/unittests/AST/CMakeFiles/ASTTests.dir/ASTTraverserTest.cpp.o
[659/1907] Building CXX object tools/clang/unittests/AST/CMakeFiles/ASTTests.dir/RandstructTest.cpp.o
[660/1907] Building CXX object tools/clang/unittests/AST/CMakeFiles/ASTTests.dir/DeclPrinterTest.cpp.o
[661/1907] Building CXX object tools/clang/unittests/AST/CMakeFiles/ASTTests.dir/ASTImporterVisibilityTest.cpp.o
[662/1907] Building CXX object tools/clang/unittests/Tooling/CMakeFiles/ToolingTests.dir/HeaderIncludesTest.cpp.o
[663/1907] Building CXX object tools/clang/unittests/AST/CMakeFiles/ASTTests.dir/TemplateNameTest.cpp.o
[664/1907] Building CXX object tools/clang/unittests/AST/CMakeFiles/ASTTests.dir/StmtPrinterTest.cpp.o
[665/1907] Building CXX object tools/clang/unittests/AST/CMakeFiles/ASTTests.dir/ASTImporterGenericRedeclTest.cpp.o
[666/1907] Building CXX object tools/clang/unittests/Tooling/CMakeFiles/ToolingTests.dir/DependencyScanning/DependencyScanningFilesystemTest.cpp.o
[667/1907] Building CXX object tools/clang/unittests/AST/CMakeFiles/ASTTests.dir/ASTImporterODRStrategiesTest.cpp.o
[668/1907] Building CXX object tools/clang/unittests/CrossTU/CMakeFiles/CrossTUTests.dir/CrossTranslationUnitTest.cpp.o
[669/1907] Building CXX object tools/clang/unittests/Tooling/CMakeFiles/ToolingTests.dir/CastExprTest.cpp.o
[670/1907] Building CXX object tools/clang/unittests/AST/CMakeFiles/ASTTests.dir/TypePrinterTest.cpp.o
[671/1907] Building CXX object tools/clang/unittests/Tooling/CMakeFiles/ToolingTests.dir/CommentHandlerTest.cpp.o
[672/1907] Linking CXX executable tools/clang/unittests/CrossTU/CrossTUTests
[673/1907] Building CXX object tools/clang/unittests/Tooling/CMakeFiles/ToolingTests.dir/DiagnosticsYamlTest.cpp.o
[674/1907] Building CXX object tools/clang/unittests/Tooling/CMakeFiles/ToolingTests.dir/ASTSelectionTest.cpp.o
[675/1907] Building CXX object tools/clang/unittests/Tooling/CMakeFiles/ToolingTests.dir/HeaderAnalysisTest.cpp.o
[676/1907] Building CXX object tools/clang/unittests/AST/ByteCode/CMakeFiles/InterpTests.dir/Descriptor.cpp.o
[677/1907] Building CXX object tools/clang/unittests/ASTMatchers/CMakeFiles/ASTMatchersTests.dir/ASTMatchersNodeTest.cpp.o
[678/1907] Building CXX object tools/clang/unittests/AST/ByteCode/CMakeFiles/InterpTests.dir/toAPValue.cpp.o
[679/1907] Building CXX object tools/clang/unittests/Tooling/CMakeFiles/ToolingTests.dir/CompilationDatabaseTest.cpp.o
[680/1907] Linking CXX executable tools/clang/unittests/AST/ByteCode/InterpTests
[681/1907] Building CXX object tools/clang/unittests/Tooling/CMakeFiles/ToolingTests.dir/ExecutionTest.cpp.o
[682/1907] Building CXX object tools/clang/unittests/Tooling/CMakeFiles/ToolingTests.dir/FixItTest.cpp.o
[683/1907] Building CXX object tools/clang/unittests/AST/CMakeFiles/ASTTests.dir/SourceLocationTest.cpp.o
[684/1907] Building CXX object tools/clang/unittests/Tooling/CMakeFiles/ToolingTests.dir/StandardLibraryTest.cpp.o
[685/1907] Building CXX object tools/clang/unittests/Tooling/CMakeFiles/ToolingTests.dir/LookupTest.cpp.o
[686/1907] Building CXX object tools/clang/unittests/Tooling/CMakeFiles/ToolingTests.dir/QualTypeNamesTest.cpp.o
[687/1907] Building CXX object tools/clang/unittests/AST/CMakeFiles/ASTTests.dir/RecursiveASTVisitorTest.cpp.o
[688/1907] Building CXX object tools/clang/unittests/AST/CMakeFiles/ASTTests.dir/StructuralEquivalenceTest.cpp.o
[689/1907] Building CXX object tools/clang/unittests/Tooling/CMakeFiles/ToolingTests.dir/RecursiveASTVisitorTests/BitfieldInitializer.cpp.o
[690/1907] Building CXX object tools/clang/unittests/Tooling/CMakeFiles/ToolingTests.dir/DependencyScanning/DependencyScannerTest.cpp.o
[691/1907] Building CXX object tools/clang/unittests/ASTMatchers/CMakeFiles/ASTMatchersTests.dir/ASTMatchersNarrowingTest.cpp.o
[692/1907] Building CXX object tools/clang/unittests/Tooling/CMakeFiles/ToolingTests.dir/RecursiveASTVisitorTests/Concept.cpp.o
[693/1907] Building CXX object tools/clang/unittests/Tooling/CMakeFiles/ToolingTests.dir/RecursiveASTVisitorTests/Class.cpp.o
[694/1907] Building CXX object tools/clang/unittests/Tooling/CMakeFiles/ToolingTests.dir/RecursiveASTVisitorTests/ConstructExpr.cpp.o
[695/1907] Building CXX object tools/clang/unittests/Tooling/CMakeFiles/ToolingTests.dir/RecursiveASTVisitorTests/CXXBoolLiteralExpr.cpp.o
[696/1907] Building CXX object tools/clang/unittests/Tooling/CMakeFiles/ToolingTests.dir/RecursiveASTVisitorTests/CXXMethodDecl.cpp.o
[697/1907] Building CXX object tools/clang/unittests/Tooling/CMakeFiles/ToolingTests.dir/RecursiveASTVisitorTests/CXXMemberCall.cpp.o
[698/1907] Building CXX object tools/clang/unittests/Tooling/CMakeFiles/ToolingTests.dir/RecursiveASTVisitorTests/CXXOperatorCallExprTraverser.cpp.o
[699/1907] Building CXX object tools/clang/unittests/Tooling/CMakeFiles/ToolingTests.dir/RecursiveASTVisitorTests/DeductionGuide.cpp.o
[700/1907] Building CXX object tools/clang/unittests/Tooling/CMakeFiles/ToolingTests.dir/RecursiveASTVisitorTests/DeclRefExpr.cpp.o
[701/1907] Building CXX object tools/clang/unittests/Tooling/CMakeFiles/ToolingTests.dir/RangeSelectorTest.cpp.o
[702/1907] Building CXX object tools/clang/unittests/Tooling/CMakeFiles/ToolingTests.dir/RecursiveASTVisitorTests/InitListExprPreOrderNoQueue.cpp.o
[703/1907] Building CXX object tools/clang/unittests/Tooling/CMakeFiles/ToolingTests.dir/RecursiveASTVisitorTests/ImplicitCtor.cpp.o
[704/1907] Building CXX object tools/clang/unittests/Tooling/CMakeFiles/ToolingTests.dir/RecursiveASTVisitorTests/ImplicitCtorInitializer.cpp.o
[705/1907] Building CXX object tools/clang/unittests/Tooling/CMakeFiles/ToolingTests.dir/RecursiveASTVisitorTests/InitListExprPreOrder.cpp.o
[706/1907] Building CXX object tools/clang/unittests/Tooling/CMakeFiles/ToolingTests.dir/RecursiveASTVisitorTests/IntegerLiteral.cpp.o
[707/1907] Building CXX object tools/clang/unittests/Tooling/CMakeFiles/ToolingTests.dir/RecursiveASTVisitorTests/LambdaDefaultCapture.cpp.o
[708/1907] Building CXX object tools/clang/unittests/Tooling/CMakeFiles/ToolingTests.dir/RecursiveASTVisitorTests/LambdaExpr.cpp.o
[709/1907] Building CXX object tools/clang/unittests/Tooling/CMakeFiles/ToolingTests.dir/RecursiveASTVisitorTests/LambdaTemplateParams.cpp.o
[710/1907] Building CXX object tools/clang/unittests/Tooling/CMakeFiles/ToolingTests.dir/RewriterTest.cpp.o
[711/1907] Building CXX object tools/clang/unittests/Tooling/CMakeFiles/ToolingTests.dir/RecursiveASTVisitorTests/MemberPointerTypeLoc.cpp.o
[712/1907] Building CXX object tools/clang/unittests/Tooling/CMakeFiles/ToolingTests.dir/RecursiveASTVisitorTests/NestedNameSpecifiers.cpp.o
[713/1907] Building CXX object tools/clang/unittests/Tooling/CMakeFiles/ToolingTests.dir/RecursiveASTVisitorTests/ParenExpr.cpp.o
[714/1907] Building CXX object tools/clang/unittests/Tooling/CMakeFiles/ToolingTests.dir/RecursiveASTVisitorTests/Attr.cpp.o
[715/1907] Building CXX object tools/clang/unittests/Tooling/CMakeFiles/ToolingTests.dir/LexicallyOrderedRecursiveASTVisitorTest.cpp.o
[716/1907] Building CXX object tools/clang/unittests/Tooling/CMakeFiles/ToolingTests.dir/RecursiveASTVisitorTests/TemplateArgumentLocTraverser.cpp.o
[717/1907] Building CXX object tools/clang/unittests/Tooling/CMakeFiles/ToolingTests.dir/RecursiveASTVisitorTests/TraversalScope.cpp.o
[718/1907] Building CXX object tools/clang/unittests/Tooling/CMakeFiles/ToolingTests.dir/RecursiveASTVisitorTestDeclVisitor.cpp.o
[719/1907] Building CXX object tools/clang/unittests/Tooling/CMakeFiles/ToolingTests.dir/RecursiveASTVisitorTestTypeLocVisitor.cpp.o
[720/1907] Building CXX object tools/clang/unittests/ASTMatchers/CMakeFiles/ASTMatchersTests.dir/ASTMatchersTraversalTest.cpp.o
[721/1907] Building CXX object tools/clang/unittests/Format/CMakeFiles/FormatTests.dir/BracesInserterTest.cpp.o
[722/1907] Building CXX object tools/clang/unittests/Format/CMakeFiles/FormatTests.dir/BracesRemoverTest.cpp.o
[723/1907] Linking CXX executable tools/clang/unittests/ASTMatchers/ASTMatchersTests
[724/1907] Building CXX object tools/clang/unittests/Tooling/CMakeFiles/ToolingTests.dir/RefactoringActionRulesTest.cpp.o
[725/1907] Building CXX object tools/clang/unittests/Tooling/CMakeFiles/ToolingTests.dir/ReplacementsYamlTest.cpp.o
[726/1907] Building CXX object tools/clang/unittests/Format/CMakeFiles/FormatTests.dir/DefinitionBlockSeparatorTest.cpp.o
[727/1907] Building CXX object tools/clang/unittests/Format/CMakeFiles/FormatTests.dir/CleanupTest.cpp.o
[728/1907] Building CXX object tools/clang/unittests/Format/CMakeFiles/FormatTests.dir/FormatTestJson.cpp.o
[729/1907] Building CXX object tools/clang/unittests/Format/CMakeFiles/FormatTests.dir/FormatTestCSharp.cpp.o
[730/1907] Building CXX object tools/clang/unittests/Tooling/CMakeFiles/ToolingTests.dir/RecursiveASTVisitorTests/InitListExprPostOrderNoQueue.cpp.o
[731/1907] Building CXX object tools/clang/unittests/Tooling/Syntax/CMakeFiles/SyntaxTests.dir/TreeTestBase.cpp.o
[732/1907] Building CXX object tools/clang/unittests/Tooling/CMakeFiles/ToolingTests.dir/RecursiveASTVisitorTests/InitListExprPostOrder.cpp.o
[733/1907] Building CXX object tools/clang/unittests/Tooling/Syntax/CMakeFiles/SyntaxTests.dir/MutationsTest.cpp.o
[734/1907] Building CXX object tools/clang/unittests/Format/CMakeFiles/FormatTests.dir/FormatTestJS.cpp.o
[735/1907] Building CXX object tools/clang/unittests/Format/CMakeFiles/FormatTests.dir/FormatTestMacroExpansion.cpp.o
[736/1907] Building CXX object tools/clang/unittests/Format/CMakeFiles/FormatTests.dir/FormatTestJava.cpp.o
[737/1907] Building CXX object tools/clang/unittests/Tooling/CMakeFiles/ToolingTests.dir/RefactoringCallbacksTest.cpp.o
[738/1907] Building CXX object tools/clang/unittests/Tooling/CMakeFiles/ToolingTests.dir/RefactoringTest.cpp.o
[739/1907] Building CXX object tools/clang/unittests/Tooling/Syntax/CMakeFiles/SyntaxTests.dir/SynthesisTest.cpp.o
[740/1907] Building CXX object tools/clang/unittests/Format/CMakeFiles/FormatTests.dir/FormatTestObjC.cpp.o
[741/1907] Building CXX object tools/clang/unittests/Format/CMakeFiles/FormatTests.dir/FormatTestProto.cpp.o
[742/1907] Building CXX object tools/clang/unittests/Tooling/CMakeFiles/ToolingTests.dir/ToolingTest.cpp.o
[743/1907] Building CXX object tools/clang/unittests/Tooling/Syntax/CMakeFiles/SyntaxTests.dir/TreeTest.cpp.o
[744/1907] Building CXX object tools/clang/unittests/Format/CMakeFiles/FormatTests.dir/FormatTestTableGen.cpp.o
[745/1907] Building CXX object tools/clang/unittests/Format/CMakeFiles/FormatTests.dir/FormatTestTextProto.cpp.o
[746/1907] Building CXX object tools/clang/unittests/Format/CMakeFiles/FormatTests.dir/MatchFilePathTest.cpp.o
[747/1907] Building CXX object tools/clang/unittests/Format/CMakeFiles/FormatTests.dir/FormatTestSelective.cpp.o
[748/1907] Building CXX object tools/clang/unittests/Format/CMakeFiles/FormatTests.dir/IntegerLiteralSeparatorTest.cpp.o
[749/1907] Building CXX object tools/clang/unittests/Tooling/CMakeFiles/ToolingTests.dir/SourceCodeBuildersTest.cpp.o
[750/1907] Building CXX object tools/clang/unittests/Format/CMakeFiles/FormatTests.dir/FormatTestRawStrings.cpp.o
[751/1907] Building CXX object tools/clang/unittests/Tooling/Syntax/CMakeFiles/SyntaxTests.dir/BuildTreeTest.cpp.o
[752/1907] Building CXX object tools/clang/unittests/Format/CMakeFiles/FormatTests.dir/FormatReplacementTest.cpp.o
[753/1907] Building CXX object tools/clang/unittests/Format/CMakeFiles/FormatTests.dir/FormatTestVerilog.cpp.o
[754/1907] Building CXX object tools/clang/unittests/Format/CMakeFiles/FormatTests.dir/SortImportsTestJS.cpp.o
[755/1907] Building CXX object tools/clang/unittests/Format/CMakeFiles/FormatTests.dir/NamespaceEndCommentsFixerTest.cpp.o
[756/1907] Building CXX object tools/clang/unittests/Format/CMakeFiles/FormatTests.dir/FormatTokenSourceTest.cpp.o
[757/1907] Building CXX object tools/clang/unittests/Tooling/CMakeFiles/ToolingTests.dir/SourceCodeTest.cpp.o
[758/1907] Building CXX object tools/clang/unittests/Format/CMakeFiles/FormatTests.dir/SortImportsTestJava.cpp.o
[759/1907] Building CXX object tools/clang/unittests/Format/CMakeFiles/FormatTests.dir/ObjCPropertyAttributeOrderFixerTest.cpp.o
[760/1907] Building CXX object tools/clang/unittests/Format/CMakeFiles/FormatTests.dir/MacroExpanderTest.cpp.o
[761/1907] Building CXX object tools/clang/unittests/Frontend/CMakeFiles/FrontendTests.dir/ParsedSourceLocationTest.cpp.o
[762/1907] Building CXX object tools/clang/unittests/Format/CMakeFiles/FormatTests.dir/UsingDeclarationsSorterTest.cpp.o
[763/1907] Building CXX object tools/clang/unittests/Frontend/CMakeFiles/FrontendTests.dir/FixedPointString.cpp.o
[764/1907] Building CXX object tools/clang/unittests/Tooling/CMakeFiles/ToolingTests.dir/RecursiveASTVisitorTestPostOrderVisitor.cpp.o
[765/1907] Building CXX object tools/clang/unittests/Tooling/CMakeFiles/ToolingTests.dir/StencilTest.cpp.o
[766/1907] Building CXX object tools/clang/unittests/Format/CMakeFiles/FormatTests.dir/SortIncludesTest.cpp.o
[767/1907] Building CXX object tools/clang/unittests/Format/CMakeFiles/FormatTests.dir/MacroCallReconstructorTest.cpp.o
[768/1907] Building CXX object tools/clang/unittests/Tooling/CMakeFiles/ToolingTests.dir/RecursiveASTVisitorTests/CallbacksLeaf.cpp.o
[769/1907] Building CXX object tools/clang/unittests/Tooling/Syntax/CMakeFiles/SyntaxTests.dir/TokensTest.cpp.o
[770/1907] Building CXX object tools/clang/unittests/Format/CMakeFiles/FormatTests.dir/QualifierFixerTest.cpp.o
[771/1907] Building CXX object tools/clang/unittests/Frontend/CMakeFiles/FrontendTests.dir/TextDiagnosticTest.cpp.o
[772/1907] Linking CXX executable tools/clang/unittests/Tooling/Syntax/SyntaxTests
[773/1907] Building CXX object tools/clang/unittests/Tooling/CMakeFiles/ToolingTests.dir/RecursiveASTVisitorTests/CallbacksUnaryOperator.cpp.o
[774/1907] Building CXX object tools/clang/unittests/Tooling/CMakeFiles/ToolingTests.dir/RecursiveASTVisitorTests/CallbacksBinaryOperator.cpp.o
[775/1907] Building CXX object tools/clang/unittests/Format/CMakeFiles/FormatTests.dir/ConfigParseTest.cpp.o
[776/1907] Building CXX object tools/clang/unittests/Tooling/CMakeFiles/ToolingTests.dir/RecursiveASTVisitorTests/CallbacksCompoundAssignOperator.cpp.o
[777/1907] Building CXX object tools/clang/unittests/CodeGen/CMakeFiles/ClangCodeGenTests.dir/CheckTargetFeaturesTest.cpp.o
[778/1907] Building CXX object tools/clang/unittests/Tooling/CMakeFiles/ToolingTests.dir/RecursiveASTVisitorTests/CallbacksCallExpr.cpp.o
[779/1907] Building CXX object tools/clang/unittests/Frontend/CMakeFiles/FrontendTests.dir/CompilerInstanceTest.cpp.o
[780/1907] Building CXX object tools/clang/unittests/AST/CMakeFiles/ASTTests.dir/ASTImporterTest.cpp.o
[781/1907] Building CXX object tools/clang/unittests/Frontend/CMakeFiles/FrontendTests.dir/ASTUnitTest.cpp.o
[782/1907] Linking CXX executable tools/clang/unittests/AST/ASTTests
[783/1907] Building CXX object tools/clang/unittests/libclang/CrashTests/CMakeFiles/libclangCrashTests.dir/LibclangCrashTest.cpp.o
[784/1907] Linking CXX executable tools/clang/unittests/libclang/CrashTests/libclangCrashTests
[785/1907] Building CXX object tools/clang/unittests/Tooling/CMakeFiles/ToolingTests.dir/TransformerTest.cpp.o
[786/1907] Building CXX object tools/clang/unittests/Frontend/CMakeFiles/FrontendTests.dir/ReparseWorkingDirTest.cpp.o
[787/1907] Building CXX object tools/clang/unittests/Frontend/CMakeFiles/FrontendTests.dir/UtilsTest.cpp.o
[788/1907] Building CXX object tools/clang/unittests/Frontend/CMakeFiles/FrontendTests.dir/PCHPreambleTest.cpp.o
[789/1907] Building CXX object tools/clang/unittests/libclang/CMakeFiles/libclangTests.dir/LibclangTest.cpp.o
[790/1907] Linking CXX executable tools/clang/unittests/libclang/libclangTests
[791/1907] Building CXX object tools/clang/unittests/Rewrite/CMakeFiles/RewriteTests.dir/RewriterTest.cpp.o
[792/1907] Building CXX object tools/clang/unittests/Frontend/CMakeFiles/FrontendTests.dir/CodeGenActionTest.cpp.o
[793/1907] Linking CXX executable tools/clang/unittests/Tooling/ToolingTests
[794/1907] Building CXX object tools/clang/unittests/Format/CMakeFiles/FormatTests.dir/FormatTestComments.cpp.o
[795/1907] Building CXX object tools/clang/unittests/DirectoryWatcher/CMakeFiles/DirectoryWatcherTests.dir/DirectoryWatcherTest.cpp.o
[796/1907] Linking CXX executable tools/clang/unittests/Rewrite/RewriteTests
[797/1907] Linking CXX executable tools/clang/unittests/DirectoryWatcher/DirectoryWatcherTests
[798/1907] Building CXX object tools/clang/unittests/Frontend/CMakeFiles/FrontendTests.dir/OutputStreamTest.cpp.o
[799/1907] Building CXX object tools/clang/unittests/InstallAPI/CMakeFiles/InstallAPITests.dir/HeaderFileTest.cpp.o
[800/1907] Building CXX object tools/clang/unittests/Frontend/CMakeFiles/FrontendTests.dir/FrontendActionTest.cpp.o
[801/1907] Building CXX object tools/clang/unittests/Serialization/CMakeFiles/SerializationTests.dir/InMemoryModuleCacheTest.cpp.o
[802/1907] Building CXX object tools/clang/unittests/Frontend/CMakeFiles/FrontendTests.dir/CompilerInvocationTest.cpp.o
[803/1907] Building CXX object tools/clang/unittests/Serialization/CMakeFiles/SerializationTests.dir/SourceLocationEncodingTest.cpp.o
[804/1907] Building CXX object tools/clang/unittests/Sema/CMakeFiles/SemaTests.dir/SemaLookupTest.cpp.o
[805/1907] Building CXX object tools/clang/unittests/Sema/CMakeFiles/SemaTests.dir/ExternalSemaSourceTest.cpp.o
[806/1907] Building CXX object tools/clang/unittests/Interpreter/CMakeFiles/ClangReplInterpreterTests.dir/IncrementalCompilerBuilderTest.cpp.o
[807/1907] Building CXX object tools/clang/unittests/InstallAPI/CMakeFiles/InstallAPITests.dir/FileListTest.cpp.o
[808/1907] Linking CXX executable tools/clang/unittests/Frontend/FrontendTests
[809/1907] Linking CXX executable tools/clang/unittests/InstallAPI/InstallAPITests
[810/1907] Creating export file for BugpointPasses
[811/1907] Building Options.inc...
[812/1907] Building CXX object tools/bugpoint/CMakeFiles/bugpoint.dir/ExecutionDriver.cpp.o
[813/1907] Building CXX object tools/bugpoint/CMakeFiles/bugpoint.dir/FindBugs.cpp.o
[814/1907] Building CXX object tools/bugpoint/CMakeFiles/bugpoint.dir/BugDriver.cpp.o
[815/1907] Building CXX object tools/clang/unittests/Sema/CMakeFiles/SemaTests.dir/CodeCompleteTest.cpp.o
[816/1907] Building CXX object tools/dsymutil/CMakeFiles/dsymutil.dir/CFBundle.cpp.o
[817/1907] Building CXX object tools/bugpoint/CMakeFiles/bugpoint.dir/ExtractFunction.cpp.o
[818/1907] Building CXX object tools/bugpoint/CMakeFiles/bugpoint.dir/ToolRunner.cpp.o
[819/1907] Building CXX object tools/clang/unittests/Sema/CMakeFiles/SemaTests.dir/GslOwnerPointerInference.cpp.o
[820/1907] Building CXX object tools/clang/unittests/CodeGen/CMakeFiles/ClangCodeGenTests.dir/TBAAMetadataTest.cpp.o
[821/1907] Building CXX object tools/bugpoint/CMakeFiles/bugpoint.dir/OptimizerDriver.cpp.o
[822/1907] Building CXX object tools/dsymutil/CMakeFiles/dsymutil.dir/Reproducer.cpp.o
[823/1907] Building CXX object tools/dsymutil/CMakeFiles/dsymutil.dir/BinaryHolder.cpp.o
[824/1907] Building CXX object tools/clang/unittests/Sema/CMakeFiles/SemaTests.dir/SemaNoloadLookupTest.cpp.o
[825/1907] Building CXX object tools/dsymutil/CMakeFiles/dsymutil.dir/dsymutil-driver.cpp.o
[826/1907] Building C object tools/llvm-c-test/CMakeFiles/llvm-c-test.dir/attributes.c.o
[827/1907] Building CXX object tools/clang/unittests/CodeGen/CMakeFiles/ClangCodeGenTests.dir/BufferSourceTest.cpp.o
[828/1907] Building C object tools/llvm-c-test/CMakeFiles/llvm-c-test.dir/calc.c.o
[829/1907] Building CXX object tools/dsymutil/CMakeFiles/dsymutil.dir/RelocationMap.cpp.o
[830/1907] Building C object tools/llvm-c-test/CMakeFiles/llvm-c-test.dir/debuginfo.c.o
[831/1907] Building CXX object tools/clang/unittests/CodeGen/CMakeFiles/ClangCodeGenTests.dir/CodeGenExternalTest.cpp.o
[832/1907] Building CXX object tools/dsymutil/CMakeFiles/dsymutil.dir/DebugMap.cpp.o
[833/1907] Building C object tools/llvm-c-test/CMakeFiles/llvm-c-test.dir/diagnostic.c.o
[834/1907] Building C object tools/llvm-c-test/CMakeFiles/llvm-c-test.dir/disassemble.c.o
[835/1907] Building C object tools/llvm-c-test/CMakeFiles/llvm-c-test.dir/helpers.c.o
[836/1907] Building C object tools/llvm-c-test/CMakeFiles/llvm-c-test.dir/include-all.c.o
[837/1907] Building C object tools/llvm-c-test/CMakeFiles/llvm-c-test.dir/main.c.o
[838/1907] Building CXX object tools/bugpoint/CMakeFiles/bugpoint.dir/Miscompilation.cpp.o
[839/1907] Building C object tools/llvm-c-test/CMakeFiles/llvm-c-test.dir/module.c.o
[840/1907] Building C object tools/llvm-c-test/CMakeFiles/llvm-c-test.dir/object.c.o
[841/1907] Building C object tools/llvm-c-test/CMakeFiles/llvm-c-test.dir/metadata.c.o
[842/1907] Building C object tools/llvm-c-test/CMakeFiles/llvm-c-test.dir/targets.c.o
[843/1907] Building CXX object tools/clang/unittests/Format/CMakeFiles/FormatTests.dir/TokenAnnotatorTest.cpp.o
[844/1907] Building Opts.inc...
[845/1907] Building CXX object tools/bugpoint/CMakeFiles/bugpoint.dir/bugpoint.cpp.o
[846/1907] Building CXX object tools/dsymutil/CMakeFiles/dsymutil.dir/MachODebugMapParser.cpp.o
[847/1907] Building CXX object tools/clang/unittests/Serialization/CMakeFiles/SerializationTests.dir/ModuleCacheTest.cpp.o
[848/1907] Building CXX object tools/llvm-c-test/CMakeFiles/llvm-c-test.dir/echo.cpp.o
[849/1907] Building CXX object tools/llvm-bcanalyzer/CMakeFiles/llvm-bcanalyzer.dir/llvm-bcanalyzer.cpp.o
[850/1907] Linking CXX executable tools/clang/unittests/CodeGen/ClangCodeGenTests
[851/1907] Building CXX object tools/clang/unittests/Serialization/CMakeFiles/SerializationTests.dir/PreambleInNamedModulesTest.cpp.o
[852/1907] Linking CXX executable bin/llvm-bcanalyzer
[853/1907] Building CXX object tools/clang/unittests/Interpreter/ExceptionTests/CMakeFiles/ClangReplInterpreterExceptionTests.dir/InterpreterExceptionTest.cpp.o
[854/1907] Building CXX object tools/lli/ChildTarget/CMakeFiles/lli-child-target.dir/ChildTarget.cpp.o
[855/1907] Building CXX object tools/llvm-cgdata/CMakeFiles/llvm-cgdata.dir/llvm-cgdata-driver.cpp.o
[856/1907] Linking CXX executable bin/lli-child-target
[857/1907] Linking CXX executable bin/llvm-c-test
[858/1907] Building CXX object tools/bugpoint/CMakeFiles/bugpoint.dir/CrashDebugger.cpp.o
[859/1907] Building CXX object tools/clang/unittests/Serialization/CMakeFiles/SerializationTests.dir/LoadSpecLazilyTest.cpp.o
[860/1907] Building CXX object tools/llvm-cov/CMakeFiles/llvm-cov.dir/llvm-cov.cpp.o
[861/1907] Linking CXX executable bin/bugpoint
[862/1907] Linking CXX executable tools/clang/unittests/Interpreter/ExceptionTests/ClangReplInterpreterExceptionTests
[863/1907] Building CXX object tools/llvm-as/CMakeFiles/llvm-as.dir/llvm-as.cpp.o
[864/1907] Building CXX object tools/clang/unittests/Index/CMakeFiles/IndexTests.dir/IndexTests.cpp.o
[865/1907] Building CXX object tools/clang/unittests/Sema/CMakeFiles/SemaTests.dir/HeuristicResolverTest.cpp.o
[866/1907] Linking CXX executable bin/llvm-as
[867/1907] Building CXX object tools/clang/unittests/Interpreter/CMakeFiles/ClangReplInterpreterTests.dir/InterpreterExtensionsTest.cpp.o
[868/1907] Building Opts.inc...
[869/1907] Building CXX object tools/clang/unittests/Interpreter/CMakeFiles/ClangReplInterpreterTests.dir/InterpreterTest.cpp.o
[870/1907] Building CXX object tools/llvm-cov/CMakeFiles/llvm-cov.dir/gcov.cpp.o
[871/1907] Building CXX object tools/llvm-cat/CMakeFiles/llvm-cat.dir/llvm-cat.cpp.o
[872/1907] Building CXX object tools/clang/unittests/Support/CMakeFiles/ClangSupportTests.dir/TimeProfilerTest.cpp.o
[873/1907] Linking CXX executable bin/llvm-cat
[874/1907] Building Opts.inc...
[875/1907] Building CXX object tools/llvm-cxxdump/CMakeFiles/llvm-cxxdump.dir/Error.cpp.o
[876/1907] Linking CXX executable tools/clang/unittests/Index/IndexTests
[877/1907] Linking CXX executable tools/clang/unittests/Sema/SemaTests
[878/1907] Building CXX object tools/clang/unittests/Interpreter/CMakeFiles/ClangReplInterpreterTests.dir/CodeCompletionTest.cpp.o
[879/1907] Building CXX object tools/clang/unittests/Interpreter/CMakeFiles/ClangReplInterpreterTests.dir/IncrementalProcessingTest.cpp.o
[880/1907] Linking CXX executable tools/clang/unittests/Support/ClangSupportTests
[881/1907] Building Opts.inc...
[882/1907] Building CXX object tools/llvm-cfi-verify/lib/CMakeFiles/LLVMCFIVerify.dir/GraphBuilder.cpp.o
[883/1907] Building CXX object tools/llvm-cov/CMakeFiles/llvm-cov.dir/CoverageFilters.cpp.o
[884/1907] Building CXX object tools/dsymutil/CMakeFiles/dsymutil.dir/MachOUtils.cpp.o
[885/1907] Building CXX object tools/llvm-cov/CMakeFiles/llvm-cov.dir/CoverageExporterLcov.cpp.o
[886/1907] Building CXX object tools/llvm-cov/CMakeFiles/llvm-cov.dir/CoverageSummaryInfo.cpp.o
[887/1907] Building CXX object tools/llvm-cxxfilt/CMakeFiles/llvm-cxxfilt.dir/llvm-cxxfilt-driver.cpp.o
[888/1907] Building CXX object tools/llvm-cgdata/CMakeFiles/llvm-cgdata.dir/llvm-cgdata.cpp.o
[889/1907] Building CXX object tools/dsymutil/CMakeFiles/dsymutil.dir/dsymutil.cpp.o
[890/1907] Linking CXX executable bin/llvm-cgdata
[891/1907] Building CXX object tools/llvm-debuginfod-find/CMakeFiles/llvm-debuginfod-find.dir/llvm-debuginfod-find-driver.cpp.o
[892/1907] Building CXX object tools/llvm-cfi-verify/CMakeFiles/llvm-cfi-verify.dir/llvm-cfi-verify.cpp.o
[893/1907] Building Options.inc...
[894/1907] Linking CXX executable tools/clang/unittests/Interpreter/ClangReplInterpreterTests
[895/1907] Building CXX object tools/llvm-diff/lib/CMakeFiles/LLVMDiff.dir/DiffLog.cpp.o
[896/1907] Building Opts.inc...
[897/1907] Building CXX object tools/llvm-cxxmap/CMakeFiles/llvm-cxxmap.dir/llvm-cxxmap.cpp.o
[898/1907] Building CXX object tools/clang/unittests/Serialization/CMakeFiles/SerializationTests.dir/NoCommentsTest.cpp.o
[899/1907] Building CXX object tools/llvm-cxxfilt/CMakeFiles/llvm-cxxfilt.dir/llvm-cxxfilt.cpp.o
[900/1907] Building CXX object tools/llvm-cov/CMakeFiles/llvm-cov.dir/CoverageExporterJson.cpp.o
[901/1907] Linking CXX executable bin/llvm-cxxfilt
[902/1907] Linking CXX executable bin/llvm-cxxmap
[903/1907] Building CXX object tools/llvm-cov/CMakeFiles/llvm-cov.dir/CoverageReport.cpp.o
[904/1907] Building CXX object tools/dsymutil/CMakeFiles/dsymutil.dir/DwarfLinkerForBinary.cpp.o
[905/1907] Building CXX object tools/bugpoint-passes/CMakeFiles/BugpointPasses.dir/TestPasses.cpp.o
[906/1907] Building CXX object tools/llvm-debuginfod-find/CMakeFiles/llvm-debuginfod-find.dir/llvm-debuginfod-find.cpp.o
[907/1907] Linking CXX shared module lib/BugpointPasses.so
[908/1907] Building CXX object tools/llvm-cfi-verify/lib/CMakeFiles/LLVMCFIVerify.dir/FileAnalysis.cpp.o
[909/1907] Building CXX object tools/llvm-cov/CMakeFiles/llvm-cov.dir/SourceCoverageViewText.cpp.o
[910/1907] Building CXX object tools/llvm-cvtres/CMakeFiles/llvm-cvtres.dir/llvm-cvtres.cpp.o
[911/1907] Linking CXX executable bin/llvm-debuginfod-find
[912/1907] Linking CXX static library lib/libLLVMCFIVerify.a
[913/1907] Building CXX object tools/llvm-dwp/CMakeFiles/llvm-dwp.dir/llvm-dwp-driver.cpp.o
[914/1907] Linking CXX executable bin/llvm-cvtres
[915/1907] Building CXX object tools/llvm-cov/CMakeFiles/llvm-cov.dir/TestingSupport.cpp.o
[916/1907] Linking CXX executable bin/dsymutil
[917/1907] Linking CXX executable bin/llvm-cfi-verify
[918/1907] Building CXX object tools/clang/unittests/Serialization/CMakeFiles/SerializationTests.dir/VarDeclConstantInitTest.cpp.o
[919/1907] Building CXX object tools/llvm-diff/CMakeFiles/llvm-diff.dir/llvm-diff.cpp.o
[920/1907] Building CXX object tools/llvm-diff/lib/CMakeFiles/LLVMDiff.dir/DiffConsumer.cpp.o
[921/1907] Building CXX object tools/llvm-cov/CMakeFiles/llvm-cov.dir/SourceCoverageViewHTML.cpp.o
[922/1907] Building CXX object tools/llvm-cov/CMakeFiles/llvm-cov.dir/SourceCoverageView.cpp.o
[923/1907] Building CXX object tools/clang/unittests/Serialization/CMakeFiles/SerializationTests.dir/ForceCheckFileInputTest.cpp.o
[924/1907] Building CXX object tools/clang/unittests/Format/CMakeFiles/FormatTests.dir/FormatTest.cpp.o
[925/1907] Building CXX object tools/llvm-dwarfdump/CMakeFiles/llvm-dwarfdump.dir/SectionSizes.cpp.o
[926/1907] Building CXX object tools/llvm-exegesis/lib/CMakeFiles/LLVMExegesis.dir/Error.cpp.o
[927/1907] Linking CXX executable tools/clang/unittests/Format/FormatTests
[928/1907] Building CXX object tools/llvm-exegesis/lib/CMakeFiles/LLVMExegesis.dir/RegisterValue.cpp.o
[929/1907] Building CXX object tools/llvm-cxxdump/CMakeFiles/llvm-cxxdump.dir/llvm-cxxdump.cpp.o
[930/1907] Linking CXX executable tools/clang/unittests/Serialization/SerializationTests
[931/1907] Building CXX object tools/llvm-exegesis/lib/CMakeFiles/LLVMExegesis.dir/PerfHelper.cpp.o
[932/1907] Linking CXX executable bin/llvm-cxxdump
[933/1907] Building CXX object tools/llvm-exegesis/lib/CMakeFiles/LLVMExegesis.dir/RegisterAliasing.cpp.o
[934/1907] Building CXX object tools/llvm-exegesis/lib/CMakeFiles/LLVMExegesis.dir/CodeTemplate.cpp.o
[935/1907] Building CXX object tools/llvm-debuginfo-analyzer/CMakeFiles/llvm-debuginfo-analyzer.dir/llvm-debuginfo-analyzer.cpp.o
[936/1907] Building CXX object tools/llvm-diff/lib/CMakeFiles/LLVMDiff.dir/DifferenceEngine.cpp.o
[937/1907] Linking CXX static library lib/libLLVMDiff.a
[938/1907] Linking CXX executable bin/llvm-diff
[939/1907] Building CXX object tools/llvm-exegesis/lib/CMakeFiles/LLVMExegesis.dir/ValidationEvent.cpp.o
[940/1907] Building Opts.inc...
[941/1907] Building CXX object tools/llvm-exegesis/lib/CMakeFiles/LLVMExegesis.dir/MCInstrDescView.cpp.o
[942/1907] Building CXX object tools/llvm-dwarfdump/CMakeFiles/llvm-dwarfdump.dir/Statistics.cpp.o
[943/1907] Building Opts.inc...
[944/1907] Building CXX object tools/llvm-exegesis/lib/CMakeFiles/LLVMExegesis.dir/DisassemblerHelper.cpp.o
[945/1907] Building CXX object tools/llvm-exegesis/lib/CMakeFiles/LLVMExegesis.dir/ResultAggregator.cpp.o
[946/1907] Building CXX object tools/llvm-gsymutil/CMakeFiles/llvm-gsymutil.dir/llvm-gsymutil-driver.cpp.o
[947/1907] Building CXX object tools/llvm-dis/CMakeFiles/llvm-dis.dir/llvm-dis.cpp.o
[948/1907] Building CXX object tools/llvm-isel-fuzzer/CMakeFiles/llvm-isel-fuzzer.dir/DummyISelFuzzer.cpp.o
[949/1907] Linking CXX executable bin/llvm-dis
[950/1907] Building CXX object tools/llvm-exegesis/lib/CMakeFiles/LLVMExegesis.dir/Analysis.cpp.o
[951/1907] Building CXX object tools/llvm-dwp/CMakeFiles/llvm-dwp.dir/llvm-dwp.cpp.o
[952/1907] Building CXX object tools/llvm-ifs/CMakeFiles/llvm-ifs.dir/ErrorCollector.cpp.o
[953/1907] Building CXX object tools/llvm-cov/CMakeFiles/llvm-cov.dir/CodeCoverage.cpp.o
[954/1907] Building CXX object tools/llvm-ifs/CMakeFiles/llvm-ifs.dir/llvm-ifs-driver.cpp.o
[955/1907] Linking CXX executable bin/llvm-cov
[956/1907] Linking CXX executable bin/llvm-dwp
[957/1907] Building Opts.inc...
[958/1907] Building CXX object tools/llvm-debuginfo-analyzer/CMakeFiles/llvm-debuginfo-analyzer.dir/Options.cpp.o
[959/1907] Building CXX object tools/llvm-dwarfdump/CMakeFiles/llvm-dwarfdump.dir/llvm-dwarfdump.cpp.o
[960/1907] Building CXX object tools/llvm-exegesis/lib/CMakeFiles/LLVMExegesis.dir/SubprocessMemory.cpp.o
[961/1907] Building CXX object tools/llvm-exegesis/lib/CMakeFiles/LLVMExegesis.dir/SchedClassResolution.cpp.o
[962/1907] Building CXX object tools/lli/CMakeFiles/lli.dir/lli.cpp.o
[963/1907] Linking CXX executable bin/llvm-debuginfo-analyzer
[964/1907] Building LipoOpts.inc...
[965/1907] Linking CXX executable bin/llvm-dwarfdump
[966/1907] Building CXX object tools/llvm-exegesis/lib/CMakeFiles/LLVMExegesis.dir/Clustering.cpp.o
[967/1907] Linking CXX executable bin/lli
[968/1907] Building CXX object tools/llvm-libtool-darwin/CMakeFiles/llvm-libtool-darwin.dir/llvm-libtool-darwin-driver.cpp.o
[969/1907] Building CXX object tools/llvm-lipo/CMakeFiles/llvm-lipo.dir/llvm-lipo-driver.cpp.o
[970/1907] Building CXX object tools/llvm-dwarfutil/CMakeFiles/llvm-dwarfutil.dir/DebugInfoLinker.cpp.o
[971/1907] Building CXX object tools/llvm-ifs/CMakeFiles/llvm-ifs.dir/llvm-ifs.cpp.o
[972/1907] Linking CXX executable bin/llvm-ifs
[973/1907] Building CXX object tools/llvm-mca/CMakeFiles/llvm-mca.dir/CodeRegion.cpp.o
[974/1907] Building CXX object tools/llvm-isel-fuzzer/CMakeFiles/llvm-isel-fuzzer.dir/llvm-isel-fuzzer.cpp.o
[975/1907] Building CXX object tools/llvm-gsymutil/CMakeFiles/llvm-gsymutil.dir/llvm-gsymutil.cpp.o
[976/1907] Building CXX object tools/llvm-dwarfutil/CMakeFiles/llvm-dwarfutil.dir/llvm-dwarfutil.cpp.o
[977/1907] Building CXX object tools/llvm-exegesis/lib/CMakeFiles/LLVMExegesis.dir/LatencyBenchmarkRunner.cpp.o
[978/1907] Building CXX object tools/llvm-mca/CMakeFiles/llvm-mca.dir/PipelinePrinter.cpp.o
[979/1907] Linking CXX executable bin/llvm-isel-fuzzer
[980/1907] Building CXX object tools/llvm-exegesis/lib/CMakeFiles/LLVMExegesis.dir/BenchmarkResult.cpp.o
[981/1907] Building CXX object tools/llvm-mca/CMakeFiles/llvm-mca.dir/CodeRegionGenerator.cpp.o
[982/1907] Linking CXX executable bin/llvm-gsymutil
[983/1907] Linking CXX executable bin/llvm-dwarfutil
[984/1907] Building CXX object tools/llvm-jitlink/CMakeFiles/llvm-jitlink.dir/llvm-jitlink-elf.cpp.o
[985/1907] Building CXX object tools/llvm-exegesis/lib/CMakeFiles/LLVMExegesis.dir/ParallelSnippetGenerator.cpp.o
[986/1907] Building Opts.inc...
[987/1907] Building CXX object tools/llvm-exegesis/lib/CMakeFiles/LLVMExegesis.dir/BenchmarkRunner.cpp.o
[988/1907] Building CXX object tools/llvm-jitlink/CMakeFiles/llvm-jitlink.dir/llvm-jitlink-coff.cpp.o
[989/1907] Building CXX object tools/llvm-jitlink/CMakeFiles/llvm-jitlink.dir/llvm-jitlink-statistics.cpp.o
[990/1907] Building CXX object tools/llvm-exegesis/lib/CMakeFiles/LLVMExegesis.dir/LlvmState.cpp.o
[991/1907] Building Opts.inc...
[992/1907] Building CXX object tools/llvm-jitlink/CMakeFiles/llvm-jitlink.dir/llvm-jitlink-macho.cpp.o
[993/1907] Building CXX object tools/llvm-exegesis/lib/CMakeFiles/LLVMExegesis.dir/SerialSnippetGenerator.cpp.o
[994/1907] Building Opts.inc...
[995/1907] Building CXX object tools/llvm-exegesis/lib/CMakeFiles/LLVMExegesis.dir/UopsBenchmarkRunner.cpp.o
[996/1907] Building CXX object tools/llvm-mca/CMakeFiles/llvm-mca.dir/Views/BottleneckAnalysis.cpp.o
[997/1907] Building ObjcopyOpts.inc...
[998/1907] Building InstallNameToolOpts.inc...
[999/1907] Building BitcodeStripOpts.inc...
[1000/1907] Building StripOpts.inc...
[1001/1907] Building CXX object tools/llvm-exegesis/lib/CMakeFiles/LLVMExegesis.dir/SnippetFile.cpp.o
[1002/1907] Building CXX object tools/llvm-mca/CMakeFiles/llvm-mca.dir/Views/DispatchStatistics.cpp.o
[1003/1907] Building CXX object tools/llvm-lipo/CMakeFiles/llvm-lipo.dir/llvm-lipo.cpp.o
[1004/1907] Building CXX object tools/llvm-mt/CMakeFiles/llvm-mt.dir/llvm-mt-driver.cpp.o
[1005/1907] Generating ../../bin/llvm-otool
[1006/1907] Building CXX object tools/llvm-ml/CMakeFiles/llvm-ml.dir/llvm-ml-driver.cpp.o
[1007/1907] Building CXX object tools/llvm-opt-fuzzer/CMakeFiles/llvm-opt-fuzzer.dir/DummyOptFuzzer.cpp.o
[1008/1907] Building CXX object tools/llvm-exegesis/lib/CMakeFiles/LLVMExegesis.dir/SnippetGenerator.cpp.o
[1009/1907] Linking CXX executable bin/llvm-lipo
[1010/1907] Building CXX object tools/llvm-link/CMakeFiles/llvm-link.dir/llvm-link.cpp.o
[1011/1907] Building CXX object tools/llvm-exegesis/lib/CMakeFiles/LLVMExegesis.dir/Target.cpp.o
[1012/1907] Building CXX object tools/llvm-libtool-darwin/CMakeFiles/llvm-libtool-darwin.dir/llvm-libtool-darwin.cpp.o
[1013/1907] Building CXX object tools/llvm-mca/CMakeFiles/llvm-mca.dir/Views/InstructionView.cpp.o
[1014/1907] Building CXX object tools/llvm-mca/CMakeFiles/llvm-mca.dir/Views/RegisterFileStatistics.cpp.o
[1015/1907] Linking CXX executable bin/llvm-link
[1016/1907] Building CXX object tools/llvm-nm/CMakeFiles/llvm-nm.dir/llvm-nm-driver.cpp.o
[1017/1907] Building CXX object tools/llvm-extract/CMakeFiles/llvm-extract.dir/llvm-extract.cpp.o
[1018/1907] Linking CXX executable bin/llvm-libtool-darwin
[1019/1907] Building CXX object tools/llvm-mca/CMakeFiles/llvm-mca.dir/Views/RetireControlUnitStatistics.cpp.o
[1020/1907] Building CXX object tools/llvm-objcopy/CMakeFiles/llvm-objcopy.dir/llvm-objcopy-driver.cpp.o
[1021/1907] Building CXX object tools/llvm-exegesis/lib/CMakeFiles/LLVMExegesis.dir/Assembler.cpp.o
[1022/1907] Building CXX object tools/llvm-mca/CMakeFiles/llvm-mca.dir/Views/ResourcePressureView.cpp.o
[1023/1907] Building CXX object tools/llvm-mca/CMakeFiles/llvm-mca.dir/Views/InstructionInfoView.cpp.o
[1024/1907] Building CXX object tools/llvm-mca/CMakeFiles/llvm-mca.dir/Views/SchedulerStatistics.cpp.o
[1025/1907] Building CXX object tools/llvm-mca/CMakeFiles/llvm-mca.dir/Views/SummaryView.cpp.o
[1026/1907] Linking CXX executable bin/llvm-extract
[1027/1907] Building CXX object tools/llvm-mt/CMakeFiles/llvm-mt.dir/llvm-mt.cpp.o
[1028/1907] Linking CXX executable bin/llvm-mt
[1029/1907] Building CXX object tools/llvm-exegesis/lib/RISCV/CMakeFiles/LLVMExegesisRISCV.dir/Target.cpp.o
[1030/1907] Building CXX object tools/llvm-mca/CMakeFiles/llvm-mca.dir/Views/TimelineView.cpp.o
[1031/1907] Building CXX object tools/llvm-exegesis/CMakeFiles/llvm-exegesis.dir/llvm-exegesis.cpp.o
[1032/1907] Building CXX object tools/llvm-exegesis/lib/CMakeFiles/LLVMExegesis.dir/SnippetRepetitor.cpp.o
[1033/1907] Linking CXX static library lib/libLLVMExegesis.a
[1034/1907] Building CXX object tools/llvm-mca/CMakeFiles/llvm-mca.dir/llvm-mca.cpp.o
[1035/1907] Building CXX object tools/llvm-ml/CMakeFiles/llvm-ml.dir/Disassembler.cpp.o
[1036/1907] Linking CXX static library lib/libLLVMExegesisRISCV.a
[1037/1907] Linking CXX executable bin/llvm-mca
[1038/1907] Building CXX object tools/llvm-pdbutil/CMakeFiles/llvm-pdbutil.dir/PrettyBuiltinDumper.cpp.o
[1039/1907] Building CXX object tools/llvm-pdbutil/CMakeFiles/llvm-pdbutil.dir/PrettyExternalSymbolDumper.cpp.o
[1040/1907] Building CXX object tools/llvm-pdbutil/CMakeFiles/llvm-pdbutil.dir/PrettyClassLayoutGraphicalDumper.cpp.o
[1041/1907] Building CXX object tools/llvm-pdbutil/CMakeFiles/llvm-pdbutil.dir/PrettyEnumDumper.cpp.o
[1042/1907] Building CXX object tools/llvm-modextract/CMakeFiles/llvm-modextract.dir/llvm-modextract.cpp.o
[1043/1907] Building CXX object tools/llvm-pdbutil/CMakeFiles/llvm-pdbutil.dir/PrettyClassDefinitionDumper.cpp.o
[1044/1907] Building Opts.inc...
[1045/1907] Building WindresOpts.inc...
[1046/1907] Linking CXX executable bin/llvm-exegesis
[1047/1907] Building CXX object tools/llvm-pdbutil/CMakeFiles/llvm-pdbutil.dir/PrettyTypedefDumper.cpp.o
[1048/1907] Building CXX object tools/llvm-pdbutil/CMakeFiles/llvm-pdbutil.dir/PrettyFunctionDumper.cpp.o
[1049/1907] Building CXX object tools/llvm-pdbutil/CMakeFiles/llvm-pdbutil.dir/PrettyCompilandDumper.cpp.o
[1050/1907] Linking CXX executable bin/llvm-modextract
[1051/1907] Building CXX object tools/llvm-ml/CMakeFiles/llvm-ml.dir/llvm-ml.cpp.o
[1052/1907] Building CXX object tools/llvm-pdbutil/CMakeFiles/llvm-pdbutil.dir/PrettyVariableDumper.cpp.o
[1053/1907] Building CXX object tools/llvm-pdbutil/CMakeFiles/llvm-pdbutil.dir/BytesOutputStyle.cpp.o
[1054/1907] Building Opts.inc...
[1055/1907] Linking CXX executable bin/llvm-ml
[1056/1907] Building CXX object tools/llvm-objcopy/CMakeFiles/llvm-objcopy.dir/llvm-objcopy.cpp.o
[1057/1907] Building CXX object tools/llvm-opt-report/CMakeFiles/llvm-opt-report.dir/OptReport.cpp.o
[1058/1907] Building CXX object tools/llvm-pdbutil/CMakeFiles/llvm-pdbutil.dir/StreamUtil.cpp.o
[1059/1907] Linking CXX executable bin/llvm-opt-report
[1060/1907] Building CXX object tools/llvm-rc/CMakeFiles/llvm-rc.dir/ResourceScriptCppFilter.cpp.o
[1061/1907] Building CXX object tools/llvm-pdbutil/CMakeFiles/llvm-pdbutil.dir/PrettyTypeDumper.cpp.o
[1062/1907] Building CXX object tools/llvm-pdbutil/CMakeFiles/llvm-pdbutil.dir/ExplainOutputStyle.cpp.o
[1063/1907] Building CXX object tools/llvm-rc/CMakeFiles/llvm-rc.dir/llvm-rc-driver.cpp.o
[1064/1907] Building CXX object tools/llvm-pdbutil/CMakeFiles/llvm-pdbutil.dir/PdbYaml.cpp.o
[1065/1907] Building CXX object tools/llvm-rc/CMakeFiles/llvm-rc.dir/ResourceScriptToken.cpp.o
[1066/1907] Building CXX object tools/llvm-pdbutil/CMakeFiles/llvm-pdbutil.dir/TypeReferenceTracker.cpp.o
[1067/1907] Building CXX object tools/llvm-rc/CMakeFiles/llvm-rc.dir/ResourceScriptStmt.cpp.o
[1068/1907] Building TapiOpts.inc...
[1069/1907] Building CXX object tools/llvm-pdbutil/CMakeFiles/llvm-pdbutil.dir/MinimalTypeDumper.cpp.o
[1070/1907] Building CXX object tools/llvm-lto2/CMakeFiles/llvm-lto2.dir/llvm-lto2.cpp.o
[1071/1907] Building CXX object tools/llvm-readobj/CMakeFiles/llvm-readobj.dir/llvm-readobj-driver.cpp.o
[1072/1907] Building CXX object tools/llvm-readobj/CMakeFiles/llvm-readobj.dir/COFFImportDumper.cpp.o
[1073/1907] Building CXX object tools/llvm-reduce/CMakeFiles/llvm-reduce.dir/ReducerWorkItem.cpp.o
[1074/1907] Building CXX object tools/llvm-reduce/CMakeFiles/llvm-reduce.dir/DeltaManager.cpp.o
[1075/1907] Building CXX object tools/llvm-reduce/CMakeFiles/llvm-reduce.dir/TestRunner.cpp.o
[1076/1907] Building CXX object tools/llvm-reduce/CMakeFiles/llvm-reduce.dir/deltas/Delta.cpp.o
[1077/1907] Building CXX object tools/llvm-reduce/CMakeFiles/llvm-reduce.dir/deltas/Utils.cpp.o
[1078/1907] Building CXX object tools/llvm-reduce/CMakeFiles/llvm-reduce.dir/deltas/ReduceAliases.cpp.o
[1079/1907] Building CXX object tools/llvm-reduce/CMakeFiles/llvm-reduce.dir/deltas/ReduceArguments.cpp.o
[1080/1907] Building CXX object tools/llvm-reduce/CMakeFiles/llvm-reduce.dir/deltas/ReduceAttributes.cpp.o
[1081/1907] Building CXX object tools/llvm-reduce/CMakeFiles/llvm-reduce.dir/deltas/ReduceBasicBlocks.cpp.o
[1082/1907] Building CXX object tools/llvm-reduce/CMakeFiles/llvm-reduce.dir/deltas/ReduceDIMetadata.cpp.o
[1083/1907] Building CXX object tools/llvm-reduce/CMakeFiles/llvm-reduce.dir/deltas/ReduceDistinctMetadata.cpp.o
[1084/1907] Building CXX object tools/llvm-reduce/CMakeFiles/llvm-reduce.dir/deltas/ReduceDbgRecords.cpp.o
[1085/1907] Building CXX object tools/llvm-reduce/CMakeFiles/llvm-reduce.dir/deltas/ReduceFunctionBodies.cpp.o
[1086/1907] Building CXX object tools/llvm-reduce/CMakeFiles/llvm-reduce.dir/deltas/ReduceGlobalObjects.cpp.o
[1087/1907] Building CXX object tools/llvm-reduce/CMakeFiles/llvm-reduce.dir/deltas/ReduceFunctions.cpp.o
[1088/1907] Building CXX object tools/llvm-reduce/CMakeFiles/llvm-reduce.dir/deltas/ReduceGlobalValues.cpp.o
[1089/1907] Building CXX object tools/llvm-reduce/CMakeFiles/llvm-reduce.dir/deltas/ReduceGlobalVarInitializers.cpp.o
[1090/1907] Building CXX object tools/llvm-reduce/CMakeFiles/llvm-reduce.dir/deltas/ReduceGlobalVars.cpp.o
[1091/1907] Building CXX object tools/llvm-reduce/CMakeFiles/llvm-reduce.dir/deltas/ReduceInstructions.cpp.o
[1092/1907] Building CXX object tools/llvm-reduce/CMakeFiles/llvm-reduce.dir/deltas/ReduceInstructionFlags.cpp.o
[1093/1907] Building CXX object tools/llvm-reduce/CMakeFiles/llvm-reduce.dir/deltas/ReduceInvokes.cpp.o
[1094/1907] Building CXX object tools/llvm-reduce/CMakeFiles/llvm-reduce.dir/deltas/ReduceModuleData.cpp.o
[1095/1907] Building CXX object tools/llvm-reduce/CMakeFiles/llvm-reduce.dir/deltas/ReduceMetadata.cpp.o
[1096/1907] Building CXX object tools/llvm-reduce/CMakeFiles/llvm-reduce.dir/deltas/ReduceMemoryOperations.cpp.o
[1097/1907] Building CXX object tools/llvm-reduce/CMakeFiles/llvm-reduce.dir/deltas/ReduceOperandBundles.cpp.o
[1098/1907] Building CXX object tools/llvm-reduce/CMakeFiles/llvm-reduce.dir/deltas/ReduceOpcodes.cpp.o
[1099/1907] Building CXX object tools/llvm-reduce/CMakeFiles/llvm-reduce.dir/deltas/ReduceSpecialGlobals.cpp.o
[1100/1907] Building CXX object tools/llvm-reduce/CMakeFiles/llvm-reduce.dir/deltas/ReduceOperands.cpp.o
[1101/1907] Building CXX object tools/llvm-reduce/CMakeFiles/llvm-reduce.dir/deltas/ReduceOperandsSkip.cpp.o
[1102/1907] Building CXX object tools/llvm-reduce/CMakeFiles/llvm-reduce.dir/deltas/ReduceOperandsToArgs.cpp.o
[1103/1907] Building CXX object tools/llvm-reduce/CMakeFiles/llvm-reduce.dir/deltas/ReduceInstructionsMIR.cpp.o
[1104/1907] Building CXX object tools/llvm-reduce/CMakeFiles/llvm-reduce.dir/deltas/ReduceInstructionFlagsMIR.cpp.o
[1105/1907] Building CXX object tools/llvm-reduce/CMakeFiles/llvm-reduce.dir/deltas/ReduceIRReferences.cpp.o
[1106/1907] Building CXX object tools/llvm-reduce/CMakeFiles/llvm-reduce.dir/deltas/ReduceVirtualRegisters.cpp.o
[1107/1907] Building CXX object tools/llvm-reduce/CMakeFiles/llvm-reduce.dir/deltas/ReduceRegisterMasks.cpp.o
[1108/1907] Building CXX object tools/llvm-reduce/CMakeFiles/llvm-reduce.dir/deltas/ReduceRegisterDefs.cpp.o
[1109/1907] Building CXX object tools/llvm-reduce/CMakeFiles/llvm-reduce.dir/deltas/ReduceRegisterUses.cpp.o
[1110/1907] Building CXX object tools/llvm-reduce/CMakeFiles/llvm-reduce.dir/deltas/ReduceUsingSimplifyCFG.cpp.o
[1111/1907] Building CXX object tools/llvm-reduce/CMakeFiles/llvm-reduce.dir/deltas/RunIRPasses.cpp.o
[1112/1907] Building CXX object tools/llvm-reduce/CMakeFiles/llvm-reduce.dir/deltas/SimplifyInstructions.cpp.o
[1113/1907] Building CXX object tools/llvm-reduce/CMakeFiles/llvm-reduce.dir/deltas/StripDebugInfo.cpp.o
[1114/1907] Building CXX object tools/llvm-reduce/CMakeFiles/llvm-reduce.dir/llvm-reduce.cpp.o
[1115/1907] Building CXX object tools/llvm-pdbutil/CMakeFiles/llvm-pdbutil.dir/MinimalSymbolDumper.cpp.o
[1116/1907] Linking CXX executable bin/llvm-lto2
[1117/1907] Building CXX object tools/llvm-readobj/CMakeFiles/llvm-readobj.dir/WindowsResourceDumper.cpp.o
[1118/1907] Building CXX object tools/llvm-pdbutil/CMakeFiles/llvm-pdbutil.dir/YAMLOutputStyle.cpp.o
[1119/1907] Building CXX object tools/llvm-rc/CMakeFiles/llvm-rc.dir/ResourceFileWriter.cpp.o
[1120/1907] Building CXX object tools/llvm-rc/CMakeFiles/llvm-rc.dir/llvm-rc.cpp.o
[1121/1907] Linking CXX executable bin/llvm-reduce
[1122/1907] Building CXX object tools/llvm-objcopy/CMakeFiles/llvm-objcopy.dir/ObjcopyOptions.cpp.o
[1123/1907] Building CXX object tools/llvm-readobj/CMakeFiles/llvm-readobj.dir/ARMWinEHPrinter.cpp.o
[1124/1907] Building CXX object tools/llvm-readobj/CMakeFiles/llvm-readobj.dir/Win64EHDumper.cpp.o
[1125/1907] Building Opts.inc...
[1126/1907] Linking CXX executable bin/llvm-objcopy
[1127/1907] Generating ../../bin/llvm-install-name-tool
[1128/1907] Generating ../../bin/llvm-bitcode-strip
[1129/1907] Generating ../../bin/llvm-strip
[1130/1907] Building CXX object tools/llvm-readobj/CMakeFiles/llvm-readobj.dir/WasmDumper.cpp.o
[1131/1907] Building CXX object tools/llvm-readobj/CMakeFiles/llvm-readobj.dir/ObjDumper.cpp.o
[1132/1907] Building CXX object tools/llvm-remarkutil/CMakeFiles/llvm-remarkutil.dir/RemarkUtil.cpp.o
[1133/1907] Building Opts.inc...
[1134/1907] Building CXX object tools/llvm-rc/CMakeFiles/llvm-rc.dir/ResourceScriptParser.cpp.o
[1135/1907] Linking CXX executable bin/llvm-rc
[1136/1907] Generating ../../bin/llvm-windres
[1137/1907] Building Opts.inc...
[1138/1907] Building CXX object tools/llvm-remarkutil/CMakeFiles/llvm-remarkutil.dir/RemarkUtilRegistry.cpp.o
[1139/1907] Building CXX object tools/llvm-readobj/CMakeFiles/llvm-readobj.dir/XCOFFDumper.cpp.o
[1140/1907] Building CXX object tools/llvm-size/CMakeFiles/llvm-size.dir/llvm-size-driver.cpp.o
[1141/1907] Building Opts.inc...
[1142/1907] Building CXX object tools/llvm-remarkutil/CMakeFiles/llvm-remarkutil.dir/RemarkUtilHelpers.cpp.o
[1143/1907] Building CXX object tools/llvm-readobj/CMakeFiles/llvm-readobj.dir/MachODumper.cpp.o
[1144/1907] Building CXX object tools/llvm-remarkutil/CMakeFiles/llvm-remarkutil.dir/RemarkConvert.cpp.o
[1145/1907] Building CXX object tools/llvm-readtapi/CMakeFiles/llvm-readtapi.dir/llvm-readtapi.cpp.o
[1146/1907] Building CXX object tools/llvm-nm/CMakeFiles/llvm-nm.dir/llvm-nm.cpp.o
[1147/1907] Building CXX object tools/llvm-symbolizer/CMakeFiles/llvm-symbolizer.dir/llvm-symbolizer-driver.cpp.o
[1148/1907] Building CXX object tools/llvm-remarkutil/CMakeFiles/llvm-remarkutil.dir/RemarkCount.cpp.o
[1149/1907] Linking CXX executable bin/llvm-nm
[1150/1907] Building CXX object tools/llvm-opt-fuzzer/CMakeFiles/llvm-opt-fuzzer.dir/llvm-opt-fuzzer.cpp.o
[1151/1907] Building CXX object tools/llvm-readobj/CMakeFiles/llvm-readobj.dir/llvm-readobj.cpp.o
[1152/1907] Linking CXX executable bin/llvm-opt-fuzzer
[1153/1907] Building CXX object tools/llvm-strings/CMakeFiles/llvm-strings.dir/llvm-strings.cpp.o
[1154/1907] Building CXX object tools/llvm-readtapi/CMakeFiles/llvm-readtapi.dir/DiffEngine.cpp.o
[1155/1907] Building CXX object tools/llvm-profgen/CMakeFiles/llvm-profgen.dir/MissingFrameInferrer.cpp.o
[1156/1907] Linking CXX executable bin/llvm-strings
[1157/1907] Building CXX object tools/llvm-undname/CMakeFiles/llvm-undname.dir/llvm-undname.cpp.o
[1158/1907] Building CXX object tools/llvm-xray/CMakeFiles/llvm-xray.dir/llvm-xray.cpp.o
[1159/1907] Building CXX object tools/llvm-xray/CMakeFiles/llvm-xray.dir/xray-color-helper.cpp.o
[1160/1907] Linking CXX executable bin/llvm-undname
[1161/1907] Building CXX object tools/llvm-pdbutil/CMakeFiles/llvm-pdbutil.dir/llvm-pdbutil.cpp.o
[1162/1907] Linking CXX executable bin/llvm-readtapi
[1163/1907] Building CXX object tools/llvm-xray/CMakeFiles/llvm-xray.dir/func-id-helper.cpp.o
[1164/1907] Building CXX object tools/llvm-profgen/CMakeFiles/llvm-profgen.dir/CSPreInliner.cpp.o
[1165/1907] Building CXX object tools/llvm-remarkutil/CMakeFiles/llvm-remarkutil.dir/RemarkSizeDiff.cpp.o
[1166/1907] Building CXX object tools/llvm-remarkutil/CMakeFiles/llvm-remarkutil.dir/RemarkCounter.cpp.o
[1167/1907] Building CXX object tools/llvm-readobj/CMakeFiles/llvm-readobj.dir/COFFDumper.cpp.o
[1168/1907] Building CXX object tools/llvm-profgen/CMakeFiles/llvm-profgen.dir/llvm-profgen.cpp.o
[1169/1907] Linking CXX executable bin/llvm-remarkutil
[1170/1907] Building CXX object tools/llvm-stress/CMakeFiles/llvm-stress.dir/llvm-stress.cpp.o
[1171/1907] Building CXX object tools/llvm-size/CMakeFiles/llvm-size.dir/llvm-size.cpp.o
[1172/1907] Building CXX object tools/llvm-xray/CMakeFiles/llvm-xray.dir/xray-fdr-dump.cpp.o
[1173/1907] Building Opts.inc...
[1174/1907] Building CXX object tools/llvm-xray/CMakeFiles/llvm-xray.dir/xray-registry.cpp.o
[1175/1907] Linking CXX executable bin/llvm-stress
[1176/1907] Linking CXX executable bin/llvm-size
[1177/1907] Building CXX object tools/llvm-split/CMakeFiles/llvm-split.dir/llvm-split.cpp.o
[1178/1907] Building CXX object tools/llvm-pdbutil/CMakeFiles/llvm-pdbutil.dir/DumpOutputStyle.cpp.o
[1179/1907] Building CXX object tools/llvm-sim/CMakeFiles/llvm-sim.dir/llvm-sim.cpp.o
[1180/1907] Building CXX object tools/llvm-xray/CMakeFiles/llvm-xray.dir/xray-extract.cpp.o
[1181/1907] Linking CXX executable bin/llvm-pdbutil
[1182/1907] Linking CXX executable bin/llvm-sim
[1183/1907] Building CXX object tools/sancov/CMakeFiles/sancov.dir/sancov-driver.cpp.o
[1184/1907] Linking CXX executable bin/llvm-split
[1185/1907] Building CXX object tools/llvm-symbolizer/CMakeFiles/llvm-symbolizer.dir/llvm-symbolizer.cpp.o
[1186/1907] Linking CXX executable bin/llvm-symbolizer
[1187/1907] Generating ../../bin/llvm-addr2line
[1188/1907] Building CXX object tools/llvm-profgen/CMakeFiles/llvm-profgen.dir/PerfReader.cpp.o
[1189/1907] Building CXX object tools/obj2yaml/CMakeFiles/obj2yaml.dir/archive2yaml.cpp.o
[1190/1907] Building CXX object tools/obj2yaml/CMakeFiles/obj2yaml.dir/minidump2yaml.cpp.o
[1191/1907] Building CXX object tools/obj2yaml/CMakeFiles/obj2yaml.dir/obj2yaml.cpp.o
[1192/1907] Building CXX object tools/llvm-tli-checker/CMakeFiles/llvm-tli-checker.dir/llvm-tli-checker.cpp.o
[1193/1907] Building CXX object tools/obj2yaml/CMakeFiles/obj2yaml.dir/offload2yaml.cpp.o
[1194/1907] Building CXX object tools/llvm-xray/CMakeFiles/llvm-xray.dir/xray-converter.cpp.o
[1195/1907] Building CXX object tools/llvm-xray/CMakeFiles/llvm-xray.dir/xray-graph-diff.cpp.o
[1196/1907] Building CXX object tools/llvm-jitlink/CMakeFiles/llvm-jitlink.dir/llvm-jitlink.cpp.o
[1197/1907] Linking CXX executable bin/llvm-tli-checker
[1198/1907] Building CXX object tools/llvm-rtdyld/CMakeFiles/llvm-rtdyld.dir/llvm-rtdyld.cpp.o
[1199/1907] Building CXX object tools/obj2yaml/CMakeFiles/obj2yaml.dir/dxcontainer2yaml.cpp.o
[1200/1907] Linking CXX executable bin/llvm-jitlink
[1201/1907] Building CXX object tools/obj2yaml/CMakeFiles/obj2yaml.dir/coff2yaml.cpp.o
[1202/1907] Building CXX object unittests/ADT/CMakeFiles/ADTTests.dir/CountCopyAndMove.cpp.o
[1203/1907] Linking CXX executable bin/llvm-rtdyld
[1204/1907] Building CXX object tools/obj2yaml/CMakeFiles/obj2yaml.dir/xcoff2yaml.cpp.o
[1205/1907] Building CXX object tools/llvm-xray/CMakeFiles/llvm-xray.dir/xray-graph.cpp.o
[1206/1907] Building CXX object tools/llvm-profgen/CMakeFiles/llvm-profgen.dir/ProfileGenerator.cpp.o
[1207/1907] Building CXX object unittests/ADT/CMakeFiles/ADTTests.dir/AnyTest.cpp.o
[1208/1907] Building CXX object tools/obj2yaml/CMakeFiles/obj2yaml.dir/dwarf2yaml.cpp.o
[1209/1907] Building CXX object tools/llvm-xray/CMakeFiles/llvm-xray.dir/xray-stacks.cpp.o
[1210/1907] Building CXX object tools/sanstats/CMakeFiles/sanstats.dir/sanstats.cpp.o
[1211/1907] Building CXX object unittests/ADT/CMakeFiles/ADTTests.dir/APFixedPointTest.cpp.o
[1212/1907] Building CXX object tools/llvm-profgen/CMakeFiles/llvm-profgen.dir/ProfiledBinary.cpp.o
[1213/1907] Building CXX object unittests/ADT/CMakeFiles/ADTTests.dir/BitmaskEnumTest.cpp.o
[1214/1907] Linking CXX executable bin/sanstats
[1215/1907] Building CXX object tools/obj2yaml/CMakeFiles/obj2yaml.dir/wasm2yaml.cpp.o
[1216/1907] Building CXX object unittests/ADT/CMakeFiles/ADTTests.dir/BitFieldsTest.cpp.o
[1217/1907] Building CXX object unittests/ADT/CMakeFiles/ADTTests.dir/APSIntTest.cpp.o
[1218/1907] Building CXX object unittests/ADT/CMakeFiles/ADTTests.dir/ArrayRefTest.cpp.o
[1219/1907] Linking CXX executable bin/llvm-profgen
[1220/1907] Building CXX object unittests/ADT/CMakeFiles/ADTTests.dir/BitTest.cpp.o
[1221/1907] Building CXX object unittests/ADT/CMakeFiles/ADTTests.dir/BreadthFirstIteratorTest.cpp.o
[1222/1907] Building CXX object unittests/ADT/CMakeFiles/ADTTests.dir/DAGDeltaAlgorithmTest.cpp.o
[1223/1907] Building CXX object tools/llvm-xray/CMakeFiles/llvm-xray.dir/xray-account.cpp.o
[1224/1907] Building CXX object unittests/ADT/CMakeFiles/ADTTests.dir/DeltaAlgorithmTest.cpp.o
[1225/1907] Building CXX object unittests/ADT/CMakeFiles/ADTTests.dir/BumpPtrListTest.cpp.o
[1226/1907] Linking CXX executable bin/llvm-xray
[1227/1907] Building CXX object unittests/ADT/CMakeFiles/ADTTests.dir/DepthFirstIteratorTest.cpp.o
[1228/1907] Building CXX object tools/verify-uselistorder/CMakeFiles/verify-uselistorder.dir/verify-uselistorder.cpp.o
[1229/1907] Building CXX object unittests/ADT/CMakeFiles/ADTTests.dir/EditDistanceTest.cpp.o
[1230/1907] Building CXX object unittests/ADT/CMakeFiles/ADTTests.dir/CombinationGeneratorTest.cpp.o
[1231/1907] Linking CXX executable bin/verify-uselistorder
[1232/1907] Building CXX object tools/yaml2obj/CMakeFiles/yaml2obj.dir/yaml2obj.cpp.o
[1233/1907] Linking CXX executable bin/yaml2obj
[1234/1907] Building CXX object unittests/ADT/CMakeFiles/ADTTests.dir/ConcurrentHashtableTest.cpp.o
[1235/1907] Building CXX object unittests/ADT/CMakeFiles/ADTTests.dir/EquivalenceClassesTest.cpp.o
[1236/1907] Building CXX object unittests/ADT/CMakeFiles/ADTTests.dir/FloatingPointMode.cpp.o
[1237/1907] Building CXX object unittests/ADT/CMakeFiles/ADTTests.dir/FunctionRefTest.cpp.o
[1238/1907] Building CXX object unittests/ADT/CMakeFiles/ADTTests.dir/DirectedGraphTest.cpp.o
[1239/1907] Building CXX object unittests/ADT/CMakeFiles/ADTTests.dir/FoldingSet.cpp.o
[1240/1907] Building CXX object unittests/ADT/CMakeFiles/ADTTests.dir/IListNodeTest.cpp.o
[1241/1907] Building CXX object unittests/ADT/CMakeFiles/ADTTests.dir/IListIteratorTest.cpp.o
[1242/1907] Building CXX object unittests/ADT/CMakeFiles/ADTTests.dir/IListSentinelTest.cpp.o
[1243/1907] Building CXX object unittests/ADT/CMakeFiles/ADTTests.dir/EnumeratedArrayTest.cpp.o
[1244/1907] Building CXX object unittests/ADT/CMakeFiles/ADTTests.dir/CoalescingBitVectorTest.cpp.o
[1245/1907] Building CXX object unittests/ADT/CMakeFiles/ADTTests.dir/IListIteratorBitsTest.cpp.o
[1246/1907] Building CXX object unittests/ADT/CMakeFiles/ADTTests.dir/IListNodeBaseTest.cpp.o
[1247/1907] Building CXX object unittests/ADT/CMakeFiles/ADTTests.dir/FallibleIteratorTest.cpp.o
[1248/1907] Building CXX object unittests/ADT/CMakeFiles/ADTTests.dir/FunctionExtrasTest.cpp.o
[1249/1907] Building CXX object unittests/ADT/CMakeFiles/ADTTests.dir/IntEqClassesTest.cpp.o
[1250/1907] Building CXX object unittests/ADT/CMakeFiles/ADTTests.dir/IListTest.cpp.o
[1251/1907] Building CXX object unittests/ADT/CMakeFiles/ADTTests.dir/Interleave.cpp.o
[1252/1907] Building CXX object unittests/ADT/CMakeFiles/ADTTests.dir/HashingTest.cpp.o
[1253/1907] Building CXX object unittests/ADT/CMakeFiles/ADTTests.dir/ImmutableListTest.cpp.o
[1254/1907] Building CXX object unittests/ADT/CMakeFiles/ADTTests.dir/IListBaseTest.cpp.o
[1255/1907] Building CXX object unittests/ADT/CMakeFiles/ADTTests.dir/ImmutableMapTest.cpp.o
[1256/1907] Building CXX object tools/obj2yaml/CMakeFiles/obj2yaml.dir/macho2yaml.cpp.o
[1257/1907] Building CXX object unittests/ADT/CMakeFiles/ADTTests.dir/ImmutableSetTest.cpp.o
[1258/1907] Building CXX object unittests/ADT/CMakeFiles/ADTTests.dir/LazyAtomicPointerTest.cpp.o
[1259/1907] Building CXX object unittests/ADT/CMakeFiles/ADTTests.dir/IntrusiveRefCntPtrTest.cpp.o
[1260/1907] Building CXX object unittests/ADT/CMakeFiles/ADTTests.dir/PackedVectorTest.cpp.o
[1261/1907] Building CXX object unittests/ADT/CMakeFiles/ADTTests.dir/PointerEmbeddedIntTest.cpp.o
[1262/1907] Building CXX object unittests/ADT/CMakeFiles/ADTTests.dir/PointerIntPairTest.cpp.o
[1263/1907] Building CXX object unittests/ADT/CMakeFiles/ADTTests.dir/PointerSumTypeTest.cpp.o
[1264/1907] Building CXX object tools/sancov/CMakeFiles/sancov.dir/sancov.cpp.o
[1265/1907] Building CXX object unittests/ADT/CMakeFiles/ADTTests.dir/DynamicAPIntTest.cpp.o
[1266/1907] Linking CXX executable bin/sancov
[1267/1907] Building CXX object unittests/ADT/CMakeFiles/ADTTests.dir/RewriteBufferTest.cpp.o
[1268/1907] Building CXX object unittests/ADT/CMakeFiles/ADTTests.dir/SCCIteratorTest.cpp.o
[1269/1907] Building CXX object unittests/ADT/CMakeFiles/ADTTests.dir/ScopeExitTest.cpp.o
[1270/1907] Building CXX object unittests/ADT/CMakeFiles/ADTTests.dir/PointerUnionTest.cpp.o
[1271/1907] Building CXX object unittests/ADT/CMakeFiles/ADTTests.dir/ScopedHashTableTest.cpp.o
[1272/1907] Building CXX object unittests/ADT/CMakeFiles/ADTTests.dir/PagedVectorTest.cpp.o
[1273/1907] Building CXX object unittests/ADT/CMakeFiles/ADTTests.dir/RangeAdapterTest.cpp.o
[1274/1907] Building CXX object unittests/ADT/CMakeFiles/ADTTests.dir/PostOrderIteratorTest.cpp.o
[1275/1907] Building CXX object unittests/ADT/CMakeFiles/ADTTests.dir/SetVectorTest.cpp.o
[1276/1907] Building CXX object unittests/ADT/CMakeFiles/ADTTests.dir/STLForwardCompatTest.cpp.o
[1277/1907] Building CXX object unittests/ADT/CMakeFiles/ADTTests.dir/DenseSetTest.cpp.o
[1278/1907] Building CXX object unittests/ADT/CMakeFiles/ADTTests.dir/IntervalTreeTest.cpp.o
[1279/1907] Building CXX object unittests/ADT/CMakeFiles/ADTTests.dir/PriorityWorklistTest.cpp.o
[1280/1907] Building CXX object unittests/ADT/CMakeFiles/ADTTests.dir/SmallStringTest.cpp.o
[1281/1907] Building CXX object unittests/ADT/CMakeFiles/ADTTests.dir/SimpleIListTest.cpp.o
[1282/1907] Building CXX object unittests/ADT/CMakeFiles/ADTTests.dir/SparseBitVectorTest.cpp.o
[1283/1907] Building CXX object unittests/ADT/CMakeFiles/ADTTests.dir/IntervalMapTest.cpp.o
[1284/1907] Building CXX object unittests/ADT/CMakeFiles/ADTTests.dir/SparseMultiSetTest.cpp.o
[1285/1907] Building CXX object unittests/ADT/CMakeFiles/ADTTests.dir/SmallVectorExtrasTest.cpp.o
[1286/1907] Building CXX object unittests/ADT/CMakeFiles/ADTTests.dir/MapVectorTest.cpp.o
[1287/1907] Building CXX object unittests/ADT/CMakeFiles/ADTTests.dir/SparseSetTest.cpp.o
[1288/1907] Building CXX object unittests/ADT/CMakeFiles/ADTTests.dir/StatisticTest.cpp.o
[1289/1907] Building CXX object unittests/ADT/CMakeFiles/ADTTests.dir/MappedIteratorTest.cpp.o
[1290/1907] Building CXX object unittests/ADT/CMakeFiles/ADTTests.dir/SmallPtrSetTest.cpp.o
[1291/1907] Building CXX object unittests/ADT/CMakeFiles/ADTTests.dir/APIntTest.cpp.o
[1292/1907] Building CXX object unittests/ADT/CMakeFiles/ADTTests.dir/SetOperationsTest.cpp.o
[1293/1907] Building CXX object unittests/ADT/CMakeFiles/ADTTests.dir/StringSetTest.cpp.o
[1294/1907] Building CXX object unittests/ADT/CMakeFiles/ADTTests.dir/StringSwitchTest.cpp.o
[1295/1907] Building CXX object unittests/ADT/CMakeFiles/ADTTests.dir/TypeTraitsTest.cpp.o
[1296/1907] Building CXX object unittests/ADT/CMakeFiles/ADTTests.dir/TypeSwitchTest.cpp.o
[1297/1907] Building CXX object unittests/ADT/CMakeFiles/ADTTests.dir/StringTableTest.cpp.o
[1298/1907] Building CXX object unittests/ADT/CMakeFiles/ADTTests.dir/TrieRawHashMapTest.cpp.o
[1299/1907] Building CXX object unittests/ADT/CMakeFiles/ADTTests.dir/TwineTest.cpp.o
[1300/1907] Building CXX object unittests/ADT/CMakeFiles/ADTTests.dir/BitVectorTest.cpp.o
[1301/1907] Building CXX object unittests/ADT/CMakeFiles/ADTTests.dir/SmallSetTest.cpp.o
[1302/1907] Building CXX object unittests/ADT/CMakeFiles/ADTTests.dir/StringMapTest.cpp.o
[1303/1907] Building CXX object unittests/ADT/CMakeFiles/ADTTests.dir/IteratorTest.cpp.o
[1304/1907] Building CXX object unittests/ADT/CMakeFiles/ADTTests.dir/StringExtrasTest.cpp.o
[1305/1907] Building CXX object unittests/Analysis/CMakeFiles/AnalysisTests.dir/ConstraintSystemTest.cpp.o
[1306/1907] Building CXX object unittests/Analysis/CMakeFiles/AnalysisTests.dir/CallGraphTest.cpp.o
[1307/1907] Building CXX object unittests/ADT/CMakeFiles/ADTTests.dir/StringRefTest.cpp.o
[1308/1907] Building CXX object unittests/Analysis/CMakeFiles/AnalysisTests.dir/CaptureTrackingTest.cpp.o
[1309/1907] Building CXX object unittests/Analysis/CMakeFiles/AnalysisTests.dir/AliasSetTrackerTest.cpp.o
[1310/1907] Building CXX object unittests/Analysis/CMakeFiles/AnalysisTests.dir/BranchProbabilityInfoTest.cpp.o
[1311/1907] Building CXX object unittests/Analysis/CMakeFiles/AnalysisTests.dir/BlockFrequencyInfoTest.cpp.o
[1312/1907] Building CXX object unittests/Analysis/CMakeFiles/AnalysisTests.dir/AliasAnalysisTest.cpp.o
[1313/1907] Building CXX object unittests/Analysis/CMakeFiles/AnalysisTests.dir/BasicAliasAnalysisTest.cpp.o
[1314/1907] Building CXX object unittests/Analysis/CMakeFiles/AnalysisTests.dir/CFGTest.cpp.o
[1315/1907] Building CXX object unittests/ADT/CMakeFiles/ADTTests.dir/SequenceTest.cpp.o
[1316/1907] Building CXX object unittests/ADT/CMakeFiles/ADTTests.dir/TinyPtrVectorTest.cpp.o
[1317/1907] Building CXX object unittests/Analysis/CMakeFiles/AnalysisTests.dir/DXILResourceTest.cpp.o
[1318/1907] Building CXX object unittests/Analysis/CMakeFiles/AnalysisTests.dir/GlobalsModRefTest.cpp.o
[1319/1907] Building CXX object unittests/Analysis/CMakeFiles/AnalysisTests.dir/GraphWriterTest.cpp.o
[1320/1907] Building CXX object unittests/Analysis/CMakeFiles/AnalysisTests.dir/DomTreeUpdaterTest.cpp.o
[1321/1907] Building CXX object unittests/Analysis/CMakeFiles/AnalysisTests.dir/DDGTest.cpp.o
[1322/1907] Building CXX object unittests/Analysis/CMakeFiles/AnalysisTests.dir/AssumeBundleQueriesTest.cpp.o
[1323/1907] Building CXX object unittests/Analysis/CMakeFiles/AnalysisTests.dir/InlineCostTest.cpp.o
[1324/1907] Building CXX object unittests/ADT/CMakeFiles/ADTTests.dir/STLExtrasTest.cpp.o
[1325/1907] Building CXX object unittests/Analysis/CMakeFiles/AnalysisTests.dir/LoadsTest.cpp.o
[1326/1907] Building CXX object unittests/Analysis/CMakeFiles/AnalysisTests.dir/IVDescriptorsTest.cpp.o
[1327/1907] Building CXX object unittests/ADT/CMakeFiles/ADTTests.dir/APFloatTest.cpp.o
[1328/1907] Building CXX object unittests/Analysis/CMakeFiles/AnalysisTests.dir/PhiValuesTest.cpp.o
[1329/1907] Building CXX object unittests/Analysis/CMakeFiles/AnalysisTests.dir/LoopNestTest.cpp.o
[1330/1907] Building CXX object unittests/Analysis/CMakeFiles/AnalysisTests.dir/MemoryBuiltinsTest.cpp.o
[1331/1907] Building CXX object unittests/Analysis/CMakeFiles/AnalysisTests.dir/MemoryProfileInfoTest.cpp.o
[1332/1907] Building CXX object unittests/Analysis/CMakeFiles/AnalysisTests.dir/TensorSpecTest.cpp.o
[1333/1907] Building CXX object unittests/Analysis/CMakeFiles/AnalysisTests.dir/MLModelRunnerTest.cpp.o
[1334/1907] Building CXX object unittests/Analysis/CMakeFiles/AnalysisTests.dir/LastRunTrackingAnalysisTest.cpp.o
[1335/1907] Building CXX object unittests/Analysis/CMakeFiles/AnalysisTests.dir/TBAATest.cpp.o
[1336/1907] Building CXX object unittests/Analysis/CMakeFiles/AnalysisTests.dir/TargetLibraryInfoTest.cpp.o
[1337/1907] Building CXX object unittests/Analysis/CMakeFiles/AnalysisTests.dir/ProfileSummaryInfoTest.cpp.o
[1338/1907] Building CXX object unittests/Analysis/CMakeFiles/AnalysisTests.dir/LoopInfoTest.cpp.o
[1339/1907] Building CXX object unittests/Analysis/CMakeFiles/AnalysisTests.dir/SparsePropagation.cpp.o
[1340/1907] Building CXX object unittests/BinaryFormat/CMakeFiles/BinaryFormatTests.dir/ELFTest.cpp.o
[1341/1907] Building CXX object unittests/Analysis/CMakeFiles/AnalysisTests.dir/ValueLatticeTest.cpp.o
[1342/1907] Building CXX object unittests/Analysis/CMakeFiles/AnalysisTests.dir/CtxProfAnalysisTest.cpp.o
[1343/1907] Building CXX object unittests/ADT/CMakeFiles/ADTTests.dir/DenseMapTest.cpp.o
[1344/1907] Building CXX object unittests/Analysis/CMakeFiles/AnalysisTests.dir/IRSimilarityIdentifierTest.cpp.o
[1345/1907] Building CXX object tools/obj2yaml/CMakeFiles/obj2yaml.dir/elf2yaml.cpp.o
[1346/1907] Building CXX object unittests/BinaryFormat/CMakeFiles/BinaryFormatTests.dir/DwarfTest.cpp.o
[1347/1907] Building CXX object unittests/BinaryFormat/CMakeFiles/BinaryFormatTests.dir/MachOTest.cpp.o
[1348/1907] Building CXX object unittests/Analysis/CMakeFiles/AnalysisTests.dir/CGSCCPassManagerTest.cpp.o
[1349/1907] Linking CXX executable bin/obj2yaml
[1350/1907] Building CXX object unittests/BinaryFormat/CMakeFiles/BinaryFormatTests.dir/TestFileMagic.cpp.o
[1351/1907] Building CXX object unittests/Analysis/CMakeFiles/AnalysisTests.dir/FunctionPropertiesAnalysisTest.cpp.o
[1352/1907] Building CXX object unittests/Bitcode/CMakeFiles/BitcodeTests.dir/DataLayoutUpgradeTest.cpp.o
[1353/1907] Building CXX object unittests/BinaryFormat/CMakeFiles/BinaryFormatTests.dir/MsgPackDocumentTest.cpp.o
[1354/1907] Building CXX object unittests/Analysis/CMakeFiles/AnalysisTests.dir/MemorySSATest.cpp.o
[1355/1907] Building CXX object unittests/Analysis/CMakeFiles/AnalysisTests.dir/UnrollAnalyzerTest.cpp.o
[1356/1907] Building CXX object unittests/AsmParser/CMakeFiles/AsmParserTests.dir/AsmParserTest.cpp.o
[1357/1907] Building CXX object unittests/Analysis/CMakeFiles/AnalysisTests.dir/ScalarEvolutionTest.cpp.o
[1358/1907] Linking CXX executable unittests/AsmParser/AsmParserTests
[1359/1907] Building CXX object unittests/Analysis/CMakeFiles/AnalysisTests.dir/PluginInlineOrderAnalysisTest.cpp.o
[1360/1907] Building CXX object unittests/CGData/CMakeFiles/CGDataTests.dir/OutlinedHashTreeRecordTest.cpp.o
[1361/1907] Building CXX object unittests/BinaryFormat/CMakeFiles/BinaryFormatTests.dir/MsgPackWriterTest.cpp.o
[1362/1907] Building CXX object unittests/Analysis/CMakeFiles/AnalysisTests.dir/LazyCallGraphTest.cpp.o
[1363/1907] Building CXX object unittests/CodeGen/CMakeFiles/CodeGenTests.dir/AllocationOrderTest.cpp.o
[1364/1907] Building CXX object unittests/Analysis/CMakeFiles/AnalysisTests.dir/ReplaceWithVecLibTest.cpp.o
[1365/1907] Building CXX object unittests/CGData/CMakeFiles/CGDataTests.dir/OutlinedHashTreeTest.cpp.o
[1366/1907] Building CXX object unittests/Bitstream/CMakeFiles/BitstreamTests.dir/BitstreamReaderTest.cpp.o
[1367/1907] Building CXX object unittests/Analysis/CMakeFiles/AnalysisTests.dir/PluginInlineAdvisorAnalysisTest.cpp.o
[1368/1907] Building CXX object unittests/Analysis/CMakeFiles/AnalysisTests.dir/VectorUtilsTest.cpp.o
[1369/1907] Building CXX object unittests/BinaryFormat/CMakeFiles/BinaryFormatTests.dir/MsgPackReaderTest.cpp.o
[1370/1907] Building CXX object unittests/Analysis/InlineOrderPlugin/CMakeFiles/InlineOrderPlugin.dir/InlineOrderPlugin.cpp.o
[1371/1907] Building CXX object unittests/CGData/CMakeFiles/CGDataTests.dir/StableFunctionMapRecordTest.cpp.o
[1372/1907] Linking CXX shared module unittests/Analysis/InlineOrderPlugin.so
[1373/1907] Linking CXX executable unittests/BinaryFormat/BinaryFormatTests
[1374/1907] Building CXX object unittests/Bitstream/CMakeFiles/BitstreamTests.dir/BitstreamWriterTest.cpp.o
[1375/1907] Building CXX object unittests/Analysis/InlineAdvisorPlugin/CMakeFiles/InlineAdvisorPlugin.dir/InlineAdvisorPlugin.cpp.o
[1376/1907] Building CXX object unittests/CodeGen/CMakeFiles/CodeGenTests.dir/DwarfStringPoolEntryRefTest.cpp.o
[1377/1907] Linking CXX shared module unittests/Analysis/InlineAdvisorPlugin.so
[1378/1907] Linking CXX executable unittests/Bitstream/BitstreamTests
[1379/1907] Building CXX object unittests/Bitcode/CMakeFiles/BitcodeTests.dir/BitReaderTest.cpp.o
[1380/1907] Building CXX object unittests/CodeGen/CMakeFiles/CodeGenTests.dir/AMDGPUMetadataTest.cpp.o
[1381/1907] Building CXX object unittests/CodeGen/CMakeFiles/CodeGenTests.dir/MachineInstrBundleIteratorTest.cpp.o
[1382/1907] Linking CXX executable unittests/Bitcode/BitcodeTests
[1383/1907] Building CXX object unittests/CGData/CMakeFiles/CGDataTests.dir/StableFunctionMapTest.cpp.o
[1384/1907] Building CXX object unittests/CodeGen/CMakeFiles/CodeGenTests.dir/LowLevelTypeTest.cpp.o
[1385/1907] Linking CXX executable unittests/CGData/CGDataTests
[1386/1907] Building CXX object unittests/CodeGen/CMakeFiles/CodeGenTests.dir/ScalableVectorMVTsTest.cpp.o
[1387/1907] Building CXX object unittests/CodeGen/CMakeFiles/CodeGenTests.dir/DIEHashTest.cpp.o
[1388/1907] Building CXX object unittests/Analysis/CMakeFiles/AnalysisTests.dir/ValueTrackingTest.cpp.o
[1389/1907] Building CXX object unittests/CodeGen/CMakeFiles/CodeGenTests.dir/TargetOptionsTest.cpp.o
[1390/1907] Linking CXX executable unittests/Analysis/AnalysisTests
[1391/1907] Building CXX object unittests/CodeGen/CMakeFiles/CodeGenTests.dir/CCStateTest.cpp.o
[1392/1907] Building CXX object unittests/CodeGen/GlobalISel/CMakeFiles/GlobalISelTests.dir/GIMatchTableExecutorTest.cpp.o
[1393/1907] Building CXX object unittests/CodeGen/CMakeFiles/CodeGenTests.dir/TypeTraitsTest.cpp.o
[1394/1907] Building CXX object unittests/CodeGen/CMakeFiles/CodeGenTests.dir/DIETest.cpp.o
[1395/1907] Building CXX object unittests/CodeGen/CMakeFiles/CodeGenTests.dir/AArch64SelectionDAGTest.cpp.o
[1396/1907] Building CXX object unittests/CodeGen/CMakeFiles/CodeGenTests.dir/SelectionDAGAddressAnalysisTest.cpp.o
[1397/1907] Building CXX object unittests/CodeGen/CMakeFiles/CodeGenTests.dir/MachineBasicBlockTest.cpp.o
[1398/1907] Building CXX object unittests/CodeGen/CMakeFiles/CodeGenTests.dir/MachineOperandTest.cpp.o
[1399/1907] Building CXX object unittests/CodeGen/CMakeFiles/CodeGenTests.dir/SchedBoundary.cpp.o
[1400/1907] Building CXX object unittests/CodeGen/CMakeFiles/CodeGenTests.dir/RegAllocScoreTest.cpp.o
[1401/1907] Building CXX object unittests/CodeGen/CMakeFiles/CodeGenTests.dir/AsmPrinterDwarfTest.cpp.o
[1402/1907] Building CXX object unittests/CodeGen/CMakeFiles/CodeGenTests.dir/TestAsmPrinter.cpp.o
[1403/1907] Building CXX object unittests/CodeGen/GlobalISel/CMakeFiles/GlobalISelTests.dir/CallLowering.cpp.o
[1404/1907] Building CXX object unittests/CodeGen/CMakeFiles/CodeGenTests.dir/LexicalScopesTest.cpp.o
[1405/1907] Building CXX object unittests/CodeGen/CMakeFiles/CodeGenTests.dir/SelectionDAGPatternMatchTest.cpp.o
[1406/1907] Building CXX object unittests/CodeGen/GlobalISel/CMakeFiles/GlobalISelTests.dir/ConstantFoldingTest.cpp.o
[1407/1907] Building CXX object unittests/ADT/CMakeFiles/ADTTests.dir/SmallVectorTest.cpp.o
[1408/1907] Building CXX object unittests/DebugInfo/CodeView/CMakeFiles/DebugInfoCodeViewTests.dir/GUIDFormatTest.cpp.o
[1409/1907] Linking CXX executable unittests/ADT/ADTTests
[1410/1907] Building CXX object unittests/DebugInfo/DWARF/CMakeFiles/DebugInfoDWARFTests.dir/DwarfUtils.cpp.o
[1411/1907] Building CXX object unittests/CodeGen/GlobalISel/CMakeFiles/GlobalISelTests.dir/CSETest.cpp.o
[1412/1907] Building CXX object unittests/CodeGen/CMakeFiles/CodeGenTests.dir/PassManagerTest.cpp.o
[1413/1907] Building CXX object unittests/CodeGen/CMakeFiles/CodeGenTests.dir/MachineInstrTest.cpp.o
[1414/1907] Building CXX object unittests/DebugInfo/CodeView/CMakeFiles/DebugInfoCodeViewTests.dir/TypeHashingTest.cpp.o
[1415/1907] Building CXX object unittests/CodeGen/CMakeFiles/CodeGenTests.dir/MLRegAllocDevelopmentFeatures.cpp.o
[1416/1907] Building CXX object unittests/CodeGen/GlobalISel/CMakeFiles/GlobalISelTests.dir/MachineIRBuilderTest.cpp.o
[1417/1907] Building CXX object unittests/CodeGen/GlobalISel/CMakeFiles/GlobalISelTests.dir/GISelMITest.cpp.o
[1418/1907] Building CXX object unittests/CodeGen/GlobalISel/CMakeFiles/GlobalISelTests.dir/LegalizerTest.cpp.o
[1419/1907] Building CXX object unittests/CodeGen/GlobalISel/CMakeFiles/GlobalISelTests.dir/LegalizerInfoTest.cpp.o
[1420/1907] Building CXX object unittests/CodeGen/CMakeFiles/CodeGenTests.dir/MachineDomTreeUpdaterTest.cpp.o
[1421/1907] Building CXX object unittests/DebugInfo/LogicalView/CMakeFiles/DebugInfoLogicalViewTests.dir/__/DWARF/DwarfUtils.cpp.o
[1422/1907] Building CXX object tools/llvm-readobj/CMakeFiles/llvm-readobj.dir/ELFDumper.cpp.o
[1423/1907] Linking CXX executable bin/llvm-readobj
[1424/1907] Generating ../../bin/llvm-readelf
[1425/1907] Building CXX object unittests/DebugInfo/CodeView/CMakeFiles/DebugInfoCodeViewTests.dir/RandomAccessVisitorTest.cpp.o
[1426/1907] Building CXX object unittests/CodeGen/GlobalISel/CMakeFiles/GlobalISelTests.dir/PatternMatchTest.cpp.o
[1427/1907] Building CXX object unittests/DebugInfo/CodeView/CMakeFiles/DebugInfoCodeViewTests.dir/TypeIndexDiscoveryTest.cpp.o
[1428/1907] Linking CXX executable unittests/DebugInfo/CodeView/DebugInfoCodeViewTests
[1429/1907] Building CXX object unittests/DebugInfo/DWARF/CMakeFiles/DebugInfoDWARFTests.dir/DWARFLocationExpressionTest.cpp.o
[1430/1907] Building CXX object unittests/DebugInfo/DWARF/CMakeFiles/DebugInfoDWARFTests.dir/DWARFDebugArangeSetTest.cpp.o
[1431/1907] Building CXX object unittests/CodeGen/GlobalISel/CMakeFiles/GlobalISelTests.dir/GISelUtilsTest.cpp.o
[1432/1907] Building CXX object unittests/DebugInfo/DWARF/CMakeFiles/DebugInfoDWARFTests.dir/DWARFDebugAbbrevTest.cpp.o
[1433/1907] Building CXX object unittests/DebugInfo/DWARF/CMakeFiles/DebugInfoDWARFTests.dir/DWARFDieManualExtractTest.cpp.o
[1434/1907] Building CXX object unittests/CodeGen/GlobalISel/CMakeFiles/GlobalISelTests.dir/GISelAliasTest.cpp.o
[1435/1907] Building CXX object unittests/DebugInfo/DWARF/CMakeFiles/DebugInfoDWARFTests.dir/DWARFListTableTest.cpp.o
[1436/1907] Building CXX object unittests/CodeGen/GlobalISel/CMakeFiles/GlobalISelTests.dir/KnownBitsVectorTest.cpp.o
[1437/1907] Building CXX object unittests/DebugInfo/DWARF/CMakeFiles/DebugInfoDWARFTests.dir/DWARFDataExtractorTest.cpp.o
[1438/1907] Building CXX object unittests/CodeGen/GlobalISel/CMakeFiles/GlobalISelTests.dir/InstructionSelectTest.cpp.o
[1439/1907] Building CXX object unittests/CodeGen/GlobalISel/CMakeFiles/GlobalISelTests.dir/KnownBitsTest.cpp.o
[1440/1907] Building CXX object unittests/DebugInfo/DWARF/CMakeFiles/DebugInfoDWARFTests.dir/DWARFAcceleratorTableTest.cpp.o
[1441/1907] Building CXX object unittests/DebugInfo/DWARF/CMakeFiles/DebugInfoDWARFTests.dir/DWARFExpressionCompactPrinterTest.cpp.o
[1442/1907] Building CXX object unittests/DebugInfo/BTF/CMakeFiles/DebugInfoBTFTests.dir/BTFParserTest.cpp.o
[1443/1907] Linking CXX executable unittests/DebugInfo/BTF/DebugInfoBTFTests
[1444/1907] Building CXX object unittests/CodeGen/GlobalISel/CMakeFiles/GlobalISelTests.dir/LegalizerHelperTest.cpp.o
[1445/1907] Building CXX object unittests/DebugInfo/DWARF/CMakeFiles/DebugInfoDWARFTests.dir/DwarfGenerator.cpp.o
[1446/1907] Building CXX object unittests/DebugInfo/LogicalView/CMakeFiles/DebugInfoLogicalViewTests.dir/StringPoolTest.cpp.o
[1447/1907] Building CXX object unittests/DebugInfo/LogicalView/CMakeFiles/DebugInfoLogicalViewTests.dir/CommandLineOptionsTest.cpp.o
[1448/1907] Building CXX object unittests/DebugInfo/DWARF/CMakeFiles/DebugInfoDWARFTests.dir/DWARFDebugFrameTest.cpp.o
[1449/1907] Linking CXX executable unittests/CodeGen/GlobalISel/GlobalISelTests
[1450/1907] Building CXX object unittests/DebugInfo/DWARF/CMakeFiles/DebugInfoDWARFTests.dir/DWARFExpressionCopyBytesTest.cpp.o
[1451/1907] Building CXX object unittests/DebugInfo/DWARF/CMakeFiles/DebugInfoDWARFTests.dir/DWARFDieTest.cpp.o
[1452/1907] Building CXX object unittests/CodeGen/CMakeFiles/CodeGenTests.dir/InstrRefLDVTest.cpp.o
[1453/1907] Building CXX object unittests/DebugInfo/MSF/CMakeFiles/DebugInfoMSFTests.dir/MSFCommonTest.cpp.o
[1454/1907] Building CXX object unittests/DebugInfo/LogicalView/CMakeFiles/DebugInfoLogicalViewTests.dir/__/DWARF/DwarfGenerator.cpp.o
[1455/1907] Building CXX object unittests/DebugInfo/DWARF/CMakeFiles/DebugInfoDWARFTests.dir/DWARFFormValueTest.cpp.o
[1456/1907] Building CXX object unittests/Debuginfod/CMakeFiles/DebuginfodTests.dir/HTTPServerTests.cpp.o
[1457/1907] Linking CXX executable unittests/CodeGen/CodeGenTests
[1458/1907] Building CXX object unittests/DebugInfo/PDB/CMakeFiles/DebugInfoPDBTests.dir/NativeSessionTest.cpp.o
[1459/1907] Building CXX object unittests/Demangle/CMakeFiles/DemangleTests.dir/PartialDemangleTest.cpp.o
[1460/1907] Building CXX object unittests/Demangle/CMakeFiles/DemangleTests.dir/OutputBufferTest.cpp.o
[1461/1907] Building CXX object unittests/DebugInfo/PDB/CMakeFiles/DebugInfoPDBTests.dir/PDBApiTest.cpp.o
[1462/1907] Building CXX object unittests/Demangle/CMakeFiles/DemangleTests.dir/DemangleTest.cpp.o
[1463/1907] Building CXX object unittests/DebugInfo/PDB/CMakeFiles/DebugInfoPDBTests.dir/NativeSymbolReuseTest.cpp.o
[1464/1907] Building CXX object unittests/DebugInfo/PDB/CMakeFiles/DebugInfoPDBTests.dir/StringTableBuilderTest.cpp.o
[1465/1907] Building CXX object unittests/DebugInfo/LogicalView/CMakeFiles/DebugInfoLogicalViewTests.dir/CodeViewReaderTest.cpp.o
[1466/1907] Building CXX object unittests/DebugInfo/LogicalView/CMakeFiles/DebugInfoLogicalViewTests.dir/CompareElementsTest.cpp.o
[1467/1907] Building CXX object unittests/Debuginfod/CMakeFiles/DebuginfodTests.dir/DebuginfodTests.cpp.o
[1468/1907] Building CXX object unittests/Demangle/CMakeFiles/DemangleTests.dir/RustDemangleTest.cpp.o
[1469/1907] Linking CXX executable unittests/Debuginfod/DebuginfodTests
[1470/1907] Building CXX object unittests/DebugInfo/Symbolizer/CMakeFiles/DebugInfoSymbolizerTests.dir/MarkupTest.cpp.o
[1471/1907] Linking CXX executable unittests/DebugInfo/Symbolizer/DebugInfoSymbolizerTests
[1472/1907] Building CXX object unittests/DWARFLinkerParallel/CMakeFiles/DWARFLinkerParallelTests.dir/DWARFLinkerTest.cpp.o
[1473/1907] Building CXX object unittests/DebugInfo/MSF/CMakeFiles/DebugInfoMSFTests.dir/MappedBlockStreamTest.cpp.o
[1474/1907] Building CXX object unittests/DebugInfo/MSF/CMakeFiles/DebugInfoMSFTests.dir/MSFBuilderTest.cpp.o
[1475/1907] Building CXX object unittests/Demangle/CMakeFiles/DemangleTests.dir/DLangDemangleTest.cpp.o
[1476/1907] Building CXX object unittests/DebugInfo/LogicalView/CMakeFiles/DebugInfoLogicalViewTests.dir/DWARFGeneratedTest.cpp.o
[1477/1907] Linking CXX executable unittests/DebugInfo/MSF/DebugInfoMSFTests
[1478/1907] Building CXX object unittests/DebugInfo/PDB/CMakeFiles/DebugInfoPDBTests.dir/HashTableTest.cpp.o
[1479/1907] Building CXX object unittests/DebugInfo/LogicalView/CMakeFiles/DebugInfoLogicalViewTests.dir/DWARFReaderTest.cpp.o
[1480/1907] Building CXX object unittests/DWARFLinkerParallel/CMakeFiles/DWARFLinkerParallelTests.dir/StringPoolTest.cpp.o
[1481/1907] Linking CXX executable unittests/DebugInfo/PDB/DebugInfoPDBTests
[1482/1907] Linking CXX executable unittests/DWARFLinkerParallel/DWARFLinkerParallelTests
[1483/1907] Building CXX object unittests/DebugInfo/LogicalView/CMakeFiles/DebugInfoLogicalViewTests.dir/SelectElementsTest.cpp.o
[1484/1907] Building CXX object unittests/DebugInfo/LogicalView/CMakeFiles/DebugInfoLogicalViewTests.dir/LogicalElementsTest.cpp.o
[1485/1907] Building CXX object unittests/DebugInfo/LogicalView/CMakeFiles/DebugInfoLogicalViewTests.dir/LocationRangesTest.cpp.o
[1486/1907] Building CXX object unittests/DebugInfo/LogicalView/CMakeFiles/DebugInfoLogicalViewTests.dir/WarningInternalTest.cpp.o
[1487/1907] Building CXX object unittests/ExecutionEngine/CMakeFiles/ExecutionEngineTests.dir/ExecutionEngineTest.cpp.o
[1488/1907] Building CXX object unittests/ExecutionEngine/Orc/CMakeFiles/OrcJITTests.dir/ObjectFormatsTest.cpp.o
[1489/1907] Linking CXX executable unittests/ExecutionEngine/ExecutionEngineTests
[1490/1907] Building CXX object unittests/DebugInfo/GSYM/CMakeFiles/DebugInfoGSYMTests.dir/GSYMTest.cpp.o
[1491/1907] Linking CXX executable unittests/DebugInfo/LogicalView/DebugInfoLogicalViewTests
[1492/1907] Building CXX object unittests/ExecutionEngine/Orc/CMakeFiles/OrcJITTests.dir/MemoryFlagsTest.cpp.o
[1493/1907] Linking CXX executable unittests/DebugInfo/GSYM/DebugInfoGSYMTests
[1494/1907] Building CXX object unittests/ExecutionEngine/JITLink/CMakeFiles/JITLinkTests.dir/AArch32Tests.cpp.o
[1495/1907] Building CXX object unittests/ExecutionEngine/JITLink/CMakeFiles/JITLinkTests.dir/AArch64Tests.cpp.o
[1496/1907] Building CXX object unittests/ExecutionEngine/JITLink/CMakeFiles/JITLinkTests.dir/EHFrameSupportTests.cpp.o
[1497/1907] Building CXX object unittests/ExecutionEngine/JITLink/CMakeFiles/JITLinkTests.dir/MachOLinkGraphTests.cpp.o
[1498/1907] Building CXX object unittests/ExecutionEngine/JITLink/CMakeFiles/JITLinkTests.dir/X86_64Tests.cpp.o
[1499/1907] Building CXX object unittests/ExecutionEngine/JITLink/CMakeFiles/JITLinkTests.dir/AArch32ErrorTests.cpp.o
[1500/1907] Building CXX object unittests/ExecutionEngine/JITLink/CMakeFiles/JITLinkTests.dir/StubsTests.cpp.o
[1501/1907] Building CXX object unittests/ExecutionEngine/Orc/CMakeFiles/OrcJITTests.dir/ExecutorAddressTest.cpp.o
[1502/1907] Building CXX object unittests/ExecutionEngine/JITLink/CMakeFiles/JITLinkTests.dir/MemoryManagerErrorTests.cpp.o
[1503/1907] Building CXX object unittests/ExecutionEngine/Orc/CMakeFiles/OrcJITTests.dir/MachOPlatformTest.cpp.o
[1504/1907] Building CXX object unittests/DebugInfo/DWARF/CMakeFiles/DebugInfoDWARFTests.dir/DWARFDebugLineTest.cpp.o
[1505/1907] Building CXX object unittests/ExecutionEngine/Orc/CMakeFiles/OrcJITTests.dir/ExecutionSessionWrapperFunctionCallsTest.cpp.o
[1506/1907] Building CXX object unittests/ExecutionEngine/Orc/CMakeFiles/OrcJITTests.dir/IndirectionUtilsTest.cpp.o
[1507/1907] Building CXX object unittests/Demangle/CMakeFiles/DemangleTests.dir/ItaniumDemangleTest.cpp.o
[1508/1907] Building CXX object unittests/ExecutionEngine/JITLink/CMakeFiles/JITLinkTests.dir/JITLinkTestUtils.cpp.o
[1509/1907] Linking CXX executable unittests/Demangle/DemangleTests
[1510/1907] Building CXX object unittests/ExecutionEngine/Orc/CMakeFiles/OrcJITTests.dir/TaskDispatchTest.cpp.o
[1511/1907] Building CXX object unittests/ExecutionEngine/Orc/CMakeFiles/OrcJITTests.dir/MemoryMapperTest.cpp.o
[1512/1907] Building CXX object unittests/ExecutionEngine/Orc/CMakeFiles/OrcJITTests.dir/SimplePackedSerializationTest.cpp.o
[1513/1907] Building CXX object unittests/ExecutionEngine/Orc/CMakeFiles/OrcJITTests.dir/JITTargetMachineBuilderTest.cpp.o
[1514/1907] Building CXX object unittests/ExecutionEngine/Orc/CMakeFiles/OrcJITTests.dir/ThreadSafeModuleTest.cpp.o
[1515/1907] Building CXX object unittests/DebugInfo/DWARF/CMakeFiles/DebugInfoDWARFTests.dir/DWARFDebugInfoTest.cpp.o
[1516/1907] Building CXX object unittests/ExecutionEngine/Orc/CMakeFiles/OrcJITTests.dir/SimpleExecutorMemoryManagerTest.cpp.o
[1517/1907] Building CXX object unittests/ExecutionEngine/Orc/CMakeFiles/OrcJITTests.dir/LookupAndRecordAddrsTest.cpp.o
[1518/1907] Linking CXX executable unittests/DebugInfo/DWARF/DebugInfoDWARFTests
[1519/1907] Building CXX object unittests/ExecutionEngine/Orc/CMakeFiles/OrcJITTests.dir/EPCGenericJITLinkMemoryManagerTest.cpp.o
[1520/1907] Building CXX object unittests/Frontend/CMakeFiles/LLVMFrontendTests.dir/OpenMPCompositionTest.cpp.o
[1521/1907] Building CXX object unittests/Frontend/CMakeFiles/LLVMFrontendTests.dir/OpenACCTest.cpp.o
[1522/1907] Building CXX object unittests/Frontend/CMakeFiles/LLVMFrontendTests.dir/OpenMPParsingTest.cpp.o
[1523/1907] Building CXX object unittests/ExecutionEngine/JITLink/CMakeFiles/JITLinkTests.dir/LinkGraphTests.cpp.o
[1524/1907] Building CXX object unittests/ExecutionEngine/Orc/CMakeFiles/OrcJITTests.dir/SymbolStringPoolTest.cpp.o
[1525/1907] Building CXX object unittests/ExecutionEngine/Orc/CMakeFiles/OrcJITTests.dir/MapperJITLinkMemoryManagerTest.cpp.o
[1526/1907] Linking CXX executable unittests/ExecutionEngine/JITLink/JITLinkTests
[1527/1907] Building CXX object unittests/FuzzMutate/CMakeFiles/FuzzMutateTests.dir/ReservoirSamplerTest.cpp.o
[1528/1907] Building CXX object unittests/ExecutionEngine/Orc/CMakeFiles/OrcJITTests.dir/EPCGenericMemoryAccessTest.cpp.o
[1529/1907] Building CXX object unittests/ExecutionEngine/Orc/CMakeFiles/OrcJITTests.dir/OrcTestCommon.cpp.o
[1530/1907] Building CXX object unittests/ExecutionEngine/Orc/CMakeFiles/OrcJITTests.dir/WrapperFunctionUtilsTest.cpp.o
[1531/1907] Building CXX object unittests/Frontend/CMakeFiles/LLVMFrontendTests.dir/OpenMPContextTest.cpp.o
[1532/1907] Building CXX object unittests/ExecutionEngine/Orc/CMakeFiles/OrcJITTests.dir/ObjectLinkingLayerTest.cpp.o
[1533/1907] Building CXX object unittests/IR/CMakeFiles/IRTests.dir/AbstractCallSiteTest.cpp.o
[1534/1907] Building CXX object unittests/ExecutionEngine/Orc/CMakeFiles/OrcJITTests.dir/OrcCAPITest.cpp.o
[1535/1907] Building CXX object unittests/InterfaceStub/CMakeFiles/InterfaceStubTests.dir/ELFYAMLTest.cpp.o
[1536/1907] Building CXX object unittests/ExecutionEngine/Orc/CMakeFiles/OrcJITTests.dir/SharedMemoryMapperTest.cpp.o
[1537/1907] Linking CXX executable unittests/InterfaceStub/InterfaceStubTests
[1538/1907] Building CXX object unittests/ExecutionEngine/Orc/CMakeFiles/OrcJITTests.dir/RTDyldObjectLinkingLayerTest.cpp.o
[1539/1907] Building CXX object unittests/ExecutionEngine/Orc/CMakeFiles/OrcJITTests.dir/LazyCallThroughAndReexportsTest.cpp.o
[1540/1907] Building CXX object unittests/ExecutionEngine/Orc/CMakeFiles/OrcJITTests.dir/ResourceTrackerTest.cpp.o
[1541/1907] Building CXX object unittests/IR/CMakeFiles/IRTests.dir/DemandedBitsTest.cpp.o
[1542/1907] Building CXX object unittests/IR/CMakeFiles/IRTests.dir/ConstantRangeListTest.cpp.o
[1543/1907] Building CXX object unittests/IR/CMakeFiles/IRTests.dir/AttributesTest.cpp.o
[1544/1907] Building CXX object unittests/FuzzMutate/CMakeFiles/FuzzMutateTests.dir/RandomIRBuilderTest.cpp.o
[1545/1907] Building CXX object unittests/IR/CMakeFiles/IRTests.dir/CFGBuilder.cpp.o
[1546/1907] Building CXX object unittests/FuzzMutate/CMakeFiles/FuzzMutateTests.dir/StrategiesTest.cpp.o
[1547/1907] Building CXX object unittests/IR/CMakeFiles/IRTests.dir/ConstantFPRangeTest.cpp.o
[1548/1907] Building CXX object unittests/IR/CMakeFiles/IRTests.dir/DebugTypeODRUniquingTest.cpp.o
[1549/1907] Building CXX object unittests/IR/CMakeFiles/IRTests.dir/ConstantsTest.cpp.o
[1550/1907] Building CXX object unittests/IR/CMakeFiles/IRTests.dir/BasicBlockTest.cpp.o
[1551/1907] Building CXX object unittests/FuzzMutate/CMakeFiles/FuzzMutateTests.dir/OperationsTest.cpp.o
[1552/1907] Building CXX object unittests/ExecutionEngine/Orc/CMakeFiles/OrcJITTests.dir/JITLinkRedirectionManagerTest.cpp.o
[1553/1907] Building CXX object unittests/IR/CMakeFiles/IRTests.dir/AsmWriterTest.cpp.o
[1554/1907] Linking CXX executable unittests/FuzzMutate/FuzzMutateTests
[1555/1907] Building CXX object unittests/IR/CMakeFiles/IRTests.dir/FunctionTest.cpp.o
[1556/1907] Building CXX object unittests/IR/CMakeFiles/IRTests.dir/DominatorTreeBatchUpdatesTest.cpp.o
[1557/1907] Building CXX object unittests/IR/CMakeFiles/IRTests.dir/BasicBlockDbgInfoTest.cpp.o
[1558/1907] Building CXX object unittests/ExecutionEngine/Orc/CMakeFiles/OrcJITTests.dir/ReOptimizeLayerTest.cpp.o
[1559/1907] Building CXX object unittests/IR/CMakeFiles/IRTests.dir/MemoryModelRelaxationAnnotationsTest.cpp.o
[1560/1907] Building CXX object unittests/FileCheck/CMakeFiles/FileCheckTests.dir/FileCheckTest.cpp.o
[1561/1907] Building CXX object unittests/IR/CMakeFiles/IRTests.dir/MDBuilderTest.cpp.o
[1562/1907] Linking CXX executable unittests/FileCheck/FileCheckTests
[1563/1907] Building CXX object unittests/IR/CMakeFiles/IRTests.dir/TypesTest.cpp.o
[1564/1907] Building CXX object unittests/IR/CMakeFiles/IRTests.dir/ManglerTest.cpp.o
[1565/1907] Building CXX object unittests/IR/CMakeFiles/IRTests.dir/ShuffleVectorInstTest.cpp.o
[1566/1907] Building CXX object unittests/ExecutionEngine/Orc/CMakeFiles/OrcJITTests.dir/CoreAPIsTest.cpp.o
[1567/1907] Building CXX object unittests/IR/CMakeFiles/IRTests.dir/ModuleSummaryIndexTest.cpp.o
[1568/1907] Building CXX object unittests/IR/CMakeFiles/IRTests.dir/LegacyPassManagerTest.cpp.o
[1569/1907] Building CXX object unittests/IR/CMakeFiles/IRTests.dir/IntrinsicsTest.cpp.o
[1570/1907] Building CXX object unittests/IR/CMakeFiles/IRTests.dir/DominatorTreeTest.cpp.o
[1571/1907] Linking CXX executable unittests/ExecutionEngine/Orc/OrcJITTests
[1572/1907] Building CXX object unittests/IR/CMakeFiles/IRTests.dir/TimePassesTest.cpp.o
[1573/1907] Building CXX object unittests/IR/CMakeFiles/IRTests.dir/DroppedVariableStatsIRTest.cpp.o
[1574/1907] Building CXX object unittests/IR/CMakeFiles/IRTests.dir/UseTest.cpp.o
[1575/1907] Building CXX object unittests/IR/CMakeFiles/IRTests.dir/StructuralHashTest.cpp.o
[1576/1907] Building CXX object unittests/IR/CMakeFiles/IRTests.dir/UserTest.cpp.o
[1577/1907] Building CXX object unittests/IR/CMakeFiles/IRTests.dir/DataLayoutTest.cpp.o
[1578/1907] Building CXX object unittests/IR/CMakeFiles/IRTests.dir/DebugInfoTest.cpp.o
[1579/1907] Building CXX object unittests/IR/CMakeFiles/IRTests.dir/VectorTypeUtilsTest.cpp.o
[1580/1907] Building CXX object unittests/IR/CMakeFiles/IRTests.dir/ModuleTest.cpp.o
[1581/1907] Building CXX object unittests/MC/CMakeFiles/MCTests.dir/Disassembler.cpp.o
[1582/1907] Building CXX object unittests/IR/CMakeFiles/IRTests.dir/CoreBindings.cpp.o
[1583/1907] Building CXX object unittests/IR/CMakeFiles/IRTests.dir/VectorTypesTest.cpp.o
[1584/1907] Building CXX object unittests/IR/CMakeFiles/IRTests.dir/ValueHandleTest.cpp.o
[1585/1907] Building CXX object unittests/LineEditor/CMakeFiles/LineEditorTests.dir/LineEditor.cpp.o
[1586/1907] Linking CXX executable unittests/LineEditor/LineEditorTests
[1587/1907] Building CXX object unittests/MC/CMakeFiles/MCTests.dir/TargetRegistry.cpp.o
[1588/1907] Building CXX object unittests/MC/CMakeFiles/MCTests.dir/StringTableBuilderTest.cpp.o
[1589/1907] Building CXX object unittests/MC/CMakeFiles/MCTests.dir/MCDisassemblerTest.cpp.o
[1590/1907] Building CXX object unittests/MC/CMakeFiles/MCTests.dir/DwarfLineTables.cpp.o
[1591/1907] Building CXX object unittests/MC/CMakeFiles/MCTests.dir/MCInstPrinter.cpp.o
[1592/1907] Building CXX object unittests/IR/CMakeFiles/IRTests.dir/IRBuilderTest.cpp.o
[1593/1907] Building CXX object unittests/IR/CMakeFiles/IRTests.dir/ValueTest.cpp.o
[1594/1907] Building CXX object unittests/Object/CMakeFiles/ObjectTests.dir/COFFObjectFileTest.cpp.o
[1595/1907] Building CXX object unittests/IR/CMakeFiles/IRTests.dir/VerifierTest.cpp.o
[1596/1907] Building CXX object unittests/IR/CMakeFiles/IRTests.dir/VectorBuilderTest.cpp.o
[1597/1907] Building CXX object unittests/Linker/CMakeFiles/LinkerTests.dir/LinkModulesTest.cpp.o
[1598/1907] Linking CXX executable unittests/Linker/LinkerTests
[1599/1907] Building CXX object unittests/IR/CMakeFiles/IRTests.dir/ConstantRangeTest.cpp.o
[1600/1907] Building CXX object unittests/Object/CMakeFiles/ObjectTests.dir/ArchiveTest.cpp.o
[1601/1907] Building CXX object unittests/Object/CMakeFiles/ObjectTests.dir/ObjectFileTest.cpp.o
[1602/1907] Building Opts.inc...
[1603/1907] Building CXX object unittests/MC/CMakeFiles/MCTests.dir/DwarfLineTableHeaders.cpp.o
[1604/1907] Building CXX object unittests/IR/CMakeFiles/IRTests.dir/InstructionsTest.cpp.o
[1605/1907] Linking CXX executable unittests/MC/MCTests
[1606/1907] Building CXX object unittests/ObjCopy/CMakeFiles/ObjCopyTests.dir/ObjCopyTest.cpp.o
[1607/1907] Building CXX object unittests/Object/CMakeFiles/ObjectTests.dir/SymbolSizeTest.cpp.o
[1608/1907] Linking CXX executable unittests/ObjCopy/ObjCopyTests
[1609/1907] Building CXX object unittests/Object/CMakeFiles/ObjectTests.dir/ELFTypesTest.cpp.o
[1610/1907] Building CXX object unittests/Object/CMakeFiles/ObjectTests.dir/OffloadingTest.cpp.o
[1611/1907] Building CXX object unittests/Object/CMakeFiles/ObjectTests.dir/DXContainerTest.cpp.o
[1612/1907] Building CXX object unittests/IR/CMakeFiles/IRTests.dir/VFABIDemanglerTest.cpp.o
[1613/1907] Building CXX object unittests/Object/CMakeFiles/ObjectTests.dir/SymbolicFileTest.cpp.o
[1614/1907] Building CXX object unittests/MIR/CMakeFiles/MIRTests.dir/MachineStableHashTest.cpp.o
[1615/1907] Building CXX object unittests/Option/CMakeFiles/OptionTests.dir/OptionMarshallingTest.cpp.o
[1616/1907] Building CXX object unittests/Object/CMakeFiles/ObjectTests.dir/ELFTest.cpp.o
[1617/1907] Building CXX object unittests/ObjectYAML/CMakeFiles/ObjectYAMLTests.dir/YAMLTest.cpp.o
[1618/1907] Building CXX object unittests/Object/CMakeFiles/ObjectTests.dir/GOFFObjectFileTest.cpp.o
[1619/1907] Building CXX object unittests/Remarks/CMakeFiles/RemarksTests.dir/BitstreamRemarksFormatTest.cpp.o
[1620/1907] Building CXX object unittests/ObjectYAML/CMakeFiles/ObjectYAMLTests.dir/YAML2ObjTest.cpp.o
[1621/1907] Building CXX object unittests/IR/CMakeFiles/IRTests.dir/PassManagerTest.cpp.o
[1622/1907] Building CXX object unittests/Passes/PassBuilderBindings/CMakeFiles/PassesBindingsTests.dir/PassBuilderBindingsTest.cpp.o
[1623/1907] Building CXX object unittests/MIR/CMakeFiles/MIRTests.dir/MachineMetadata.cpp.o
[1624/1907] Building CXX object unittests/MI/CMakeFiles/MITests.dir/LiveIntervalTest.cpp.o
[1625/1907] Building CXX object unittests/Remarks/CMakeFiles/RemarksTests.dir/RemarksAPITest.cpp.o
[1626/1907] Building CXX object unittests/IR/CMakeFiles/IRTests.dir/VPIntrinsicTest.cpp.o
[1627/1907] Building CXX object unittests/Remarks/CMakeFiles/RemarksTests.dir/RemarksStrTabParsingTest.cpp.o
[1628/1907] Building CXX object unittests/IR/CMakeFiles/IRTests.dir/ValueMapTest.cpp.o
[1629/1907] Linking CXX executable unittests/Passes/PassBuilderBindings/PassesBindingsTests
[1630/1907] Building CXX object unittests/Remarks/CMakeFiles/RemarksTests.dir/BitstreamRemarksSerializerTest.cpp.o
[1631/1907] Linking CXX executable unittests/MI/MITests
[1632/1907] Linking CXX executable unittests/MIR/MIRTests
[1633/1907] Building CXX object unittests/Remarks/CMakeFiles/RemarksTests.dir/YAMLRemarksSerializerTest.cpp.o
[1634/1907] Building CXX object unittests/Remarks/CMakeFiles/RemarksTests.dir/RemarksLinkingTest.cpp.o
[1635/1907] Building CXX object unittests/ObjectYAML/CMakeFiles/ObjectYAMLTests.dir/DWARFYAMLTest.cpp.o
[1636/1907] Building CXX object unittests/IR/CMakeFiles/IRTests.dir/PatternMatch.cpp.o
[1637/1907] Building CXX object unittests/Object/CMakeFiles/ObjectTests.dir/MinidumpTest.cpp.o
[1638/1907] Building CXX object unittests/Object/CMakeFiles/ObjectTests.dir/XCOFFObjectFileTest.cpp.o
[1639/1907] Building CXX object unittests/Remarks/CMakeFiles/RemarksTests.dir/BitstreamRemarksParsingTest.cpp.o
[1640/1907] Building CXX object unittests/ObjectYAML/CMakeFiles/ObjectYAMLTests.dir/MinidumpYAMLTest.cpp.o
[1641/1907] Building CXX object unittests/ProfileData/CMakeFiles/ProfileDataTests.dir/InstrProfDataTest.cpp.o
[1642/1907] Building CXX object unittests/ObjectYAML/CMakeFiles/ObjectYAMLTests.dir/DXContainerYAMLTest.cpp.o
[1643/1907] Building CXX object unittests/ObjectYAML/CMakeFiles/ObjectYAMLTests.dir/ELFYAMLTest.cpp.o
[1644/1907] Linking CXX executable unittests/ObjectYAML/ObjectYAMLTests
[1645/1907] Building CXX object unittests/Remarks/CMakeFiles/RemarksTests.dir/YAMLRemarksParsingTest.cpp.o
[1646/1907] Linking CXX executable unittests/Remarks/RemarksTests
[1647/1907] Building CXX object unittests/ProfileData/CMakeFiles/ProfileDataTests.dir/SymbolRemappingReaderTest.cpp.o
[1648/1907] Building CXX object unittests/ProfileData/CMakeFiles/ProfileDataTests.dir/ItaniumManglingCanonicalizerTest.cpp.o
[1649/1907] Building CXX object unittests/IR/CMakeFiles/IRTests.dir/MetadataTest.cpp.o
[1650/1907] Building CXX object unittests/Support/CMakeFiles/SupportTests.dir/AlignOfTest.cpp.o
[1651/1907] Building CXX object unittests/ProfileData/CMakeFiles/ProfileDataTests.dir/BPFunctionNodeTest.cpp.o
[1652/1907] Building CXX object unittests/Object/CMakeFiles/ObjectTests.dir/ELFObjectFileTest.cpp.o
[1653/1907] Building CXX object unittests/Support/CMakeFiles/SupportTests.dir/ArrayRecyclerTest.cpp.o
[1654/1907] Building CXX object unittests/Option/CMakeFiles/OptionTests.dir/OptionParsingTest.cpp.o
[1655/1907] Building CXX object unittests/Support/CMakeFiles/SupportTests.dir/AlignmentTest.cpp.o
[1656/1907] Linking CXX executable unittests/Option/OptionTests
[1657/1907] Linking CXX executable unittests/Object/ObjectTests
[1658/1907] Building CXX object unittests/Support/CMakeFiles/SupportTests.dir/AllocatorTest.cpp.o
[1659/1907] Building CXX object unittests/Support/CMakeFiles/SupportTests.dir/ARMAttributeParser.cpp.o
[1660/1907] Building CXX object unittests/Support/CMakeFiles/SupportTests.dir/BLAKE3Test.cpp.o
[1661/1907] Building CXX object unittests/Support/CMakeFiles/SupportTests.dir/AddressRangeTest.cpp.o
[1662/1907] Building CXX object unittests/Support/CMakeFiles/SupportTests.dir/BlockFrequencyTest.cpp.o
[1663/1907] Building CXX object unittests/Passes/Plugins/TestPlugin/CMakeFiles/TestPlugin.dir/TestPlugin.cpp.o
[1664/1907] Linking CXX shared module unittests/Passes/Plugins/TestPlugin.so
[1665/1907] Building CXX object unittests/Passes/Plugins/DoublerPlugin/CMakeFiles/DoublerPlugin.dir/DoublerPlugin.cpp.o
[1666/1907] Linking CXX shared module unittests/Passes/Plugins/DoublerPlugin.so
[1667/1907] Building CXX object unittests/Support/CMakeFiles/SupportTests.dir/Base64Test.cpp.o
[1668/1907] Building CXX object unittests/SandboxIR/CMakeFiles/SandboxIRTests.dir/OperatorTest.cpp.o
[1669/1907] Building CXX object unittests/ProfileData/CMakeFiles/ProfileDataTests.dir/PGOCtxProfReaderWriterTest.cpp.o
[1670/1907] Building CXX object unittests/SandboxIR/CMakeFiles/SandboxIRTests.dir/TypesTest.cpp.o
[1671/1907] Building CXX object unittests/SandboxIR/CMakeFiles/SandboxIRTests.dir/IntrinsicInstTest.cpp.o
[1672/1907] Building CXX object unittests/Support/CMakeFiles/SupportTests.dir/BranchProbabilityTest.cpp.o
[1673/1907] Building CXX object unittests/Support/CMakeFiles/SupportTests.dir/CheckedArithmeticTest.cpp.o
[1674/1907] Building CXX object unittests/Support/CMakeFiles/SupportTests.dir/ConvertEBCDICTest.cpp.o
[1675/1907] Building CXX object unittests/SandboxIR/CMakeFiles/SandboxIRTests.dir/PassTest.cpp.o
[1676/1907] Building CXX object unittests/Support/CMakeFiles/SupportTests.dir/CachePruningTest.cpp.o
[1677/1907] Building CXX object unittests/Support/CMakeFiles/SupportTests.dir/CrashRecoveryTest.cpp.o
[1678/1907] Building CXX object unittests/Support/CMakeFiles/SupportTests.dir/CompressionTest.cpp.o
[1679/1907] Building CXX object unittests/ProfileData/CMakeFiles/ProfileDataTests.dir/SampleProfTest.cpp.o
[1680/1907] Building CXX object unittests/Support/CMakeFiles/SupportTests.dir/CRCTest.cpp.o
[1681/1907] Building CXX object unittests/Support/CMakeFiles/SupportTests.dir/Chrono.cpp.o
[1682/1907] Building CXX object unittests/Passes/Plugins/CMakeFiles/PluginsTests.dir/PluginsTest.cpp.o
[1683/1907] Building CXX object unittests/SandboxIR/CMakeFiles/SandboxIRTests.dir/RegionTest.cpp.o
[1684/1907] Building CXX object unittests/Support/CMakeFiles/SupportTests.dir/Casting.cpp.o
[1685/1907] Building CXX object unittests/Support/CMakeFiles/SupportTests.dir/DebugTest.cpp.o
[1686/1907] Building CXX object unittests/Support/CMakeFiles/SupportTests.dir/CSKYAttributeParserTest.cpp.o
[1687/1907] Building CXX object unittests/Support/CMakeFiles/SupportTests.dir/DJBTest.cpp.o
[1688/1907] Building CXX object unittests/Support/CMakeFiles/SupportTests.dir/DebugCounterTest.cpp.o
[1689/1907] Linking CXX executable unittests/Passes/Plugins/PluginsTests
[1690/1907] Building CXX object unittests/Support/CMakeFiles/SupportTests.dir/BalancedPartitioningTest.cpp.o
[1691/1907] Building CXX object unittests/Support/CMakeFiles/SupportTests.dir/DivisionByConstantTest.cpp.o
[1692/1907] Building CXX object unittests/SandboxIR/CMakeFiles/SandboxIRTests.dir/UtilsTest.cpp.o
[1693/1907] Building CXX object unittests/Support/CMakeFiles/SupportTests.dir/ErrnoTest.cpp.o
[1694/1907] Building CXX object unittests/Support/CMakeFiles/SupportTests.dir/EndianStreamTest.cpp.o
[1695/1907] Building CXX object unittests/Support/CMakeFiles/SupportTests.dir/ELFAttributeParserTest.cpp.o
[1696/1907] Building CXX object unittests/Support/CMakeFiles/SupportTests.dir/EndianTest.cpp.o
[1697/1907] Building CXX object unittests/Support/CMakeFiles/SupportTests.dir/ConvertUTFTest.cpp.o
[1698/1907] Building CXX object unittests/Support/CMakeFiles/SupportTests.dir/ErrorOrTest.cpp.o
[1699/1907] Building CXX object unittests/ProfileData/CMakeFiles/ProfileDataTests.dir/CoverageMappingTest.cpp.o
[1700/1907] Building CXX object unittests/Support/CMakeFiles/SupportTests.dir/ExponentialBackoffTest.cpp.o
[1701/1907] Building CXX object unittests/Support/CMakeFiles/SupportTests.dir/ExtensibleRTTITest.cpp.o
[1702/1907] Building CXX object unittests/Support/CMakeFiles/SupportTests.dir/FSUniqueIDTest.cpp.o
[1703/1907] Building CXX object unittests/Support/CMakeFiles/SupportTests.dir/FileOutputBufferTest.cpp.o
[1704/1907] Building CXX object unittests/Support/CMakeFiles/SupportTests.dir/BinaryStreamTest.cpp.o
[1705/1907] Building CXX object unittests/SandboxIR/CMakeFiles/SandboxIRTests.dir/TrackerTest.cpp.o
[1706/1907] Building CXX object unittests/Frontend/CMakeFiles/LLVMFrontendTests.dir/OpenMPIRBuilderTest.cpp.o
[1707/1907] Building CXX object unittests/Support/CMakeFiles/SupportTests.dir/InstructionCostTest.cpp.o
[1708/1907] Building CXX object unittests/Support/CMakeFiles/SupportTests.dir/GenericDomTreeTest.cpp.o
[1709/1907] Building CXX object unittests/Support/CMakeFiles/SupportTests.dir/IndexedAccessorTest.cpp.o
[1710/1907] Building CXX object unittests/Support/CMakeFiles/SupportTests.dir/DataExtractorTest.cpp.o
[1711/1907] Building CXX object unittests/Support/CMakeFiles/SupportTests.dir/ManagedStatic.cpp.o
[1712/1907] Building CXX object unittests/Support/CMakeFiles/SupportTests.dir/MD5Test.cpp.o
[1713/1907] Building CXX object unittests/Support/CMakeFiles/SupportTests.dir/GlobPatternTest.cpp.o
[1714/1907] Building CXX object unittests/Support/CMakeFiles/SupportTests.dir/FileCollectorTest.cpp.o
[1715/1907] Building CXX object unittests/Support/CMakeFiles/SupportTests.dir/LineIteratorTest.cpp.o
[1716/1907] Building CXX object unittests/Support/CMakeFiles/SupportTests.dir/LockFileManagerTest.cpp.o
[1717/1907] Building CXX object unittests/Support/CMakeFiles/SupportTests.dir/MemoryBufferRefTest.cpp.o
[1718/1907] Building CXX object unittests/Support/CMakeFiles/SupportTests.dir/ModRefTest.cpp.o
[1719/1907] Building CXX object unittests/Support/CMakeFiles/SupportTests.dir/OptimizedStructLayoutTest.cpp.o
[1720/1907] Building CXX object unittests/Support/CMakeFiles/SupportTests.dir/MatchersTest.cpp.o
[1721/1907] Building CXX object unittests/Support/CMakeFiles/SupportTests.dir/NativeFormatTests.cpp.o
[1722/1907] Building CXX object unittests/Support/CMakeFiles/SupportTests.dir/RecyclerTest.cpp.o
[1723/1907] Building CXX object unittests/Support/CMakeFiles/SupportTests.dir/LEB128Test.cpp.o
[1724/1907] Building CXX object unittests/IR/CMakeFiles/IRTests.dir/PassBuilderCallbacksTest.cpp.o
[1725/1907] Building CXX object unittests/Support/CMakeFiles/SupportTests.dir/PerThreadBumpPtrAllocatorTest.cpp.o
[1726/1907] Building CXX object unittests/Support/CMakeFiles/SupportTests.dir/ProcessTest.cpp.o
[1727/1907] Building CXX object unittests/Support/CMakeFiles/SupportTests.dir/ReverseIterationTest.cpp.o
[1728/1907] Building CXX object unittests/Support/CMakeFiles/SupportTests.dir/MemoryTest.cpp.o
[1729/1907] Building CXX object unittests/Support/CMakeFiles/SupportTests.dir/SHA256.cpp.o
[1730/1907] Building CXX object unittests/Support/CMakeFiles/SupportTests.dir/ReplaceFileTest.cpp.o
[1731/1907] Building CXX object unittests/Support/CMakeFiles/SupportTests.dir/RISCVAttributeParserTest.cpp.o
[1732/1907] Linking CXX executable unittests/IR/IRTests
[1733/1907] Building CXX object unittests/Support/CMakeFiles/SupportTests.dir/RegexTest.cpp.o
[1734/1907] Building CXX object unittests/ProfileData/CMakeFiles/ProfileDataTests.dir/MemProfTest.cpp.o
[1735/1907] Building CXX object unittests/Support/CMakeFiles/SupportTests.dir/ProgramTest.cpp.o
[1736/1907] Building CXX object unittests/Support/CMakeFiles/SupportTests.dir/KnownBitsTest.cpp.o
[1737/1907] Building CXX object unittests/Support/CMakeFiles/SupportTests.dir/ParallelTest.cpp.o
[1738/1907] Building CXX object unittests/Support/CMakeFiles/SupportTests.dir/MemoryBufferTest.cpp.o
[1739/1907] Building CXX object unittests/Support/CMakeFiles/SupportTests.dir/SipHashTest.cpp.o
[1740/1907] Building CXX object unittests/Support/CMakeFiles/SupportTests.dir/SignalsTest.cpp.o
[1741/1907] Building CXX object unittests/Support/CMakeFiles/SupportTests.dir/SwapByteOrderTest.cpp.o
[1742/1907] Building CXX object unittests/Support/CMakeFiles/SupportTests.dir/FormatVariadicTest.cpp.o
[1743/1907] Building CXX object unittests/Support/CMakeFiles/SupportTests.dir/SourceMgrTest.cpp.o
[1744/1907] Building CXX object unittests/Support/CMakeFiles/SupportTests.dir/SuffixTreeTest.cpp.o
[1745/1907] Building CXX object unittests/Support/CMakeFiles/SupportTests.dir/TypeSizeTest.cpp.o
[1746/1907] Building CXX object unittests/Support/CMakeFiles/SupportTests.dir/TypeNameTest.cpp.o
[1747/1907] Building CXX object unittests/Support/CMakeFiles/SupportTests.dir/ScaledNumberTest.cpp.o
[1748/1907] Building CXX object unittests/Support/CMakeFiles/SupportTests.dir/TypeTraitsTest.cpp.o
[1749/1907] Building CXX object unittests/Support/CMakeFiles/SupportTests.dir/TimerTest.cpp.o
[1750/1907] Building CXX object unittests/Support/CMakeFiles/SupportTests.dir/CommandLineTest.cpp.o
[1751/1907] Building CXX object unittests/Support/CMakeFiles/SupportTests.dir/ToolOutputFileTest.cpp.o
[1752/1907] Building CXX object unittests/Support/CMakeFiles/SupportTests.dir/TimeProfilerTest.cpp.o
[1753/1907] Building CXX object unittests/Support/CMakeFiles/SupportTests.dir/Threading.cpp.o
[1754/1907] Building CXX object unittests/Support/CMakeFiles/SupportTests.dir/ScopedPrinterTest.cpp.o
[1755/1907] Building CXX object unittests/Support/CMakeFiles/SupportTests.dir/VersionTupleTest.cpp.o
[1756/1907] Building CXX object unittests/Support/DynamicLibrary/CMakeFiles/DynamicLibraryLib.dir/ExportedFuncs.cpp.o
[1757/1907] Building CXX object unittests/Support/CMakeFiles/SupportTests.dir/TrailingObjectsTest.cpp.o
[1758/1907] Building AutomataAutomata.inc...
[1759/1907] Linking CXX static library lib/libDynamicLibraryLib.a
[1760/1907] Building AutomataTables.inc...
[1761/1907] Building CXX object unittests/Support/CMakeFiles/SupportTests.dir/ThreadSafeAllocatorTest.cpp.o
[1762/1907] Building CXX object unittests/Support/CMakeFiles/SupportTests.dir/WithColorTest.cpp.o
[1763/1907] Building CXX object unittests/Support/CMakeFiles/SupportTests.dir/TarWriterTest.cpp.o
[1764/1907] Building CXX object unittests/Support/CMakeFiles/SupportTests.dir/JSONTest.cpp.o
[1765/1907] Building CXX object unittests/Support/CMakeFiles/SupportTests.dir/UTCTimeTest.cpp.o
[1766/1907] Building CXX object unittests/Support/CMakeFiles/SupportTests.dir/ErrorTest.cpp.o
[1767/1907] Building CXX object unittests/Support/CMakeFiles/SupportTests.dir/SpecialCaseListTest.cpp.o
[1768/1907] Building CXX object unittests/Support/DynamicLibrary/CMakeFiles/PipSqueak.dir/PipSqueak.cpp.o
[1769/1907] Building CXX object unittests/Support/DynamicLibrary/CMakeFiles/SecondLib.dir/PipSqueak.cpp.o
[1770/1907] Linking CXX shared module unittests/Support/DynamicLibrary/PipSqueak.so
[1771/1907] Linking CXX shared module unittests/Support/DynamicLibrary/SecondLib.so
[1772/1907] Building CXX object unittests/Support/CMakeFiles/SupportTests.dir/buffer_ostream_test.cpp.o
[1773/1907] Building CXX object unittests/Support/CMakeFiles/SupportTests.dir/formatted_raw_ostream_test.cpp.o
[1774/1907] Building CXX object unittests/Support/CMakeFiles/SupportTests.dir/xxhashTest.cpp.o
[1775/1907] Building CXX object unittests/Support/CMakeFiles/SupportTests.dir/raw_fd_stream_test.cpp.o
[1776/1907] Building CXX object unittests/Support/CMakeFiles/SupportTests.dir/raw_sha1_ostream_test.cpp.o
[1777/1907] Building CXX object unittests/Support/CMakeFiles/SupportTests.dir/HashBuilderTest.cpp.o
[1778/1907] Building CXX object unittests/Support/CommandLineInit/CMakeFiles/CommandLineInitTests.dir/CommandLineInitTest.cpp.o
[1779/1907] Building CXX object unittests/Support/DynamicLibrary/CMakeFiles/DynamicLibraryTests.dir/DynamicLibraryTest.cpp.o
[1780/1907] Building CXX object unittests/Support/CMakeFiles/SupportTests.dir/UnicodeTest.cpp.o
[1781/1907] Building CXX object unittests/Target/CMakeFiles/TargetMachineCTests.dir/TargetMachineOptionsTest.cpp.o
[1782/1907] Building CXX object unittests/Support/CMakeFiles/SupportTests.dir/raw_pwrite_stream_test.cpp.o
[1783/1907] Linking CXX executable unittests/Support/CommandLineInit/CommandLineInitTests
[1784/1907] Building CXX object unittests/Support/CMakeFiles/SupportTests.dir/YAMLParserTest.cpp.o
[1785/1907] Linking CXX executable unittests/Support/DynamicLibrary/DynamicLibraryTests
[1786/1907] Building CXX object unittests/TargetParser/CMakeFiles/TargetParserTests.dir/RISCVTargetParserTest.cpp.o
[1787/1907] Linking CXX executable unittests/Target/TargetMachineCTests
[1788/1907] Building CXX object unittests/TableGen/CMakeFiles/TableGenTests.dir/CodeExpanderTest.cpp.o
[1789/1907] Building CXX object unittests/Support/CMakeFiles/SupportTests.dir/ThreadPool.cpp.o
[1790/1907] Building CXX object unittests/ProfileData/CMakeFiles/ProfileDataTests.dir/InstrProfTest.cpp.o
[1791/1907] Building CXX object unittests/TableGen/CMakeFiles/TableGenTests.dir/ParserEntryPointTest.cpp.o
[1792/1907] Building CXX object unittests/Support/CMakeFiles/SupportTests.dir/raw_socket_stream_test.cpp.o
[1793/1907] Linking CXX executable unittests/ProfileData/ProfileDataTests
[1794/1907] Building CXX object unittests/TargetParser/CMakeFiles/TargetParserTests.dir/Host.cpp.o
[1795/1907] Building CXX object unittests/Support/CMakeFiles/SupportTests.dir/MathExtrasTest.cpp.o
[1796/1907] Building CXX object unittests/Target/RISCV/CMakeFiles/RISCVTests.dir/MCInstrAnalysisTest.cpp.o
[1797/1907] Building CXX object unittests/Telemetry/CMakeFiles/TelemetryTests.dir/TelemetryTest.cpp.o
[1798/1907] Linking CXX executable unittests/Telemetry/TelemetryTests
[1799/1907] Building CXX object unittests/Support/CMakeFiles/SupportTests.dir/raw_ostream_test.cpp.o
[1800/1907] Building CXX object unittests/Testing/ADT/CMakeFiles/TestingADTTests.dir/StringMapTest.cpp.o
[1801/1907] Building CXX object unittests/Testing/ADT/CMakeFiles/TestingADTTests.dir/StringMapEntryTest.cpp.o
[1802/1907] Building CXX object unittests/Frontend/CMakeFiles/LLVMFrontendTests.dir/OpenMPDecompositionTest.cpp.o
[1803/1907] Linking CXX executable unittests/Testing/ADT/TestingADTTests
[1804/1907] Building CXX object unittests/TableGen/CMakeFiles/TableGenTests.dir/AutomataTest.cpp.o
[1805/1907] Building CXX object unittests/Testing/Support/CMakeFiles/TestingSupportTests.dir/TempPathTest.cpp.o
[1806/1907] Linking CXX executable unittests/TableGen/TableGenTests
[1807/1907] Linking CXX executable unittests/Testing/Support/TestingSupportTests
[1808/1907] Linking CXX executable unittests/Frontend/LLVMFrontendTests
[1809/1907] Building CXX object unittests/TargetParser/CMakeFiles/TargetParserTests.dir/CSKYTargetParserTest.cpp.o
[1810/1907] Building CXX object unittests/TextAPI/CMakeFiles/TextAPITests.dir/RecordTests.cpp.o
[1811/1907] Building CXX object unittests/Support/CMakeFiles/SupportTests.dir/Path.cpp.o
[1812/1907] Building CXX object unittests/Transforms/IPO/CMakeFiles/IPOTests.dir/WholeProgramDevirt.cpp.o
[1813/1907] Building CXX object unittests/Transforms/IPO/CMakeFiles/IPOTests.dir/LowerTypeTests.cpp.o
[1814/1907] Building CXX object unittests/TextAPI/CMakeFiles/TextAPITests.dir/TextStubV1Tests.cpp.o
[1815/1907] Building CXX object unittests/TextAPI/CMakeFiles/TextAPITests.dir/TextStubV2Tests.cpp.o
[1816/1907] Building CXX object unittests/Transforms/Utils/CMakeFiles/UtilsTests.dir/ASanStackFrameLayoutTest.cpp.o
[1817/1907] Building CXX object unittests/Transforms/IPO/CMakeFiles/IPOTests.dir/MergeFunctionsTest.cpp.o
[1818/1907] Building CXX object unittests/TargetParser/CMakeFiles/TargetParserTests.dir/RISCVISAInfoTest.cpp.o
[1819/1907] Building CXX object unittests/TextAPI/CMakeFiles/TextAPITests.dir/TextStubV3Tests.cpp.o
[1820/1907] Building CXX object unittests/TextAPI/CMakeFiles/TextAPITests.dir/TextStubV5Tests.cpp.o
[1821/1907] Building CXX object unittests/Transforms/Utils/CMakeFiles/UtilsTests.dir/CodeLayoutTest.cpp.o
[1822/1907] Building CXX object unittests/TextAPI/CMakeFiles/TextAPITests.dir/TextStubV4Tests.cpp.o
[1823/1907] Linking CXX executable unittests/TextAPI/TextAPITests
[1824/1907] Building CXX object unittests/Transforms/IPO/CMakeFiles/IPOTests.dir/ImportIDTableTests.cpp.o
[1825/1907] Building CXX object unittests/Testing/Annotations/CMakeFiles/TestingAnnotationTests.dir/AnnotationsTest.cpp.o
[1826/1907] Building CXX object unittests/Transforms/Utils/CMakeFiles/UtilsTests.dir/FunctionComparatorTest.cpp.o
[1827/1907] Linking CXX executable unittests/Testing/Annotations/TestingAnnotationTests
[1828/1907] Building CXX object unittests/Transforms/Utils/CMakeFiles/UtilsTests.dir/IntegerDivisionTest.cpp.o
[1829/1907] Building CXX object unittests/Transforms/Utils/CMakeFiles/UtilsTests.dir/DebugifyTest.cpp.o
[1830/1907] Building CXX object unittests/Transforms/Utils/CMakeFiles/UtilsTests.dir/CodeExtractorTest.cpp.o
[1831/1907] Building CXX object unittests/Support/CMakeFiles/SupportTests.dir/YAMLIOTest.cpp.o
[1832/1907] Building CXX object unittests/SandboxIR/CMakeFiles/SandboxIRTests.dir/SandboxIRTest.cpp.o
[1833/1907] Linking CXX executable unittests/SandboxIR/SandboxIRTests
[1834/1907] Building CXX object unittests/Transforms/Utils/CMakeFiles/UtilsTests.dir/BasicBlockUtilsTest.cpp.o
[1835/1907] Building CXX object unittests/Support/CMakeFiles/SupportTests.dir/VirtualFileSystemTest.cpp.o
[1836/1907] Building CXX object unittests/Target/RISCV/CMakeFiles/RISCVTests.dir/RISCVInstrInfoTest.cpp.o
[1837/1907] Linking CXX executable unittests/Support/SupportTests
[1838/1907] Building CXX object unittests/Transforms/Utils/CMakeFiles/UtilsTests.dir/LoopRotationUtilsTest.cpp.o
[1839/1907] Building CXX object unittests/Transforms/IPO/CMakeFiles/IPOTests.dir/FunctionSpecializationTest.cpp.o
[1840/1907] Building CXX object unittests/Transforms/Utils/CMakeFiles/UtilsTests.dir/CodeMoverUtilsTest.cpp.o
[1841/1907] Building CXX object unittests/Transforms/Utils/CMakeFiles/UtilsTests.dir/CallPromotionUtilsTest.cpp.o
[1842/1907] Linking CXX executable unittests/Target/RISCV/RISCVTests
[1843/1907] Building CXX object unittests/Transforms/IPO/CMakeFiles/IPOTests.dir/AttributorTest.cpp.o
[1844/1907] Building CXX object unittests/TargetParser/CMakeFiles/TargetParserTests.dir/TripleTest.cpp.o
[1845/1907] Building CXX object unittests/Transforms/Coroutines/CMakeFiles/CoroTests.dir/ExtraRematTest.cpp.o
[1846/1907] Building CXX object unittests/Transforms/Utils/CMakeFiles/UtilsTests.dir/ModuleUtilsTest.cpp.o
[1847/1907] Linking CXX executable unittests/Transforms/IPO/IPOTests
[1848/1907] Building CXX object unittests/Transforms/Utils/CMakeFiles/UtilsTests.dir/SizeOptsTest.cpp.o
[1849/1907] Linking CXX executable unittests/Transforms/Coroutines/CoroTests
[1850/1907] Building CXX object unittests/Transforms/Utils/CMakeFiles/UtilsTests.dir/SSAUpdaterBulkTest.cpp.o
[1851/1907] Building CXX object unittests/TargetParser/CMakeFiles/TargetParserTests.dir/TargetParserTest.cpp.o
[1852/1907] Building CXX object unittests/Transforms/Utils/CMakeFiles/UtilsTests.dir/UnrollLoopTest.cpp.o
[1853/1907] Linking CXX executable unittests/TargetParser/TargetParserTests
[1854/1907] Building CXX object unittests/Transforms/Utils/CMakeFiles/UtilsTests.dir/ProfDataUtilTest.cpp.o
[1855/1907] Building CXX object unittests/Transforms/Scalar/CMakeFiles/ScalarTests.dir/LICMTest.cpp.o
[1856/1907] Building CXX object unittests/Transforms/Utils/CMakeFiles/UtilsTests.dir/LoopUtilsTest.cpp.o
[1857/1907] Building CXX object unittests/Transforms/Utils/CMakeFiles/UtilsTests.dir/LocalTest.cpp.o
[1858/1907] Building CXX object unittests/Transforms/Utils/CMakeFiles/UtilsTests.dir/CloningTest.cpp.o
[1859/1907] Building CXX object unittests/Transforms/Utils/CMakeFiles/UtilsTests.dir/ValueMapperTest.cpp.o
[1860/1907] Building CXX object unittests/Transforms/Instrumentation/CMakeFiles/InstrumentationTests.dir/PGOInstrumentationTest.cpp.o
[1861/1907] Building CXX object unittests/tools/llvm-exegesis/CMakeFiles/LLVMExegesisTests.dir/ProgressMeterTest.cpp.o
[1862/1907] Building CXX object unittests/XRay/CMakeFiles/XRayTests.dir/FDRBlockVerifierTest.cpp.o
[1863/1907] Building CXX object unittests/Transforms/Utils/CMakeFiles/UtilsTests.dir/ScalarEvolutionExpanderTest.cpp.o
[1864/1907] Building CXX object unittests/XRay/CMakeFiles/XRayTests.dir/FDRBlockIndexerTest.cpp.o
[1865/1907] Building CXX object unittests/XRay/CMakeFiles/XRayTests.dir/FDRRecordsTest.cpp.o
[1866/1907] Copying llvm-locstats into /work/build/./bin
[1867/1907] Building CXX object unittests/tools/llvm-exegesis/CMakeFiles/LLVMExegesisTests.dir/RegisterValueTest.cpp.o
[1868/1907] Building CXX object unittests/Transforms/Instrumentation/CMakeFiles/InstrumentationTests.dir/MemProfUseTest.cpp.o
[1869/1907] Building CXX object unittests/XRay/CMakeFiles/XRayTests.dir/FDRRecordPrinterTest.cpp.o
[1870/1907] Building CXX object unittests/Transforms/Utils/CMakeFiles/UtilsTests.dir/MemTransferLowering.cpp.o
[1871/1907] Linking CXX executable unittests/Transforms/Instrumentation/InstrumentationTests
[1872/1907] Linking CXX executable unittests/Transforms/Utils/UtilsTests
[1873/1907] Building CXX object unittests/Transforms/Vectorize/SandboxVectorizer/CMakeFiles/SandboxVectorizerTests.dir/InstrMapsTest.cpp.o
[1874/1907] Building CXX object unittests/Transforms/Vectorize/CMakeFiles/VectorizeTests.dir/VPDomTreeTest.cpp.o
[1875/1907] Building CXX object unittests/XRay/CMakeFiles/XRayTests.dir/FDRTraceWriterTest.cpp.o
[1876/1907] Building CXX object unittests/Transforms/Vectorize/SandboxVectorizer/CMakeFiles/SandboxVectorizerTests.dir/IntervalTest.cpp.o
[1877/1907] Building CXX object unittests/Transforms/Vectorize/CMakeFiles/VectorizeTests.dir/VPlanVerifierTest.cpp.o
[1878/1907] Building CXX object unittests/tools/llvm-mca/CMakeFiles/LLVMMCATests.dir/__/__/__/tools/llvm-mca/Views/SummaryView.cpp.o
[1879/1907] Building CXX object unittests/tools/llvm-exegesis/CMakeFiles/LLVMExegesisTests.dir/ResultAggregatorTest.cpp.o
[1880/1907] Building CXX object unittests/Transforms/Vectorize/CMakeFiles/VectorizeTests.dir/VPlanHCFGTest.cpp.o
[1881/1907] Building CXX object unittests/XRay/CMakeFiles/XRayTests.dir/GraphTest.cpp.o
[1882/1907] Building CXX object unittests/Transforms/Vectorize/CMakeFiles/VectorizeTests.dir/VPlanSlpTest.cpp.o
[1883/1907] Building CXX object unittests/XRay/CMakeFiles/XRayTests.dir/FDRProducerConsumerTest.cpp.o
[1884/1907] Building CXX object unittests/Transforms/Vectorize/SandboxVectorizer/CMakeFiles/SandboxVectorizerTests.dir/VecUtilsTest.cpp.o
[1885/1907] Building CXX object unittests/XRay/CMakeFiles/XRayTests.dir/ProfileTest.cpp.o
[1886/1907] Building CXX object unittests/Transforms/Vectorize/SandboxVectorizer/CMakeFiles/SandboxVectorizerTests.dir/SchedulerTest.cpp.o
[1887/1907] Linking CXX executable unittests/XRay/XRayTests
[1888/1907] Building CXX object unittests/tools/llvm-exegesis/CMakeFiles/LLVMExegesisTests.dir/ClusteringTest.cpp.o
[1889/1907] Building CXX object unittests/Transforms/Vectorize/SandboxVectorizer/CMakeFiles/SandboxVectorizerTests.dir/SandboxVectorizerTest.cpp.o
[1890/1907] Building CXX object unittests/tools/llvm-mca/CMakeFiles/LLVMMCATests.dir/MCATestBase.cpp.o
[1891/1907] Linking CXX executable unittests/tools/llvm-mca/LLVMMCATests
[1892/1907] Building CXX object unittests/Transforms/Vectorize/SandboxVectorizer/CMakeFiles/SandboxVectorizerTests.dir/SeedCollectorTest.cpp.o
[1893/1907] Building CXX object unittests/Transforms/Vectorize/SandboxVectorizer/CMakeFiles/SandboxVectorizerTests.dir/LegalityTest.cpp.o
[1894/1907] Building CXX object unittests/tools/llvm-profdata/CMakeFiles/LLVMProfdataTests.dir/OutputSizeLimitTest.cpp.o
[1895/1907] Linking CXX executable unittests/tools/llvm-profdata/LLVMProfdataTests
[1896/1907] Building CXX object unittests/Transforms/Vectorize/SandboxVectorizer/CMakeFiles/SandboxVectorizerTests.dir/DependencyGraphTest.cpp.o
[1897/1907] Linking CXX executable unittests/Transforms/Vectorize/SandboxVectorizer/SandboxVectorizerTests
[1898/1907] Building CXX object unittests/tools/llvm-exegesis/CMakeFiles/LLVMExegesisTests.dir/BenchmarkRunnerTest.cpp.o
[1899/1907] Building CXX object unittests/Transforms/Vectorize/CMakeFiles/VectorizeTests.dir/VPlanTest.cpp.o
[1900/1907] Linking CXX executable unittests/Transforms/Vectorize/VectorizeTests
[1901/1907] Building CXX object unittests/tools/llvm-profgen/CMakeFiles/LLVMProfgenTests.dir/ContextCompressionTest.cpp.o
[1902/1907] Linking CXX executable unittests/tools/llvm-profgen/LLVMProfgenTests
[1903/1907] Building CXX object unittests/tools/llvm-exegesis/CMakeFiles/LLVMExegesisTests.dir/RISCV/TargetTest.cpp.o
[1904/1907] Building CXX object unittests/tools/llvm-exegesis/CMakeFiles/LLVMExegesisTests.dir/RISCV/SnippetGeneratorTest.cpp.o
[1905/1907] Linking CXX executable unittests/tools/llvm-exegesis/LLVMExegesisTests
[1906/1907] Building CXX object unittests/Transforms/Scalar/CMakeFiles/ScalarTests.dir/LoopPassManagerTest.cpp.o
[1907/1907] Linking CXX executable unittests/Transforms/Scalar/ScalarTests
********************
Failed Tests (1):
  LLVM :: CodeGen/RISCV/rvv/vsetvli-insert-zve64f.mir


Total Discovered Tests: 4721
  Failed: 1 (0.02%)
unit (TargetParserTests) exit 0, 84 tests
{"green": true, "totals": {"PASS": 4720, "FAIL": 1}, "problems": 0, "upstream_removed": 125}
