ninja: Entering directory `build/int-19'
[1/2285] Building AttrVisitor.inc...
[2/2285] Building AttrNodeTraverse.inc...
[3/2285] Building AttrTextNodeDump.inc...
[4/2285] Building Attrs.inc...
[5/2285] Generating VCSRevision.h
[6/2285] Building AttrImpl.inc...
[7/2285] Building AttrList.inc...
[8/2285] Building AttrSubMatchRulesList.inc...
[9/2285] Building RegularKeywordAttrInfo.inc...
[10/2285] Building AttrTemplateInstantiate.inc...
[11/2285] Building AttrHasAttributeImpl.inc...
[12/2285] Building AttrParserStringSwitches.inc...
[13/2285] Building AttrSubMatchRulesParserStringSwitches.inc...
[14/2285] Building AttrSpellingListIndex.inc...
[15/2285] Building AttrParsedAttrList.inc...
[16/2285] Building AttrParsedAttrKinds.inc...
[17/2285] Building AttrPCHRead.inc...
[18/2285] Building AttrPCHWrite.inc...
[19/2285] Building AttrParsedAttrImpl.inc...
[20/2285] Generating VCSVersion.inc
[21/2285] Building CXX object tools/clang/lib/Basic/CMakeFiles/obj.clangBasic.dir/ASTSourceDescriptor.cpp.o
[22/2285] Building CXX object tools/clang/lib/APINotes/CMakeFiles/obj.clangAPINotes.dir/APINotesTypes.cpp.o
[23/2285] Building RISCVGenMCPseudoLowering.inc...
FAILED: lib/Target/RISCV/RISCVGenMCPseudoLowering.inc /home/ubuntu/llvm-project/pulp-llvm-port/build/int-19/lib/Target/RISCV/RISCVGenMCPseudoLowering.inc 
cd /home/ubuntu/llvm-project/pulp-llvm-port/build/int-19 && /home/ubuntu/llvm-project/pulp-llvm-port/build/int-19/bin/llvm-tblgen -gen-pseudo-lowering -I /home/ubuntu/llvm-project/pulp-llvm-port/wt/int-19/llvm/lib/Target/RISCV -I/home/ubuntu/llvm-project/pulp-llvm-port/build/int-19/include -I/home/ubuntu/llvm-project/pulp-llvm-port/wt/int-19/llvm/include -I /home/ubuntu/llvm-project/pulp-llvm-port/wt/int-19/llvm/lib/Target /home/ubuntu/llvm-project/pulp-llvm-port/wt/int-19/llvm/lib/Target/RISCV/RISCV.td --write-if-changed -o lib/Target/RISCV/RISCVGenMCPseudoLowering.inc -d lib/Target/RISCV/RISCVGenMCPseudoLowering.inc.d
Included from /home/ubuntu/llvm-project/pulp-llvm-port/wt/int-19/llvm/lib/Target/RISCV/RISCV.td:36:
Included from /home/ubuntu/llvm-project/pulp-llvm-port/wt/int-19/llvm/lib/Target/RISCV/RISCVInstrInfo.td:2118:
/home/ubuntu/llvm-project/pulp-llvm-port/wt/int-19/llvm/lib/Target/RISCV/RISCVInstrInfoXpulp.td:67:5: error: def already exists: powerOf2Minus1
def powerOf2Minus1      : TImmLeaf<XLenVT, [{ return isPowerOf2_32(Imm+1);   }]>;
    ^
Included from /home/ubuntu/llvm-project/pulp-llvm-port/wt/int-19/llvm/lib/Target/RISCV/RISCV.td:36:
Included from /home/ubuntu/llvm-project/pulp-llvm-port/wt/int-19/llvm/lib/Target/RISCV/RISCVInstrInfo.td:2112:
/home/ubuntu/llvm-project/pulp-llvm-port/wt/int-19/llvm/lib/Target/RISCV/RISCVInstrInfoXCV.td:719:5: note: location of previous definition
def powerOf2Minus1 : ImmLeaf<XLenVT, [{ return isPowerOf2_32(Imm+1); }]>;
    ^
[24/2285] Building RISCVGenGlobalISel.inc...
FAILED: lib/Target/RISCV/RISCVGenGlobalISel.inc /home/ubuntu/llvm-project/pulp-llvm-port/build/int-19/lib/Target/RISCV/RISCVGenGlobalISel.inc 
cd /home/ubuntu/llvm-project/pulp-llvm-port/build/int-19 && /home/ubuntu/llvm-project/pulp-llvm-port/build/int-19/bin/llvm-tblgen -gen-global-isel -I /home/ubuntu/llvm-project/pulp-llvm-port/wt/int-19/llvm/lib/Target/RISCV -I/home/ubuntu/llvm-project/pulp-llvm-port/build/int-19/include -I/home/ubuntu/llvm-project/pulp-llvm-port/wt/int-19/llvm/include -I /home/ubuntu/llvm-project/pulp-llvm-port/wt/int-19/llvm/lib/Target /home/ubuntu/llvm-project/pulp-llvm-port/wt/int-19/llvm/lib/Target/RISCV/RISCVGISel.td --write-if-changed -o lib/Target/RISCV/RISCVGenGlobalISel.inc -d lib/Target/RISCV/RISCVGenGlobalISel.inc.d
Included from /home/ubuntu/llvm-project/pulp-llvm-port/wt/int-19/llvm/lib/Target/RISCV/RISCVGISel.td:16:
Included from /home/ubuntu/llvm-project/pulp-llvm-port/wt/int-19/llvm/lib/Target/RISCV/RISCV.td:36:
Included from /home/ubuntu/llvm-project/pulp-llvm-port/wt/int-19/llvm/lib/Target/RISCV/RISCVInstrInfo.td:2118:
/home/ubuntu/llvm-project/pulp-llvm-port/wt/int-19/llvm/lib/Target/RISCV/RISCVInstrInfoXpulp.td:67:5: error: def already exists: powerOf2Minus1
def powerOf2Minus1      : TImmLeaf<XLenVT, [{ return isPowerOf2_32(Imm+1);   }]>;
    ^
Included from /home/ubuntu/llvm-project/pulp-llvm-port/wt/int-19/llvm/lib/Target/RISCV/RISCVGISel.td:16:
Included from /home/ubuntu/llvm-project/pulp-llvm-port/wt/int-19/llvm/lib/Target/RISCV/RISCV.td:36:
Included from /home/ubuntu/llvm-project/pulp-llvm-port/wt/int-19/llvm/lib/Target/RISCV/RISCVInstrInfo.td:2112:
/home/ubuntu/llvm-project/pulp-llvm-port/wt/int-19/llvm/lib/Target/RISCV/RISCVInstrInfoXCV.td:719:5: note: location of previous definition
def powerOf2Minus1 : ImmLeaf<XLenVT, [{ return isPowerOf2_32(Imm+1); }]>;
    ^
[25/2285] Building RISCVGenAsmMatcher.inc...
FAILED: lib/Target/RISCV/RISCVGenAsmMatcher.inc /home/ubuntu/llvm-project/pulp-llvm-port/build/int-19/lib/Target/RISCV/RISCVGenAsmMatcher.inc 
cd /home/ubuntu/llvm-project/pulp-llvm-port/build/int-19 && /home/ubuntu/llvm-project/pulp-llvm-port/build/int-19/bin/llvm-tblgen -gen-asm-matcher -I /home/ubuntu/llvm-project/pulp-llvm-port/wt/int-19/llvm/lib/Target/RISCV -I/home/ubuntu/llvm-project/pulp-llvm-port/build/int-19/include -I/home/ubuntu/llvm-project/pulp-llvm-port/wt/int-19/llvm/include -I /home/ubuntu/llvm-project/pulp-llvm-port/wt/int-19/llvm/lib/Target /home/ubuntu/llvm-project/pulp-llvm-port/wt/int-19/llvm/lib/Target/RISCV/RISCV.td --write-if-changed -o lib/Target/RISCV/RISCVGenAsmMatcher.inc -d lib/Target/RISCV/RISCVGenAsmMatcher.inc.d
Included from /home/ubuntu/llvm-project/pulp-llvm-port/wt/int-19/llvm/lib/Target/RISCV/RISCV.td:36:
Included from /home/ubuntu/llvm-project/pulp-llvm-port/wt/int-19/llvm/lib/Target/RISCV/RISCVInstrInfo.td:2118:
/home/ubuntu/llvm-project/pulp-llvm-port/wt/int-19/llvm/lib/Target/RISCV/RISCVInstrInfoXpulp.td:67:5: error: def already exists: powerOf2Minus1
def powerOf2Minus1      : TImmLeaf<XLenVT, [{ return isPowerOf2_32(Imm+1);   }]>;
    ^
Included from /home/ubuntu/llvm-project/pulp-llvm-port/wt/int-19/llvm/lib/Target/RISCV/RISCV.td:36:
Included from /home/ubuntu/llvm-project/pulp-llvm-port/wt/int-19/llvm/lib/Target/RISCV/RISCVInstrInfo.td:2112:
/home/ubuntu/llvm-project/pulp-llvm-port/wt/int-19/llvm/lib/Target/RISCV/RISCVInstrInfoXCV.td:719:5: note: location of previous definition
def powerOf2Minus1 : ImmLeaf<XLenVT, [{ return isPowerOf2_32(Imm+1); }]>;
    ^
[26/2285] Building CXX object tools/clang/lib/Basic/CMakeFiles/obj.clangBasic.dir/CLWarnings.cpp.o
[27/2285] Building RISCVGenInstrInfo.inc...
FAILED: lib/Target/RISCV/RISCVGenInstrInfo.inc /home/ubuntu/llvm-project/pulp-llvm-port/build/int-19/lib/Target/RISCV/RISCVGenInstrInfo.inc 
cd /home/ubuntu/llvm-project/pulp-llvm-port/build/int-19 && /home/ubuntu/llvm-project/pulp-llvm-port/build/int-19/bin/llvm-tblgen -gen-instr-info -I /home/ubuntu/llvm-project/pulp-llvm-port/wt/int-19/llvm/lib/Target/RISCV -I/home/ubuntu/llvm-project/pulp-llvm-port/build/int-19/include -I/home/ubuntu/llvm-project/pulp-llvm-port/wt/int-19/llvm/include -I /home/ubuntu/llvm-project/pulp-llvm-port/wt/int-19/llvm/lib/Target /home/ubuntu/llvm-project/pulp-llvm-port/wt/int-19/llvm/lib/Target/RISCV/RISCV.td --write-if-changed -o lib/Target/RISCV/RISCVGenInstrInfo.inc -d lib/Target/RISCV/RISCVGenInstrInfo.inc.d
Included from /home/ubuntu/llvm-project/pulp-llvm-port/wt/int-19/llvm/lib/Target/RISCV/RISCV.td:36:
Included from /home/ubuntu/llvm-project/pulp-llvm-port/wt/int-19/llvm/lib/Target/RISCV/RISCVInstrInfo.td:2118:
/home/ubuntu/llvm-project/pulp-llvm-port/wt/int-19/llvm/lib/Target/RISCV/RISCVInstrInfoXpulp.td:67:5: error: def already exists: powerOf2Minus1
def powerOf2Minus1      : TImmLeaf<XLenVT, [{ return isPowerOf2_32(Imm+1);   }]>;
    ^
Included from /home/ubuntu/llvm-project/pulp-llvm-port/wt/int-19/llvm/lib/Target/RISCV/RISCV.td:36:
Included from /home/ubuntu/llvm-project/pulp-llvm-port/wt/int-19/llvm/lib/Target/RISCV/RISCVInstrInfo.td:2112:
/home/ubuntu/llvm-project/pulp-llvm-port/wt/int-19/llvm/lib/Target/RISCV/RISCVInstrInfoXCV.td:719:5: note: location of previous definition
def powerOf2Minus1 : ImmLeaf<XLenVT, [{ return isPowerOf2_32(Imm+1); }]>;
    ^
[28/2285] Building RISCVGenAsmWriter.inc...
FAILED: lib/Target/RISCV/RISCVGenAsmWriter.inc /home/ubuntu/llvm-project/pulp-llvm-port/build/int-19/lib/Target/RISCV/RISCVGenAsmWriter.inc 
cd /home/ubuntu/llvm-project/pulp-llvm-port/build/int-19 && /home/ubuntu/llvm-project/pulp-llvm-port/build/int-19/bin/llvm-tblgen -gen-asm-writer -I /home/ubuntu/llvm-project/pulp-llvm-port/wt/int-19/llvm/lib/Target/RISCV -I/home/ubuntu/llvm-project/pulp-llvm-port/build/int-19/include -I/home/ubuntu/llvm-project/pulp-llvm-port/wt/int-19/llvm/include -I /home/ubuntu/llvm-project/pulp-llvm-port/wt/int-19/llvm/lib/Target /home/ubuntu/llvm-project/pulp-llvm-port/wt/int-19/llvm/lib/Target/RISCV/RISCV.td --write-if-changed -o lib/Target/RISCV/RISCVGenAsmWriter.inc -d lib/Target/RISCV/RISCVGenAsmWriter.inc.d
Included from /home/ubuntu/llvm-project/pulp-llvm-port/wt/int-19/llvm/lib/Target/RISCV/RISCV.td:36:
Included from /home/ubuntu/llvm-project/pulp-llvm-port/wt/int-19/llvm/lib/Target/RISCV/RISCVInstrInfo.td:2118:
/home/ubuntu/llvm-project/pulp-llvm-port/wt/int-19/llvm/lib/Target/RISCV/RISCVInstrInfoXpulp.td:67:5: error: def already exists: powerOf2Minus1
def powerOf2Minus1      : TImmLeaf<XLenVT, [{ return isPowerOf2_32(Imm+1);   }]>;
    ^
Included from /home/ubuntu/llvm-project/pulp-llvm-port/wt/int-19/llvm/lib/Target/RISCV/RISCV.td:36:
Included from /home/ubuntu/llvm-project/pulp-llvm-port/wt/int-19/llvm/lib/Target/RISCV/RISCVInstrInfo.td:2112:
/home/ubuntu/llvm-project/pulp-llvm-port/wt/int-19/llvm/lib/Target/RISCV/RISCVInstrInfoXCV.td:719:5: note: location of previous definition
def powerOf2Minus1 : ImmLeaf<XLenVT, [{ return isPowerOf2_32(Imm+1); }]>;
    ^
[29/2285] Building CXX object tools/clang/lib/Basic/CMakeFiles/obj.clangBasic.dir/CharInfo.cpp.o
[30/2285] Building RISCVGenCompressInstEmitter.inc...
FAILED: lib/Target/RISCV/RISCVGenCompressInstEmitter.inc /home/ubuntu/llvm-project/pulp-llvm-port/build/int-19/lib/Target/RISCV/RISCVGenCompressInstEmitter.inc 
cd /home/ubuntu/llvm-project/pulp-llvm-port/build/int-19 && /home/ubuntu/llvm-project/pulp-llvm-port/build/int-19/bin/llvm-tblgen -gen-compress-inst-emitter -I /home/ubuntu/llvm-project/pulp-llvm-port/wt/int-19/llvm/lib/Target/RISCV -I/home/ubuntu/llvm-project/pulp-llvm-port/build/int-19/include -I/home/ubuntu/llvm-project/pulp-llvm-port/wt/int-19/llvm/include -I /home/ubuntu/llvm-project/pulp-llvm-port/wt/int-19/llvm/lib/Target /home/ubuntu/llvm-project/pulp-llvm-port/wt/int-19/llvm/lib/Target/RISCV/RISCV.td --write-if-changed -o lib/Target/RISCV/RISCVGenCompressInstEmitter.inc -d lib/Target/RISCV/RISCVGenCompressInstEmitter.inc.d
Included from /home/ubuntu/llvm-project/pulp-llvm-port/wt/int-19/llvm/lib/Target/RISCV/RISCV.td:36:
Included from /home/ubuntu/llvm-project/pulp-llvm-port/wt/int-19/llvm/lib/Target/RISCV/RISCVInstrInfo.td:2118:
/home/ubuntu/llvm-project/pulp-llvm-port/wt/int-19/llvm/lib/Target/RISCV/RISCVInstrInfoXpulp.td:67:5: error: def already exists: powerOf2Minus1
def powerOf2Minus1      : TImmLeaf<XLenVT, [{ return isPowerOf2_32(Imm+1);   }]>;
    ^
Included from /home/ubuntu/llvm-project/pulp-llvm-port/wt/int-19/llvm/lib/Target/RISCV/RISCV.td:36:
Included from /home/ubuntu/llvm-project/pulp-llvm-port/wt/int-19/llvm/lib/Target/RISCV/RISCVInstrInfo.td:2112:
/home/ubuntu/llvm-project/pulp-llvm-port/wt/int-19/llvm/lib/Target/RISCV/RISCVInstrInfoXCV.td:719:5: note: location of previous definition
def powerOf2Minus1 : ImmLeaf<XLenVT, [{ return isPowerOf2_32(Imm+1); }]>;
    ^
[31/2285] Building RISCVGenSearchableTables.inc...
FAILED: lib/Target/RISCV/RISCVGenSearchableTables.inc /home/ubuntu/llvm-project/pulp-llvm-port/build/int-19/lib/Target/RISCV/RISCVGenSearchableTables.inc 
cd /home/ubuntu/llvm-project/pulp-llvm-port/build/int-19 && /home/ubuntu/llvm-project/pulp-llvm-port/build/int-19/bin/llvm-tblgen -gen-searchable-tables -I /home/ubuntu/llvm-project/pulp-llvm-port/wt/int-19/llvm/lib/Target/RISCV -I/home/ubuntu/llvm-project/pulp-llvm-port/build/int-19/include -I/home/ubuntu/llvm-project/pulp-llvm-port/wt/int-19/llvm/include -I /home/ubuntu/llvm-project/pulp-llvm-port/wt/int-19/llvm/lib/Target /home/ubuntu/llvm-project/pulp-llvm-port/wt/int-19/llvm/lib/Target/RISCV/RISCV.td --write-if-changed -o lib/Target/RISCV/RISCVGenSearchableTables.inc -d lib/Target/RISCV/RISCVGenSearchableTables.inc.d
Included from /home/ubuntu/llvm-project/pulp-llvm-port/wt/int-19/llvm/lib/Target/RISCV/RISCV.td:36:
Included from /home/ubuntu/llvm-project/pulp-llvm-port/wt/int-19/llvm/lib/Target/RISCV/RISCVInstrInfo.td:2118:
/home/ubuntu/llvm-project/pulp-llvm-port/wt/int-19/llvm/lib/Target/RISCV/RISCVInstrInfoXpulp.td:67:5: error: def already exists: powerOf2Minus1
def powerOf2Minus1      : TImmLeaf<XLenVT, [{ return isPowerOf2_32(Imm+1);   }]>;
    ^
Included from /home/ubuntu/llvm-project/pulp-llvm-port/wt/int-19/llvm/lib/Target/RISCV/RISCV.td:36:
Included from /home/ubuntu/llvm-project/pulp-llvm-port/wt/int-19/llvm/lib/Target/RISCV/RISCVInstrInfo.td:2112:
/home/ubuntu/llvm-project/pulp-llvm-port/wt/int-19/llvm/lib/Target/RISCV/RISCVInstrInfoXCV.td:719:5: note: location of previous definition
def powerOf2Minus1 : ImmLeaf<XLenVT, [{ return isPowerOf2_32(Imm+1); }]>;
    ^
[32/2285] Building RISCVGenMCCodeEmitter.inc...
FAILED: lib/Target/RISCV/RISCVGenMCCodeEmitter.inc /home/ubuntu/llvm-project/pulp-llvm-port/build/int-19/lib/Target/RISCV/RISCVGenMCCodeEmitter.inc 
cd /home/ubuntu/llvm-project/pulp-llvm-port/build/int-19 && /home/ubuntu/llvm-project/pulp-llvm-port/build/int-19/bin/llvm-tblgen -gen-emitter -I /home/ubuntu/llvm-project/pulp-llvm-port/wt/int-19/llvm/lib/Target/RISCV -I/home/ubuntu/llvm-project/pulp-llvm-port/build/int-19/include -I/home/ubuntu/llvm-project/pulp-llvm-port/wt/int-19/llvm/include -I /home/ubuntu/llvm-project/pulp-llvm-port/wt/int-19/llvm/lib/Target /home/ubuntu/llvm-project/pulp-llvm-port/wt/int-19/llvm/lib/Target/RISCV/RISCV.td --write-if-changed -o lib/Target/RISCV/RISCVGenMCCodeEmitter.inc -d lib/Target/RISCV/RISCVGenMCCodeEmitter.inc.d
Included from /home/ubuntu/llvm-project/pulp-llvm-port/wt/int-19/llvm/lib/Target/RISCV/RISCV.td:36:
Included from /home/ubuntu/llvm-project/pulp-llvm-port/wt/int-19/llvm/lib/Target/RISCV/RISCVInstrInfo.td:2118:
/home/ubuntu/llvm-project/pulp-llvm-port/wt/int-19/llvm/lib/Target/RISCV/RISCVInstrInfoXpulp.td:67:5: error: def already exists: powerOf2Minus1
def powerOf2Minus1      : TImmLeaf<XLenVT, [{ return isPowerOf2_32(Imm+1);   }]>;
    ^
Included from /home/ubuntu/llvm-project/pulp-llvm-port/wt/int-19/llvm/lib/Target/RISCV/RISCV.td:36:
Included from /home/ubuntu/llvm-project/pulp-llvm-port/wt/int-19/llvm/lib/Target/RISCV/RISCVInstrInfo.td:2112:
/home/ubuntu/llvm-project/pulp-llvm-port/wt/int-19/llvm/lib/Target/RISCV/RISCVInstrInfoXCV.td:719:5: note: location of previous definition
def powerOf2Minus1 : ImmLeaf<XLenVT, [{ return isPowerOf2_32(Imm+1); }]>;
    ^
[33/2285] Building RISCVGenO0PreLegalizeGICombiner.inc...
FAILED: lib/Target/RISCV/RISCVGenO0PreLegalizeGICombiner.inc /home/ubuntu/llvm-project/pulp-llvm-port/build/int-19/lib/Target/RISCV/RISCVGenO0PreLegalizeGICombiner.inc 
cd /home/ubuntu/llvm-project/pulp-llvm-port/build/int-19 && /home/ubuntu/llvm-project/pulp-llvm-port/build/int-19/bin/llvm-tblgen -gen-global-isel-combiner -combiners="RISCVO0PreLegalizerCombiner" -I /home/ubuntu/llvm-project/pulp-llvm-port/wt/int-19/llvm/lib/Target/RISCV -I/home/ubuntu/llvm-project/pulp-llvm-port/build/int-19/include -I/home/ubuntu/llvm-project/pulp-llvm-port/wt/int-19/llvm/include -I /home/ubuntu/llvm-project/pulp-llvm-port/wt/int-19/llvm/lib/Target /home/ubuntu/llvm-project/pulp-llvm-port/wt/int-19/llvm/lib/Target/RISCV/RISCVGISel.td --write-if-changed -o lib/Target/RISCV/RISCVGenO0PreLegalizeGICombiner.inc -d lib/Target/RISCV/RISCVGenO0PreLegalizeGICombiner.inc.d
Included from /home/ubuntu/llvm-project/pulp-llvm-port/wt/int-19/llvm/lib/Target/RISCV/RISCVGISel.td:16:
Included from /home/ubuntu/llvm-project/pulp-llvm-port/wt/int-19/llvm/lib/Target/RISCV/RISCV.td:36:
Included from /home/ubuntu/llvm-project/pulp-llvm-port/wt/int-19/llvm/lib/Target/RISCV/RISCVInstrInfo.td:2118:
/home/ubuntu/llvm-project/pulp-llvm-port/wt/int-19/llvm/lib/Target/RISCV/RISCVInstrInfoXpulp.td:67:5: error: def already exists: powerOf2Minus1
def powerOf2Minus1      : TImmLeaf<XLenVT, [{ return isPowerOf2_32(Imm+1);   }]>;
    ^
Included from /home/ubuntu/llvm-project/pulp-llvm-port/wt/int-19/llvm/lib/Target/RISCV/RISCVGISel.td:16:
Included from /home/ubuntu/llvm-project/pulp-llvm-port/wt/int-19/llvm/lib/Target/RISCV/RISCV.td:36:
Included from /home/ubuntu/llvm-project/pulp-llvm-port/wt/int-19/llvm/lib/Target/RISCV/RISCVInstrInfo.td:2112:
/home/ubuntu/llvm-project/pulp-llvm-port/wt/int-19/llvm/lib/Target/RISCV/RISCVInstrInfoXCV.td:719:5: note: location of previous definition
def powerOf2Minus1 : ImmLeaf<XLenVT, [{ return isPowerOf2_32(Imm+1); }]>;
    ^
[34/2285] Building RISCVGenDisassemblerTables.inc...
FAILED: lib/Target/RISCV/RISCVGenDisassemblerTables.inc /home/ubuntu/llvm-project/pulp-llvm-port/build/int-19/lib/Target/RISCV/RISCVGenDisassemblerTables.inc 
cd /home/ubuntu/llvm-project/pulp-llvm-port/build/int-19 && /home/ubuntu/llvm-project/pulp-llvm-port/build/int-19/bin/llvm-tblgen -gen-disassembler -I /home/ubuntu/llvm-project/pulp-llvm-port/wt/int-19/llvm/lib/Target/RISCV -I/home/ubuntu/llvm-project/pulp-llvm-port/build/int-19/include -I/home/ubuntu/llvm-project/pulp-llvm-port/wt/int-19/llvm/include -I /home/ubuntu/llvm-project/pulp-llvm-port/wt/int-19/llvm/lib/Target /home/ubuntu/llvm-project/pulp-llvm-port/wt/int-19/llvm/lib/Target/RISCV/RISCV.td --write-if-changed -o lib/Target/RISCV/RISCVGenDisassemblerTables.inc -d lib/Target/RISCV/RISCVGenDisassemblerTables.inc.d
Included from /home/ubuntu/llvm-project/pulp-llvm-port/wt/int-19/llvm/lib/Target/RISCV/RISCV.td:36:
Included from /home/ubuntu/llvm-project/pulp-llvm-port/wt/int-19/llvm/lib/Target/RISCV/RISCVInstrInfo.td:2118:
/home/ubuntu/llvm-project/pulp-llvm-port/wt/int-19/llvm/lib/Target/RISCV/RISCVInstrInfoXpulp.td:67:5: error: def already exists: powerOf2Minus1
def powerOf2Minus1      : TImmLeaf<XLenVT, [{ return isPowerOf2_32(Imm+1);   }]>;
    ^
Included from /home/ubuntu/llvm-project/pulp-llvm-port/wt/int-19/llvm/lib/Target/RISCV/RISCV.td:36:
Included from /home/ubuntu/llvm-project/pulp-llvm-port/wt/int-19/llvm/lib/Target/RISCV/RISCVInstrInfo.td:2112:
/home/ubuntu/llvm-project/pulp-llvm-port/wt/int-19/llvm/lib/Target/RISCV/RISCVInstrInfoXCV.td:719:5: note: location of previous definition
def powerOf2Minus1 : ImmLeaf<XLenVT, [{ return isPowerOf2_32(Imm+1); }]>;
    ^
[35/2285] Building RISCVGenSubtargetInfo.inc...
FAILED: lib/Target/RISCV/RISCVGenSubtargetInfo.inc /home/ubuntu/llvm-project/pulp-llvm-port/build/int-19/lib/Target/RISCV/RISCVGenSubtargetInfo.inc 
cd /home/ubuntu/llvm-project/pulp-llvm-port/build/int-19 && /home/ubuntu/llvm-project/pulp-llvm-port/build/int-19/bin/llvm-tblgen -gen-subtarget -I /home/ubuntu/llvm-project/pulp-llvm-port/wt/int-19/llvm/lib/Target/RISCV -I/home/ubuntu/llvm-project/pulp-llvm-port/build/int-19/include -I/home/ubuntu/llvm-project/pulp-llvm-port/wt/int-19/llvm/include -I /home/ubuntu/llvm-project/pulp-llvm-port/wt/int-19/llvm/lib/Target /home/ubuntu/llvm-project/pulp-llvm-port/wt/int-19/llvm/lib/Target/RISCV/RISCV.td --write-if-changed -o lib/Target/RISCV/RISCVGenSubtargetInfo.inc -d lib/Target/RISCV/RISCVGenSubtargetInfo.inc.d
Included from /home/ubuntu/llvm-project/pulp-llvm-port/wt/int-19/llvm/lib/Target/RISCV/RISCV.td:36:
Included from /home/ubuntu/llvm-project/pulp-llvm-port/wt/int-19/llvm/lib/Target/RISCV/RISCVInstrInfo.td:2118:
/home/ubuntu/llvm-project/pulp-llvm-port/wt/int-19/llvm/lib/Target/RISCV/RISCVInstrInfoXpulp.td:67:5: error: def already exists: powerOf2Minus1
def powerOf2Minus1      : TImmLeaf<XLenVT, [{ return isPowerOf2_32(Imm+1);   }]>;
    ^
Included from /home/ubuntu/llvm-project/pulp-llvm-port/wt/int-19/llvm/lib/Target/RISCV/RISCV.td:36:
Included from /home/ubuntu/llvm-project/pulp-llvm-port/wt/int-19/llvm/lib/Target/RISCV/RISCVInstrInfo.td:2112:
/home/ubuntu/llvm-project/pulp-llvm-port/wt/int-19/llvm/lib/Target/RISCV/RISCVInstrInfoXCV.td:719:5: note: location of previous definition
def powerOf2Minus1 : ImmLeaf<XLenVT, [{ return isPowerOf2_32(Imm+1); }]>;
    ^
[36/2285] Building RISCVGenRegisterInfo.inc...
FAILED: lib/Target/RISCV/RISCVGenRegisterInfo.inc /home/ubuntu/llvm-project/pulp-llvm-port/build/int-19/lib/Target/RISCV/RISCVGenRegisterInfo.inc 
cd /home/ubuntu/llvm-project/pulp-llvm-port/build/int-19 && /home/ubuntu/llvm-project/pulp-llvm-port/build/int-19/bin/llvm-tblgen -gen-register-info -I /home/ubuntu/llvm-project/pulp-llvm-port/wt/int-19/llvm/lib/Target/RISCV -I/home/ubuntu/llvm-project/pulp-llvm-port/build/int-19/include -I/home/ubuntu/llvm-project/pulp-llvm-port/wt/int-19/llvm/include -I /home/ubuntu/llvm-project/pulp-llvm-port/wt/int-19/llvm/lib/Target /home/ubuntu/llvm-project/pulp-llvm-port/wt/int-19/llvm/lib/Target/RISCV/RISCV.td --write-if-changed -o lib/Target/RISCV/RISCVGenRegisterInfo.inc -d lib/Target/RISCV/RISCVGenRegisterInfo.inc.d
Included from /home/ubuntu/llvm-project/pulp-llvm-port/wt/int-19/llvm/lib/Target/RISCV/RISCV.td:36:
Included from /home/ubuntu/llvm-project/pulp-llvm-port/wt/int-19/llvm/lib/Target/RISCV/RISCVInstrInfo.td:2118:
/home/ubuntu/llvm-project/pulp-llvm-port/wt/int-19/llvm/lib/Target/RISCV/RISCVInstrInfoXpulp.td:67:5: error: def already exists: powerOf2Minus1
def powerOf2Minus1      : TImmLeaf<XLenVT, [{ return isPowerOf2_32(Imm+1);   }]>;
    ^
Included from /home/ubuntu/llvm-project/pulp-llvm-port/wt/int-19/llvm/lib/Target/RISCV/RISCV.td:36:
Included from /home/ubuntu/llvm-project/pulp-llvm-port/wt/int-19/llvm/lib/Target/RISCV/RISCVInstrInfo.td:2112:
/home/ubuntu/llvm-project/pulp-llvm-port/wt/int-19/llvm/lib/Target/RISCV/RISCVInstrInfoXCV.td:719:5: note: location of previous definition
def powerOf2Minus1 : ImmLeaf<XLenVT, [{ return isPowerOf2_32(Imm+1); }]>;
    ^
[37/2285] Building RISCVTargetParserDef.inc...
FAILED: include/llvm/TargetParser/RISCVTargetParserDef.inc /home/ubuntu/llvm-project/pulp-llvm-port/build/int-19/include/llvm/TargetParser/RISCVTargetParserDef.inc 
cd /home/ubuntu/llvm-project/pulp-llvm-port/build/int-19 && /home/ubuntu/llvm-project/pulp-llvm-port/build/int-19/bin/llvm-min-tblgen -gen-riscv-target-def -I /home/ubuntu/llvm-project/pulp-llvm-port/wt/int-19/llvm/lib/Target/RISCV/ -I /home/ubuntu/llvm-project/pulp-llvm-port/wt/int-19/llvm/include/llvm/TargetParser -I/home/ubuntu/llvm-project/pulp-llvm-port/build/int-19/include -I/home/ubuntu/llvm-project/pulp-llvm-port/wt/int-19/llvm/include /home/ubuntu/llvm-project/pulp-llvm-port/wt/int-19/llvm/lib/Target/RISCV/RISCV.td --write-if-changed -o include/llvm/TargetParser/RISCVTargetParserDef.inc -d include/llvm/TargetParser/RISCVTargetParserDef.inc.d
Included from /home/ubuntu/llvm-project/pulp-llvm-port/wt/int-19/llvm/lib/Target/RISCV/RISCV.td:36:
Included from /home/ubuntu/llvm-project/pulp-llvm-port/wt/int-19/llvm/lib/Target/RISCV/RISCVInstrInfo.td:2118:
/home/ubuntu/llvm-project/pulp-llvm-port/wt/int-19/llvm/lib/Target/RISCV/RISCVInstrInfoXpulp.td:67:5: error: def already exists: powerOf2Minus1
def powerOf2Minus1      : TImmLeaf<XLenVT, [{ return isPowerOf2_32(Imm+1);   }]>;
    ^
Included from /home/ubuntu/llvm-project/pulp-llvm-port/wt/int-19/llvm/lib/Target/RISCV/RISCV.td:36:
Included from /home/ubuntu/llvm-project/pulp-llvm-port/wt/int-19/llvm/lib/Target/RISCV/RISCVInstrInfo.td:2112:
/home/ubuntu/llvm-project/pulp-llvm-port/wt/int-19/llvm/lib/Target/RISCV/RISCVInstrInfoXCV.td:719:5: note: location of previous definition
def powerOf2Minus1 : ImmLeaf<XLenVT, [{ return isPowerOf2_32(Imm+1); }]>;
    ^
[38/2285] Building RISCVGenMacroFusion.inc...
FAILED: lib/Target/RISCV/RISCVGenMacroFusion.inc /home/ubuntu/llvm-project/pulp-llvm-port/build/int-19/lib/Target/RISCV/RISCVGenMacroFusion.inc 
cd /home/ubuntu/llvm-project/pulp-llvm-port/build/int-19 && /home/ubuntu/llvm-project/pulp-llvm-port/build/int-19/bin/llvm-tblgen -gen-macro-fusion-pred -I /home/ubuntu/llvm-project/pulp-llvm-port/wt/int-19/llvm/lib/Target/RISCV -I/home/ubuntu/llvm-project/pulp-llvm-port/build/int-19/include -I/home/ubuntu/llvm-project/pulp-llvm-port/wt/int-19/llvm/include -I /home/ubuntu/llvm-project/pulp-llvm-port/wt/int-19/llvm/lib/Target /home/ubuntu/llvm-project/pulp-llvm-port/wt/int-19/llvm/lib/Target/RISCV/RISCV.td --write-if-changed -o lib/Target/RISCV/RISCVGenMacroFusion.inc -d lib/Target/RISCV/RISCVGenMacroFusion.inc.d
Included from /home/ubuntu/llvm-project/pulp-llvm-port/wt/int-19/llvm/lib/Target/RISCV/RISCV.td:36:
Included from /home/ubuntu/llvm-project/pulp-llvm-port/wt/int-19/llvm/lib/Target/RISCV/RISCVInstrInfo.td:2118:
/home/ubuntu/llvm-project/pulp-llvm-port/wt/int-19/llvm/lib/Target/RISCV/RISCVInstrInfoXpulp.td:67:5: error: def already exists: powerOf2Minus1
def powerOf2Minus1      : TImmLeaf<XLenVT, [{ return isPowerOf2_32(Imm+1);   }]>;
    ^
Included from /home/ubuntu/llvm-project/pulp-llvm-port/wt/int-19/llvm/lib/Target/RISCV/RISCV.td:36:
Included from /home/ubuntu/llvm-project/pulp-llvm-port/wt/int-19/llvm/lib/Target/RISCV/RISCVInstrInfo.td:2112:
/home/ubuntu/llvm-project/pulp-llvm-port/wt/int-19/llvm/lib/Target/RISCV/RISCVInstrInfoXCV.td:719:5: note: location of previous definition
def powerOf2Minus1 : ImmLeaf<XLenVT, [{ return isPowerOf2_32(Imm+1); }]>;
    ^
[39/2285] Building RISCVGenPreLegalizeGICombiner.inc...
FAILED: lib/Target/RISCV/RISCVGenPreLegalizeGICombiner.inc /home/ubuntu/llvm-project/pulp-llvm-port/build/int-19/lib/Target/RISCV/RISCVGenPreLegalizeGICombiner.inc 
cd /home/ubuntu/llvm-project/pulp-llvm-port/build/int-19 && /home/ubuntu/llvm-project/pulp-llvm-port/build/int-19/bin/llvm-tblgen -gen-global-isel-combiner -combiners="RISCVPreLegalizerCombiner" -I /home/ubuntu/llvm-project/pulp-llvm-port/wt/int-19/llvm/lib/Target/RISCV -I/home/ubuntu/llvm-project/pulp-llvm-port/build/int-19/include -I/home/ubuntu/llvm-project/pulp-llvm-port/wt/int-19/llvm/include -I /home/ubuntu/llvm-project/pulp-llvm-port/wt/int-19/llvm/lib/Target /home/ubuntu/llvm-project/pulp-llvm-port/wt/int-19/llvm/lib/Target/RISCV/RISCVGISel.td --write-if-changed -o lib/Target/RISCV/RISCVGenPreLegalizeGICombiner.inc -d lib/Target/RISCV/RISCVGenPreLegalizeGICombiner.inc.d
Included from /home/ubuntu/llvm-project/pulp-llvm-port/wt/int-19/llvm/lib/Target/RISCV/RISCVGISel.td:16:
Included from /home/ubuntu/llvm-project/pulp-llvm-port/wt/int-19/llvm/lib/Target/RISCV/RISCV.td:36:
Included from /home/ubuntu/llvm-project/pulp-llvm-port/wt/int-19/llvm/lib/Target/RISCV/RISCVInstrInfo.td:2118:
/home/ubuntu/llvm-project/pulp-llvm-port/wt/int-19/llvm/lib/Target/RISCV/RISCVInstrInfoXpulp.td:67:5: error: def already exists: powerOf2Minus1
def powerOf2Minus1      : TImmLeaf<XLenVT, [{ return isPowerOf2_32(Imm+1);   }]>;
    ^
Included from /home/ubuntu/llvm-project/pulp-llvm-port/wt/int-19/llvm/lib/Target/RISCV/RISCVGISel.td:16:
Included from /home/ubuntu/llvm-project/pulp-llvm-port/wt/int-19/llvm/lib/Target/RISCV/RISCV.td:36:
Included from /home/ubuntu/llvm-project/pulp-llvm-port/wt/int-19/llvm/lib/Target/RISCV/RISCVInstrInfo.td:2112:
/home/ubuntu/llvm-project/pulp-llvm-port/wt/int-19/llvm/lib/Target/RISCV/RISCVInstrInfoXCV.td:719:5: note: location of previous definition
def powerOf2Minus1 : ImmLeaf<XLenVT, [{ return isPowerOf2_32(Imm+1); }]>;
    ^
[40/2285] Building RISCVGenRegisterBank.inc...
FAILED: lib/Target/RISCV/RISCVGenRegisterBank.inc /home/ubuntu/llvm-project/pulp-llvm-port/build/int-19/lib/Target/RISCV/RISCVGenRegisterBank.inc 
cd /home/ubuntu/llvm-project/pulp-llvm-port/build/int-19 && /home/ubuntu/llvm-project/pulp-llvm-port/build/int-19/bin/llvm-tblgen -gen-register-bank -I /home/ubuntu/llvm-project/pulp-llvm-port/wt/int-19/llvm/lib/Target/RISCV -I/home/ubuntu/llvm-project/pulp-llvm-port/build/int-19/include -I/home/ubuntu/llvm-project/pulp-llvm-port/wt/int-19/llvm/include -I /home/ubuntu/llvm-project/pulp-llvm-port/wt/int-19/llvm/lib/Target /home/ubuntu/llvm-project/pulp-llvm-port/wt/int-19/llvm/lib/Target/RISCV/RISCV.td --write-if-changed -o lib/Target/RISCV/RISCVGenRegisterBank.inc -d lib/Target/RISCV/RISCVGenRegisterBank.inc.d
Included from /home/ubuntu/llvm-project/pulp-llvm-port/wt/int-19/llvm/lib/Target/RISCV/RISCV.td:36:
Included from /home/ubuntu/llvm-project/pulp-llvm-port/wt/int-19/llvm/lib/Target/RISCV/RISCVInstrInfo.td:2118:
/home/ubuntu/llvm-project/pulp-llvm-port/wt/int-19/llvm/lib/Target/RISCV/RISCVInstrInfoXpulp.td:67:5: error: def already exists: powerOf2Minus1
def powerOf2Minus1      : TImmLeaf<XLenVT, [{ return isPowerOf2_32(Imm+1);   }]>;
    ^
Included from /home/ubuntu/llvm-project/pulp-llvm-port/wt/int-19/llvm/lib/Target/RISCV/RISCV.td:36:
Included from /home/ubuntu/llvm-project/pulp-llvm-port/wt/int-19/llvm/lib/Target/RISCV/RISCVInstrInfo.td:2112:
/home/ubuntu/llvm-project/pulp-llvm-port/wt/int-19/llvm/lib/Target/RISCV/RISCVInstrInfoXCV.td:719:5: note: location of previous definition
def powerOf2Minus1 : ImmLeaf<XLenVT, [{ return isPowerOf2_32(Imm+1); }]>;
    ^
[41/2285] Building RISCVGenDAGISel.inc...
FAILED: lib/Target/RISCV/RISCVGenDAGISel.inc /home/ubuntu/llvm-project/pulp-llvm-port/build/int-19/lib/Target/RISCV/RISCVGenDAGISel.inc 
cd /home/ubuntu/llvm-project/pulp-llvm-port/build/int-19 && /home/ubuntu/llvm-project/pulp-llvm-port/build/int-19/bin/llvm-tblgen -gen-dag-isel -I /home/ubuntu/llvm-project/pulp-llvm-port/wt/int-19/llvm/lib/Target/RISCV -I/home/ubuntu/llvm-project/pulp-llvm-port/build/int-19/include -I/home/ubuntu/llvm-project/pulp-llvm-port/wt/int-19/llvm/include -I /home/ubuntu/llvm-project/pulp-llvm-port/wt/int-19/llvm/lib/Target -omit-comments /home/ubuntu/llvm-project/pulp-llvm-port/wt/int-19/llvm/lib/Target/RISCV/RISCV.td --write-if-changed -o lib/Target/RISCV/RISCVGenDAGISel.inc -d lib/Target/RISCV/RISCVGenDAGISel.inc.d
Included from /home/ubuntu/llvm-project/pulp-llvm-port/wt/int-19/llvm/lib/Target/RISCV/RISCV.td:36:
Included from /home/ubuntu/llvm-project/pulp-llvm-port/wt/int-19/llvm/lib/Target/RISCV/RISCVInstrInfo.td:2118:
/home/ubuntu/llvm-project/pulp-llvm-port/wt/int-19/llvm/lib/Target/RISCV/RISCVInstrInfoXpulp.td:67:5: error: def already exists: powerOf2Minus1
def powerOf2Minus1      : TImmLeaf<XLenVT, [{ return isPowerOf2_32(Imm+1);   }]>;
    ^
Included from /home/ubuntu/llvm-project/pulp-llvm-port/wt/int-19/llvm/lib/Target/RISCV/RISCV.td:36:
Included from /home/ubuntu/llvm-project/pulp-llvm-port/wt/int-19/llvm/lib/Target/RISCV/RISCVInstrInfo.td:2112:
/home/ubuntu/llvm-project/pulp-llvm-port/wt/int-19/llvm/lib/Target/RISCV/RISCVInstrInfoXCV.td:719:5: note: location of previous definition
def powerOf2Minus1 : ImmLeaf<XLenVT, [{ return isPowerOf2_32(Imm+1); }]>;
    ^
[42/2285] Building RISCVGenPostLegalizeGICombiner.inc...
FAILED: lib/Target/RISCV/RISCVGenPostLegalizeGICombiner.inc /home/ubuntu/llvm-project/pulp-llvm-port/build/int-19/lib/Target/RISCV/RISCVGenPostLegalizeGICombiner.inc 
cd /home/ubuntu/llvm-project/pulp-llvm-port/build/int-19 && /home/ubuntu/llvm-project/pulp-llvm-port/build/int-19/bin/llvm-tblgen -gen-global-isel-combiner -combiners="RISCVPostLegalizerCombiner" -I /home/ubuntu/llvm-project/pulp-llvm-port/wt/int-19/llvm/lib/Target/RISCV -I/home/ubuntu/llvm-project/pulp-llvm-port/build/int-19/include -I/home/ubuntu/llvm-project/pulp-llvm-port/wt/int-19/llvm/include -I /home/ubuntu/llvm-project/pulp-llvm-port/wt/int-19/llvm/lib/Target /home/ubuntu/llvm-project/pulp-llvm-port/wt/int-19/llvm/lib/Target/RISCV/RISCVGISel.td --write-if-changed -o lib/Target/RISCV/RISCVGenPostLegalizeGICombiner.inc -d lib/Target/RISCV/RISCVGenPostLegalizeGICombiner.inc.d
Included from /home/ubuntu/llvm-project/pulp-llvm-port/wt/int-19/llvm/lib/Target/RISCV/RISCVGISel.td:16:
Included from /home/ubuntu/llvm-project/pulp-llvm-port/wt/int-19/llvm/lib/Target/RISCV/RISCV.td:36:
Included from /home/ubuntu/llvm-project/pulp-llvm-port/wt/int-19/llvm/lib/Target/RISCV/RISCVInstrInfo.td:2118:
/home/ubuntu/llvm-project/pulp-llvm-port/wt/int-19/llvm/lib/Target/RISCV/RISCVInstrInfoXpulp.td:67:5: error: def already exists: powerOf2Minus1
def powerOf2Minus1      : TImmLeaf<XLenVT, [{ return isPowerOf2_32(Imm+1);   }]>;
    ^
Included from /home/ubuntu/llvm-project/pulp-llvm-port/wt/int-19/llvm/lib/Target/RISCV/RISCVGISel.td:16:
Included from /home/ubuntu/llvm-project/pulp-llvm-port/wt/int-19/llvm/lib/Target/RISCV/RISCV.td:36:
Included from /home/ubuntu/llvm-project/pulp-llvm-port/wt/int-19/llvm/lib/Target/RISCV/RISCVInstrInfo.td:2112:
/home/ubuntu/llvm-project/pulp-llvm-port/wt/int-19/llvm/lib/Target/RISCV/RISCVInstrInfoXCV.td:719:5: note: location of previous definition
def powerOf2Minus1 : ImmLeaf<XLenVT, [{ return isPowerOf2_32(Imm+1); }]>;
    ^
[43/2285] Building CXX object tools/clang/lib/Basic/CMakeFiles/obj.clangBasic.dir/ExpressionTraits.cpp.o
[44/2285] Building CXX object tools/clang/lib/Basic/CMakeFiles/obj.clangBasic.dir/Cuda.cpp.o
[45/2285] Building CXX object tools/clang/lib/Basic/CMakeFiles/obj.clangBasic.dir/OperatorPrecedence.cpp.o
[46/2285] Building CXX object tools/clang/lib/Basic/CMakeFiles/obj.clangBasic.dir/CodeGenOptions.cpp.o
[47/2285] Building CXX object tools/clang/lib/Basic/CMakeFiles/obj.clangBasic.dir/DiagnosticOptions.cpp.o
[48/2285] Building CXX object tools/clang/lib/Basic/CMakeFiles/obj.clangBasic.dir/MakeSupport.cpp.o
[49/2285] Building CXX object tools/clang/lib/Basic/CMakeFiles/obj.clangBasic.dir/ParsedAttrInfo.cpp.o
[50/2285] Building CXX object tools/clang/lib/Basic/CMakeFiles/obj.clangBasic.dir/LangStandards.cpp.o
[51/2285] Building CXX object tools/clang/lib/Basic/CMakeFiles/obj.clangBasic.dir/ObjCRuntime.cpp.o
[52/2285] Building CXX object tools/clang/lib/APINotes/CMakeFiles/obj.clangAPINotes.dir/APINotesManager.cpp.o
[53/2285] Building CXX object tools/clang/lib/Basic/CMakeFiles/obj.clangBasic.dir/Builtins.cpp.o
[54/2285] Building CXX object tools/clang/lib/Basic/CMakeFiles/obj.clangBasic.dir/FileSystemStatCache.cpp.o
[55/2285] Building CXX object tools/clang/lib/Basic/CMakeFiles/obj.clangBasic.dir/Sanitizers.cpp.o
[56/2285] Building CXX object tools/clang/lib/Basic/CMakeFiles/obj.clangBasic.dir/LangOptions.cpp.o
[57/2285] Building CXX object tools/clang/lib/Basic/CMakeFiles/obj.clangBasic.dir/FileEntry.cpp.o
[58/2285] Building CXX object tools/clang/lib/Basic/CMakeFiles/obj.clangBasic.dir/NoSanitizeList.cpp.o
[59/2285] Building CXX object tools/clang/lib/Basic/CMakeFiles/obj.clangBasic.dir/Stack.cpp.o
[60/2285] Building CXX object tools/clang/lib/Basic/CMakeFiles/obj.clangBasic.dir/DarwinSDKInfo.cpp.o
[61/2285] Building CXX object tools/clang/lib/Basic/CMakeFiles/obj.clangBasic.dir/OpenMPKinds.cpp.o
[62/2285] Building CXX object tools/clang/lib/Basic/CMakeFiles/obj.clangBasic.dir/SanitizerSpecialCaseList.cpp.o
[63/2285] Building CXX object tools/clang/lib/Basic/CMakeFiles/obj.clangBasic.dir/OpenCLOptions.cpp.o
[64/2285] Building CXX object tools/clang/lib/Basic/CMakeFiles/obj.clangBasic.dir/ProfileList.cpp.o
[65/2285] Building CXX object tools/clang/lib/Basic/CMakeFiles/obj.clangBasic.dir/TargetID.cpp.o
[66/2285] Building CXX object tools/clang/lib/APINotes/CMakeFiles/obj.clangAPINotes.dir/APINotesYAMLCompiler.cpp.o
[67/2285] Building CXX object tools/clang/lib/APINotes/CMakeFiles/obj.clangAPINotes.dir/APINotesReader.cpp.o
[68/2285] Building CXX object tools/clang/lib/Basic/CMakeFiles/obj.clangBasic.dir/DiagnosticIDs.cpp.o
[69/2285] Building CXX object tools/clang/lib/Basic/CMakeFiles/obj.clangBasic.dir/FileManager.cpp.o
[70/2285] Building CXX object tools/clang/lib/Basic/CMakeFiles/obj.clangBasic.dir/SourceMgrAdapter.cpp.o
[71/2285] Building CXX object tools/clang/lib/Basic/CMakeFiles/obj.clangBasic.dir/Module.cpp.o
[72/2285] Building CXX object tools/clang/lib/Basic/CMakeFiles/obj.clangBasic.dir/SourceLocation.cpp.o
[73/2285] Building CXX object tools/clang/lib/Basic/CMakeFiles/obj.clangBasic.dir/Targets/ARC.cpp.o
[74/2285] Building CXX object tools/clang/lib/Basic/CMakeFiles/obj.clangBasic.dir/TargetInfo.cpp.o
[75/2285] Building CXX object tools/clang/lib/Basic/CMakeFiles/obj.clangBasic.dir/Diagnostic.cpp.o
[76/2285] Building CXX object tools/clang/lib/Basic/CMakeFiles/obj.clangBasic.dir/Targets/CSKY.cpp.o
[77/2285] Building CXX object tools/clang/lib/Basic/CMakeFiles/obj.clangBasic.dir/Targets/DirectX.cpp.o
[78/2285] Building CXX object tools/clang/lib/Basic/CMakeFiles/obj.clangBasic.dir/Targets/AMDGPU.cpp.o
[79/2285] Building CXX object tools/clang/lib/Basic/CMakeFiles/obj.clangBasic.dir/Targets/AVR.cpp.o
[80/2285] Building CXX object tools/clang/lib/Basic/CMakeFiles/obj.clangBasic.dir/Targets/BPF.cpp.o
[81/2285] Building CXX object tools/clang/lib/Basic/CMakeFiles/obj.clangBasic.dir/IdentifierTable.cpp.o
[82/2285] Building CXX object tools/clang/lib/Basic/CMakeFiles/obj.clangBasic.dir/Targets/Lanai.cpp.o
[83/2285] Building CXX object tools/clang/lib/Basic/CMakeFiles/obj.clangBasic.dir/Targets/Hexagon.cpp.o
[84/2285] Building CXX object tools/clang/lib/Basic/CMakeFiles/obj.clangBasic.dir/Targets/MSP430.cpp.o
[85/2285] Building CXX object tools/clang/lib/Basic/CMakeFiles/obj.clangBasic.dir/Targets/OSTargets.cpp.o
[86/2285] Building CXX object tools/clang/lib/Basic/CMakeFiles/obj.clangBasic.dir/Targets/Le64.cpp.o
[87/2285] Building CXX object tools/clang/lib/Basic/CMakeFiles/obj.clangBasic.dir/Sarif.cpp.o
[88/2285] Building CXX object tools/clang/lib/Basic/CMakeFiles/obj.clangBasic.dir/TypeTraits.cpp.o
[89/2285] Building CXX object tools/clang/lib/Basic/CMakeFiles/obj.clangBasic.dir/TokenKinds.cpp.o
[90/2285] Building CXX object tools/clang/lib/Basic/CMakeFiles/obj.clangBasic.dir/Targets/LoongArch.cpp.o
[91/2285] Building CXX object tools/clang/lib/Basic/CMakeFiles/obj.clangBasic.dir/Targets/PNaCl.cpp.o
[92/2285] Building CXX object tools/clang/lib/Basic/CMakeFiles/obj.clangBasic.dir/Targets/AArch64.cpp.o
[93/2285] Building CXX object tools/clang/lib/Basic/CMakeFiles/obj.clangBasic.dir/Targets/NVPTX.cpp.o
[94/2285] Building CXX object tools/clang/lib/Basic/CMakeFiles/obj.clangBasic.dir/Targets/ARM.cpp.o
[95/2285] Building CXX object tools/clang/lib/Basic/CMakeFiles/obj.clangBasic.dir/Targets/Mips.cpp.o
[96/2285] Building CXX object tools/clang/lib/Basic/CMakeFiles/obj.clangBasic.dir/Targets/M68k.cpp.o
[97/2285] Building CXX object tools/clang/lib/Basic/CMakeFiles/obj.clangBasic.dir/Version.cpp.o
[98/2285] Building CXX object tools/clang/lib/Basic/CMakeFiles/obj.clangBasic.dir/SourceManager.cpp.o
[99/2285] Building CXX object tools/clang/lib/Basic/CMakeFiles/obj.clangBasic.dir/Targets/SPIR.cpp.o
[100/2285] Building CXX object tools/clang/lib/Basic/CMakeFiles/obj.clangBasic.dir/XRayInstr.cpp.o
[101/2285] Building CXX object tools/clang/lib/Basic/CMakeFiles/obj.clangBasic.dir/Targets/VE.cpp.o
[102/2285] Building CXX object tools/clang/lib/Basic/CMakeFiles/obj.clangBasic.dir/Targets/SystemZ.cpp.o
[103/2285] Building CXX object tools/clang/lib/Basic/CMakeFiles/obj.clangBasic.dir/Targets/TCE.cpp.o
[104/2285] Building CXX object tools/clang/lib/Basic/CMakeFiles/obj.clangBasic.dir/Targets/Sparc.cpp.o
[105/2285] Building CXX object tools/clang/lib/Basic/CMakeFiles/obj.clangBasic.dir/Warnings.cpp.o
[106/2285] Building CXX object tools/clang/lib/Basic/CMakeFiles/obj.clangBasic.dir/Targets/XCore.cpp.o
[107/2285] Building CXX object tools/clang/lib/Basic/CMakeFiles/obj.clangBasic.dir/Targets/PPC.cpp.o
[108/2285] Building CXX object tools/clang/lib/Basic/CMakeFiles/obj.clangBasic.dir/Targets/RISCV.cpp.o
[109/2285] Building CXX object tools/clang/lib/Basic/CMakeFiles/obj.clangBasic.dir/Attributes.cpp.o
[110/2285] Building CXX object tools/clang/lib/Lex/CMakeFiles/obj.clangLex.dir/HeaderMap.cpp.o
[111/2285] Building CXX object tools/clang/lib/Basic/CMakeFiles/obj.clangBasic.dir/Targets/WebAssembly.cpp.o
[112/2285] Building CXX object tools/clang/lib/Lex/CMakeFiles/obj.clangLex.dir/DependencyDirectivesScanner.cpp.o
[113/2285] Building CXX object tools/clang/lib/Basic/CMakeFiles/obj.clangBasic.dir/XRayLists.cpp.o
[114/2285] Building CXX object tools/clang/lib/Lex/CMakeFiles/obj.clangLex.dir/PPCallbacks.cpp.o
[115/2285] Building CXX object tools/clang/lib/Lex/CMakeFiles/obj.clangLex.dir/PPConditionalDirectiveRecord.cpp.o
[116/2285] Building CXX object tools/clang/lib/APINotes/CMakeFiles/obj.clangAPINotes.dir/APINotesWriter.cpp.o
[117/2285] Building CXX object tools/clang/lib/Lex/CMakeFiles/obj.clangLex.dir/MacroArgs.cpp.o
[118/2285] Building CXX object tools/clang/lib/Basic/CMakeFiles/obj.clangBasic.dir/Targets/X86.cpp.o
[119/2285] Building CXX object tools/clang/lib/Lex/CMakeFiles/obj.clangLex.dir/ScratchBuffer.cpp.o
[120/2285] Building CXX object tools/clang/lib/Lex/CMakeFiles/obj.clangLex.dir/PPCaching.cpp.o
[121/2285] Building CXX object tools/clang/lib/Lex/CMakeFiles/obj.clangLex.dir/PreprocessingRecord.cpp.o
[122/2285] Building CXX object tools/clang/lib/Lex/CMakeFiles/obj.clangLex.dir/MacroInfo.cpp.o
[123/2285] Building CXX object tools/clang/lib/Lex/CMakeFiles/obj.clangLex.dir/HeaderSearch.cpp.o
[124/2285] Building CXX object tools/clang/lib/Lex/CMakeFiles/obj.clangLex.dir/InitHeaderSearch.cpp.o
[125/2285] Building CXX object tools/clang/lib/Lex/CMakeFiles/obj.clangLex.dir/PPExpressions.cpp.o
[126/2285] Building CXX object tools/clang/lib/Lex/CMakeFiles/obj.clangLex.dir/TokenConcatenation.cpp.o
[127/2285] Building CXX object tools/clang/lib/Lex/CMakeFiles/obj.clangLex.dir/Pragma.cpp.o
[128/2285] Building CXX object tools/clang/lib/Lex/CMakeFiles/obj.clangLex.dir/PreprocessorLexer.cpp.o
[129/2285] Building CXX object tools/clang/lib/Lex/CMakeFiles/obj.clangLex.dir/LiteralSupport.cpp.o
[130/2285] Building CXX object tools/clang/lib/Lex/CMakeFiles/obj.clangLex.dir/Lexer.cpp.o
[131/2285] Building CXX object tools/clang/lib/Basic/CMakeFiles/obj.clangBasic.dir/Targets.cpp.o
[132/2285] Building Opcodes.inc...
[133/2285] Building AttrDocTable.inc...
[134/2285] Building CXX object tools/clang/lib/Lex/CMakeFiles/obj.clangLex.dir/TokenLexer.cpp.o
[135/2285] Building CXX object tools/clang/lib/Lex/CMakeFiles/obj.clangLex.dir/PPLexerChange.cpp.o
[136/2285] Building CXX object tools/clang/lib/Lex/CMakeFiles/obj.clangLex.dir/PPDirectives.cpp.o
[137/2285] Building CXX object tools/clang/lib/Lex/CMakeFiles/obj.clangLex.dir/PPMacroExpansion.cpp.o
[138/2285] Building CXX object tools/clang/lib/Lex/CMakeFiles/obj.clangLex.dir/Preprocessor.cpp.o
[139/2285] Building CXX object tools/clang/lib/Lex/CMakeFiles/obj.clangLex.dir/ModuleMap.cpp.o
[140/2285] Building CXX object tools/clang/lib/AST/CMakeFiles/obj.clangAST.dir/ASTConsumer.cpp.o
[141/2285] Building CXX object tools/clang/lib/AST/CMakeFiles/obj.clangAST.dir/ASTConcept.cpp.o
[142/2285] Building CXX object tools/clang/lib/AST/CMakeFiles/obj.clangAST.dir/APValue.cpp.o
[143/2285] Building CXX object tools/clang/lib/Parse/CMakeFiles/obj.clangParse.dir/ParseHLSL.cpp.o
[144/2285] Building CXX object tools/clang/lib/Parse/CMakeFiles/obj.clangParse.dir/ParsePragma.cpp.o
FAILED: tools/clang/lib/Parse/CMakeFiles/obj.clangParse.dir/ParsePragma.cpp.o 
ccache /usr/bin/clang++ -DGTEST_HAS_RTTI=0 -D_DEBUG -D_GLIBCXX_ASSERTIONS -D_GNU_SOURCE -D__STDC_CONSTANT_MACROS -D__STDC_FORMAT_MACROS -D__STDC_LIMIT_MACROS -I/home/ubuntu/llvm-project/pulp-llvm-port/build/int-19/tools/clang/lib/Parse -I/home/ubuntu/llvm-project/pulp-llvm-port/wt/int-19/clang/lib/Parse -I/home/ubuntu/llvm-project/pulp-llvm-port/wt/int-19/clang/include -I/home/ubuntu/llvm-project/pulp-llvm-port/build/int-19/tools/clang/include -I/home/ubuntu/llvm-project/pulp-llvm-port/build/int-19/include -I/home/ubuntu/llvm-project/pulp-llvm-port/wt/int-19/llvm/include -fPIC -fno-semantic-interposition -fvisibility-inlines-hidden -Werror=date-time -Werror=unguarded-availability-new -Wall -Wextra -Wno-unused-parameter -Wwrite-strings -Wcast-qual -Wmissing-field-initializers -pedantic -Wno-long-long -Wc++98-compat-extra-semi -Wimplicit-fallthrough -Wcovered-switch-default -Wno-noexcept-type -Wnon-virtual-dtor -Wdelete-non-virtual-dtor -Wsuggest-override -Wstring-conversion -Wmisleading-indentation -Wctad-maybe-unsupported -fdiagnostics-color -ffunction-sections -fdata-sections -fno-common -Woverloaded-virtual -Wno-nested-anon-types -O3 -DNDEBUG -std=c++17  -fno-exceptions -funwind-tables -fno-rtti -UNDEBUG -MD -MT tools/clang/lib/Parse/CMakeFiles/obj.clangParse.dir/ParsePragma.cpp.o -MF tools/clang/lib/Parse/CMakeFiles/obj.clangParse.dir/ParsePragma.cpp.o.d -o tools/clang/lib/Parse/CMakeFiles/obj.clangParse.dir/ParsePragma.cpp.o -c /home/ubuntu/llvm-project/pulp-llvm-port/wt/int-19/clang/lib/Parse/ParsePragma.cpp
../../wt/int-19/clang/lib/Parse/ParsePragma.cpp:1647:21: error: no member named 'makeArrayRef' in namespace 'llvm'
 1647 |   Info.Toks = llvm::makeArrayRef(ValueList).copy(PP.getPreprocessorAllocator());
      |               ~~~~~~^
1 error generated.
[145/2285] Building CXX object tools/clang/lib/Parse/CMakeFiles/obj.clangParse.dir/ParseAST.cpp.o
[146/2285] Building CXX object tools/clang/lib/Parse/CMakeFiles/obj.clangParse.dir/ParseCXXInlineMethods.cpp.o
[147/2285] Building CXX object tools/clang/lib/Parse/CMakeFiles/obj.clangParse.dir/ParseOpenACC.cpp.o
[148/2285] Building CXX object tools/clang/lib/Parse/CMakeFiles/obj.clangParse.dir/ParseObjc.cpp.o
[149/2285] Building CXX object tools/clang/lib/Parse/CMakeFiles/obj.clangParse.dir/ParseInit.cpp.o
[150/2285] Building CXX object tools/clang/lib/Parse/CMakeFiles/obj.clangParse.dir/ParseExprCXX.cpp.o
[151/2285] Building CXX object tools/clang/lib/AST/CMakeFiles/obj.clangAST.dir/CommentCommandTraits.cpp.o
[152/2285] Building CXX object tools/clang/lib/AST/CMakeFiles/obj.clangAST.dir/ASTDiagnostic.cpp.o
[153/2285] Building CXX object tools/clang/lib/Parse/CMakeFiles/obj.clangParse.dir/ParseTentative.cpp.o
[154/2285] Building CXX object tools/clang/lib/AST/CMakeFiles/obj.clangAST.dir/CommentBriefParser.cpp.o
[155/2285] Building CXX object tools/clang/lib/AST/CMakeFiles/obj.clangAST.dir/ASTTypeTraits.cpp.o
[156/2285] Building CXX object tools/clang/lib/Parse/CMakeFiles/obj.clangParse.dir/ParseDeclCXX.cpp.o
[157/2285] Building CXX object tools/clang/lib/Parse/CMakeFiles/obj.clangParse.dir/Parser.cpp.o
[158/2285] Building CXX object tools/clang/lib/Parse/CMakeFiles/obj.clangParse.dir/ParseTemplate.cpp.o
[159/2285] Building CXX object tools/clang/lib/AST/CMakeFiles/obj.clangAST.dir/Availability.cpp.o
[160/2285] Building CXX object tools/clang/lib/AST/CMakeFiles/obj.clangAST.dir/AttrDocTable.cpp.o
[161/2285] Building CXX object tools/clang/lib/Parse/CMakeFiles/obj.clangParse.dir/ParseStmt.cpp.o
[162/2285] Building CXX object tools/clang/lib/AST/CMakeFiles/obj.clangAST.dir/CommentLexer.cpp.o
[163/2285] Building CXX object tools/clang/lib/Parse/CMakeFiles/obj.clangParse.dir/ParseExpr.cpp.o
[164/2285] Building CXX object tools/clang/lib/Parse/CMakeFiles/obj.clangParse.dir/ParseDecl.cpp.o
[165/2285] Building CXX object tools/clang/lib/AST/CMakeFiles/obj.clangAST.dir/CommentParser.cpp.o
[166/2285] Building CXX object tools/clang/lib/AST/CMakeFiles/obj.clangAST.dir/ComparisonCategories.cpp.o
[167/2285] Building CXX object tools/clang/lib/Parse/CMakeFiles/obj.clangParse.dir/ParseOpenMP.cpp.o
[168/2285] Building CXX object tools/clang/lib/AST/CMakeFiles/obj.clangAST.dir/ASTStructuralEquivalence.cpp.o
[169/2285] Building CXX object tools/clang/lib/Parse/CMakeFiles/obj.clangParse.dir/ParseStmtAsm.cpp.o
[170/2285] Building CXX object tools/clang/lib/AST/CMakeFiles/obj.clangAST.dir/Comment.cpp.o
[171/2285] Building CXX object tools/clang/lib/AST/CMakeFiles/obj.clangAST.dir/DataCollection.cpp.o
[172/2285] Building CXX object tools/clang/lib/AST/CMakeFiles/obj.clangAST.dir/DeclGroup.cpp.o
[173/2285] Building CXX object tools/clang/lib/AST/CMakeFiles/obj.clangAST.dir/ComputeDependence.cpp.o
[174/2285] Building CXX object tools/clang/lib/AST/CMakeFiles/obj.clangAST.dir/CXXInheritance.cpp.o
[175/2285] Building CXX object tools/clang/lib/AST/CMakeFiles/obj.clangAST.dir/DeclFriend.cpp.o
[176/2285] Building CXX object tools/clang/lib/AST/CMakeFiles/obj.clangAST.dir/DeclarationName.cpp.o
[177/2285] Building CXX object tools/clang/lib/AST/CMakeFiles/obj.clangAST.dir/CommentSema.cpp.o
[178/2285] Building CXX object tools/clang/lib/AST/CMakeFiles/obj.clangAST.dir/DeclObjC.cpp.o
[179/2285] Building CXX object tools/clang/lib/AST/CMakeFiles/obj.clangAST.dir/DeclOpenMP.cpp.o
[180/2285] Building CXX object tools/clang/lib/AST/CMakeFiles/obj.clangAST.dir/ASTDumper.cpp.o
[181/2285] Building CXX object tools/clang/lib/AST/CMakeFiles/obj.clangAST.dir/ExprClassification.cpp.o
[182/2285] Building CXX object tools/clang/lib/AST/CMakeFiles/obj.clangAST.dir/DeclTemplate.cpp.o
[183/2285] Building CXX object tools/clang/lib/AST/CMakeFiles/obj.clangAST.dir/ExprConcepts.cpp.o
[184/2285] Building CXX object tools/clang/lib/AST/CMakeFiles/obj.clangAST.dir/ExprObjC.cpp.o
[185/2285] Building CXX object tools/clang/lib/AST/CMakeFiles/obj.clangAST.dir/ExternalASTSource.cpp.o
[186/2285] Building CXX object tools/clang/lib/AST/CMakeFiles/obj.clangAST.dir/Interp/Frame.cpp.o
[187/2285] Building CXX object tools/clang/lib/AST/CMakeFiles/obj.clangAST.dir/DeclBase.cpp.o
[188/2285] Building CXX object tools/clang/lib/AST/CMakeFiles/obj.clangAST.dir/ExternalASTMerger.cpp.o
[189/2285] Building CXX object tools/clang/lib/AST/CMakeFiles/obj.clangAST.dir/FormatString.cpp.o
[190/2285] Building CXX object tools/clang/lib/AST/CMakeFiles/obj.clangAST.dir/Interp/Floating.cpp.o
[191/2285] Building CXX object tools/clang/lib/AST/CMakeFiles/obj.clangAST.dir/Interp/Descriptor.cpp.o
[192/2285] Building CXX object tools/clang/lib/AST/CMakeFiles/obj.clangAST.dir/InheritViz.cpp.o
[193/2285] Building CXX object tools/clang/lib/AST/CMakeFiles/obj.clangAST.dir/DeclCXX.cpp.o
[194/2285] Building CXX object tools/clang/lib/AST/CMakeFiles/obj.clangAST.dir/DeclPrinter.cpp.o
[195/2285] Building CXX object tools/clang/lib/AST/CMakeFiles/obj.clangAST.dir/ExprCXX.cpp.o
[196/2285] Building CXX object tools/clang/lib/AST/CMakeFiles/obj.clangAST.dir/ASTImporter.cpp.o
[197/2285] Building CXX object tools/clang/lib/AST/CMakeFiles/obj.clangAST.dir/Interp/Function.cpp.o
[198/2285] Building CXX object tools/clang/lib/AST/CMakeFiles/obj.clangAST.dir/Decl.cpp.o
[199/2285] Building CXX object tools/clang/lib/AST/CMakeFiles/obj.clangAST.dir/ASTImporterLookupTable.cpp.o
[200/2285] Building CXX object tools/clang/lib/AST/CMakeFiles/obj.clangAST.dir/Interp/InterpBlock.cpp.o
[201/2285] Building CXX object tools/clang/lib/AST/CMakeFiles/obj.clangAST.dir/Interp/InterpBuiltin.cpp.o
[202/2285] Building CXX object tools/clang/lib/AST/CMakeFiles/obj.clangAST.dir/Interp/EvaluationResult.cpp.o
[203/2285] Building CXX object tools/clang/lib/AST/CMakeFiles/obj.clangAST.dir/Interp/Context.cpp.o
[204/2285] Building CXX object tools/clang/lib/AST/CMakeFiles/obj.clangAST.dir/Interp/InterpStack.cpp.o
[205/2285] Building CXX object tools/clang/lib/AST/CMakeFiles/obj.clangAST.dir/Interp/DynamicAllocator.cpp.o
[206/2285] Building CXX object tools/clang/lib/AST/CMakeFiles/obj.clangAST.dir/Interp/ByteCodeEmitter.cpp.o
[207/2285] Building CXX object tools/clang/lib/AST/CMakeFiles/obj.clangAST.dir/Expr.cpp.o
[208/2285] Building CXX object tools/clang/lib/AST/CMakeFiles/obj.clangAST.dir/Interp/Source.cpp.o
[209/2285] Building CXX object tools/clang/lib/AST/CMakeFiles/obj.clangAST.dir/Interp/InterpShared.cpp.o
[210/2285] Building CXX object tools/clang/lib/AST/CMakeFiles/obj.clangAST.dir/Interp/InterpState.cpp.o
[211/2285] Building CXX object tools/clang/lib/AST/CMakeFiles/obj.clangAST.dir/Interp/InterpFrame.cpp.o
[212/2285] Building CXX object tools/clang/lib/AST/CMakeFiles/obj.clangAST.dir/Interp/Record.cpp.o
[213/2285] Building CXX object tools/clang/lib/AST/CMakeFiles/obj.clangAST.dir/Interp/PrimType.cpp.o
[214/2285] Building CXX object tools/clang/lib/AST/CMakeFiles/obj.clangAST.dir/Interp/Compiler.cpp.o
[215/2285] Building CXX object tools/clang/lib/AST/CMakeFiles/obj.clangAST.dir/ASTContext.cpp.o
[216/2285] Building CXX object tools/clang/lib/AST/CMakeFiles/obj.clangAST.dir/Interp/Pointer.cpp.o
[217/2285] Building CXX object tools/clang/lib/AST/CMakeFiles/obj.clangAST.dir/Interp/Program.cpp.o
[218/2285] Building CXX object tools/clang/lib/AST/CMakeFiles/obj.clangAST.dir/Interp/State.cpp.o
[219/2285] Building CXX object tools/clang/lib/AST/CMakeFiles/obj.clangAST.dir/Interp/MemberPointer.cpp.o
[220/2285] Building CXX object tools/clang/lib/AST/CMakeFiles/obj.clangAST.dir/ItaniumCXXABI.cpp.o
[221/2285] Building CXX object tools/clang/lib/AST/CMakeFiles/obj.clangAST.dir/NSAPI.cpp.o
[222/2285] Building CXX object tools/clang/lib/AST/CMakeFiles/obj.clangAST.dir/NestedNameSpecifier.cpp.o
[223/2285] Building CXX object tools/clang/lib/AST/CMakeFiles/obj.clangAST.dir/MicrosoftCXXABI.cpp.o
[224/2285] Building CXX object tools/clang/lib/AST/CMakeFiles/obj.clangAST.dir/OpenACCClause.cpp.o
[225/2285] Building CXX object tools/clang/lib/AST/CMakeFiles/obj.clangAST.dir/OSLog.cpp.o
[226/2285] Building CXX object tools/clang/lib/AST/CMakeFiles/obj.clangAST.dir/PrintfFormatString.cpp.o
[227/2285] Building CXX object tools/clang/lib/AST/CMakeFiles/obj.clangAST.dir/Mangle.cpp.o
[228/2285] Building CXX object tools/clang/lib/AST/CMakeFiles/obj.clangAST.dir/ParentMap.cpp.o
[229/2285] Building CXX object tools/clang/lib/AST/CMakeFiles/obj.clangAST.dir/ODRHash.cpp.o
[230/2285] Building CXX object tools/clang/lib/AST/CMakeFiles/obj.clangAST.dir/ParentMapContext.cpp.o
[231/2285] Building CXX object tools/clang/lib/AST/CMakeFiles/obj.clangAST.dir/QualTypeNames.cpp.o
[232/2285] Building CXX object tools/clang/lib/AST/CMakeFiles/obj.clangAST.dir/StmtIterator.cpp.o
[233/2285] Building CXX object tools/clang/lib/AST/CMakeFiles/obj.clangAST.dir/RecordLayout.cpp.o
[234/2285] Building CXX object tools/clang/lib/AST/CMakeFiles/obj.clangAST.dir/RawCommentList.cpp.o
[235/2285] Building CXX object tools/clang/lib/AST/CMakeFiles/obj.clangAST.dir/Randstruct.cpp.o
[236/2285] Building CXX object tools/clang/lib/AST/CMakeFiles/obj.clangAST.dir/ScanfFormatString.cpp.o
[237/2285] Building CXX object tools/clang/lib/AST/CMakeFiles/obj.clangAST.dir/StmtCXX.cpp.o
[238/2285] Building CXX object tools/clang/lib/AST/CMakeFiles/obj.clangAST.dir/ODRDiagsEmitter.cpp.o
[239/2285] Building CXX object tools/clang/lib/AST/CMakeFiles/obj.clangAST.dir/SelectorLocationsKind.cpp.o
[240/2285] Building CXX object tools/clang/lib/AST/CMakeFiles/obj.clangAST.dir/OpenMPClause.cpp.o
[241/2285] Building CXX object tools/clang/lib/AST/CMakeFiles/obj.clangAST.dir/Interp/Disasm.cpp.o
[242/2285] Building CXX object tools/clang/lib/AST/CMakeFiles/obj.clangAST.dir/StmtObjC.cpp.o
[243/2285] Building CXX object tools/clang/lib/AST/CMakeFiles/obj.clangAST.dir/JSONNodeDumper.cpp.o
[244/2285] Building CXX object tools/clang/lib/AST/CMakeFiles/obj.clangAST.dir/MicrosoftMangle.cpp.o
[245/2285] Building CXX object tools/clang/lib/AST/CMakeFiles/obj.clangAST.dir/TemplateName.cpp.o
[246/2285] Building OpenCLBuiltins.inc...
[247/2285] Building CXX object tools/clang/lib/AST/CMakeFiles/obj.clangAST.dir/StmtViz.cpp.o
[248/2285] Building CXX object tools/clang/lib/AST/CMakeFiles/obj.clangAST.dir/RecordLayoutBuilder.cpp.o
[249/2285] Building CXX object tools/clang/lib/AST/CMakeFiles/obj.clangAST.dir/ItaniumMangle.cpp.o
[250/2285] Building CXX object tools/clang/lib/AST/CMakeFiles/obj.clangAST.dir/TemplateBase.cpp.o
[251/2285] Building CXX object tools/clang/lib/AST/CMakeFiles/obj.clangAST.dir/VTTBuilder.cpp.o
[252/2285] Building CXX object tools/clang/lib/AST/CMakeFiles/obj.clangAST.dir/Stmt.cpp.o
[253/2285] Building CXX object tools/clang/lib/AST/CMakeFiles/obj.clangAST.dir/Interp/Interp.cpp.o
[254/2285] Building CXX object tools/clang/lib/AST/CMakeFiles/obj.clangAST.dir/StmtOpenMP.cpp.o
[255/2285] Building CXX object tools/clang/lib/AST/CMakeFiles/obj.clangAST.dir/AttrImpl.cpp.o
[256/2285] Building CXX object tools/clang/lib/AST/CMakeFiles/obj.clangAST.dir/TypeLoc.cpp.o
[257/2285] Building CXX object tools/clang/lib/AST/CMakeFiles/obj.clangAST.dir/StmtProfile.cpp.o
[258/2285] Building CXX object tools/clang/lib/AST/CMakeFiles/obj.clangAST.dir/Interp/EvalEmitter.cpp.o
[259/2285] Building CXX object tools/clang/lib/AST/CMakeFiles/obj.clangAST.dir/StmtPrinter.cpp.o
[260/2285] Building CXX object tools/clang/lib/AST/CMakeFiles/obj.clangAST.dir/TypePrinter.cpp.o
[261/2285] Building CXX object tools/clang/lib/AST/CMakeFiles/obj.clangAST.dir/ExprConstant.cpp.o
[262/2285] Building CXX object tools/clang/lib/Sema/CMakeFiles/obj.clangSema.dir/Scope.cpp.o
[263/2285] Building CXX object tools/clang/lib/Sema/CMakeFiles/obj.clangSema.dir/HLSLExternalSemaSource.cpp.o
[264/2285] Building CXX object tools/clang/lib/Sema/CMakeFiles/obj.clangSema.dir/IdentifierResolver.cpp.o
[265/2285] Building CXX object tools/clang/lib/Sema/CMakeFiles/obj.clangSema.dir/MultiplexExternalSemaSource.cpp.o
[266/2285] Building CXX object tools/clang/lib/ASTMatchers/CMakeFiles/obj.clangASTMatchers.dir/GtestMatchers.cpp.o
[267/2285] Building CXX object tools/clang/lib/AST/CMakeFiles/obj.clangAST.dir/Type.cpp.o
[268/2285] Building CXX object tools/clang/lib/Sema/CMakeFiles/obj.clangSema.dir/CodeCompleteConsumer.cpp.o
[269/2285] Building CXX object tools/clang/lib/Sema/CMakeFiles/obj.clangSema.dir/ScopeInfo.cpp.o
[270/2285] Building CXX object tools/clang/lib/Sema/CMakeFiles/obj.clangSema.dir/DelayedDiagnostic.cpp.o
[271/2285] Building CXX object tools/clang/lib/Sema/CMakeFiles/obj.clangSema.dir/DeclSpec.cpp.o
[272/2285] Building CXX object tools/clang/lib/ASTMatchers/CMakeFiles/obj.clangASTMatchers.dir/ASTMatchersInternal.cpp.o
[273/2285] Building CXX object tools/clang/lib/AST/CMakeFiles/obj.clangAST.dir/VTableBuilder.cpp.o
[274/2285] Building CXX object tools/clang/lib/Sema/CMakeFiles/obj.clangSema.dir/CheckExprLifetime.cpp.o
[275/2285] Building CXX object tools/clang/lib/Sema/CMakeFiles/obj.clangSema.dir/SemaConsumer.cpp.o
[276/2285] Building CXX object tools/clang/lib/CrossTU/CMakeFiles/obj.clangCrossTU.dir/CrossTranslationUnit.cpp.o
[277/2285] Building CXX object tools/clang/lib/Sema/CMakeFiles/obj.clangSema.dir/JumpDiagnostics.cpp.o
[278/2285] Building CXX object tools/clang/lib/AST/CMakeFiles/obj.clangAST.dir/StmtOpenACC.cpp.o
[279/2285] Building CXX object tools/clang/lib/AST/CMakeFiles/obj.clangAST.dir/TextNodeDumper.cpp.o
[280/2285] Building CXX object tools/clang/lib/Sema/CMakeFiles/obj.clangSema.dir/SemaAMDGPU.cpp.o
[281/2285] Building CXX object tools/clang/lib/Sema/CMakeFiles/obj.clangSema.dir/SemaAVR.cpp.o
[282/2285] Building CXX object tools/clang/lib/Sema/CMakeFiles/obj.clangSema.dir/SemaBPF.cpp.o
[283/2285] Building CXX object tools/clang/lib/Sema/CMakeFiles/obj.clangSema.dir/SemaBase.cpp.o
[284/2285] Building CXX object tools/clang/lib/Sema/CMakeFiles/obj.clangSema.dir/SemaAccess.cpp.o
[285/2285] Building CXX object tools/clang/lib/Sema/CMakeFiles/obj.clangSema.dir/SemaBoundsSafety.cpp.o
[286/2285] Building CXX object tools/clang/lib/Sema/CMakeFiles/obj.clangSema.dir/SemaARM.cpp.o
[287/2285] Building CXX object tools/clang/lib/Sema/CMakeFiles/obj.clangSema.dir/SemaCXXScopeSpec.cpp.o
[288/2285] Building CXX object tools/clang/lib/Sema/CMakeFiles/obj.clangSema.dir/SemaAttr.cpp.o
[289/2285] Building CXX object tools/clang/lib/Sema/CMakeFiles/obj.clangSema.dir/Sema.cpp.o
[290/2285] Building CXX object tools/clang/lib/Sema/CMakeFiles/obj.clangSema.dir/SemaExceptionSpec.cpp.o
[291/2285] Building CXX object tools/clang/lib/Sema/CMakeFiles/obj.clangSema.dir/SemaAPINotes.cpp.o
[292/2285] Building CXX object tools/clang/lib/Sema/CMakeFiles/obj.clangSema.dir/SemaCast.cpp.o
[293/2285] Building CXX object tools/clang/lib/Sema/CMakeFiles/obj.clangSema.dir/SemaCoroutine.cpp.o
[294/2285] Building CXX object tools/clang/lib/Sema/CMakeFiles/obj.clangSema.dir/ParsedAttr.cpp.o
[295/2285] Building CXX object tools/clang/lib/Sema/CMakeFiles/obj.clangSema.dir/SemaFixItUtils.cpp.o
[296/2285] Building CXX object tools/clang/lib/Sema/CMakeFiles/obj.clangSema.dir/SemaCUDA.cpp.o
[297/2285] Building CXX object tools/clang/lib/Sema/CMakeFiles/obj.clangSema.dir/SemaM68k.cpp.o
[298/2285] Building CXX object tools/clang/lib/Sema/CMakeFiles/obj.clangSema.dir/SemaHexagon.cpp.o
[299/2285] Building CXX object tools/clang/lib/Sema/CMakeFiles/obj.clangSema.dir/SemaLambda.cpp.o
[300/2285] Building CXX object tools/clang/lib/Sema/CMakeFiles/obj.clangSema.dir/SemaMIPS.cpp.o
[301/2285] Building CXX object tools/clang/lib/Sema/CMakeFiles/obj.clangSema.dir/AnalysisBasedWarnings.cpp.o
[302/2285] Building CXX object tools/clang/lib/Sema/CMakeFiles/obj.clangSema.dir/SemaExprMember.cpp.o
[303/2285] Building CXX object tools/clang/lib/Sema/CMakeFiles/obj.clangSema.dir/SemaMSP430.cpp.o
[304/2285] Building CXX object tools/clang/lib/ASTMatchers/CMakeFiles/obj.clangASTMatchers.dir/ASTMatchFinder.cpp.o
[305/2285] Building CXX object tools/clang/lib/Sema/CMakeFiles/obj.clangSema.dir/SemaNVPTX.cpp.o
[306/2285] Building CXX object tools/clang/lib/Sema/CMakeFiles/obj.clangSema.dir/SemaLoongArch.cpp.o
[307/2285] Building CXX object tools/clang/lib/Sema/CMakeFiles/obj.clangSema.dir/SemaInit.cpp.o
[308/2285] Building CXX object tools/clang/lib/Sema/CMakeFiles/obj.clangSema.dir/SemaChecking.cpp.o
[309/2285] Building CXX object tools/clang/lib/Sema/CMakeFiles/obj.clangSema.dir/SemaExprObjC.cpp.o
[310/2285] Building CXX object tools/clang/lib/Sema/CMakeFiles/obj.clangSema.dir/SemaConcept.cpp.o
[311/2285] Building CXX object tools/clang/lib/Sema/CMakeFiles/obj.clangSema.dir/SemaPPC.cpp.o
[312/2285] Building CXX object tools/clang/lib/Sema/CMakeFiles/obj.clangSema.dir/SemaOpenACC.cpp.o
[313/2285] Building CXX object tools/clang/lib/Sema/CMakeFiles/obj.clangSema.dir/SemaModule.cpp.o
[314/2285] Building CXX object tools/clang/lib/Sema/CMakeFiles/obj.clangSema.dir/SemaHLSL.cpp.o
[315/2285] Building CXX object tools/clang/lib/Sema/CMakeFiles/obj.clangSema.dir/SemaObjCProperty.cpp.o
[316/2285] Building CXX object tools/clang/lib/Sema/CMakeFiles/obj.clangSema.dir/SemaOpenCL.cpp.o
[317/2285] Building CXX object tools/clang/lib/Sema/CMakeFiles/obj.clangSema.dir/SemaPseudoObject.cpp.o
[318/2285] Building CXX object tools/clang/lib/Sema/CMakeFiles/obj.clangSema.dir/SemaRISCV.cpp.o
[319/2285] Building CXX object tools/clang/lib/Sema/CMakeFiles/obj.clangSema.dir/SemaLookup.cpp.o
[320/2285] Building CXX object tools/clang/lib/Sema/CMakeFiles/obj.clangSema.dir/SemaObjC.cpp.o
[321/2285] Building CXX object tools/clang/lib/Sema/CMakeFiles/obj.clangSema.dir/SemaDeclObjC.cpp.o
[322/2285] Building CXX object tools/clang/lib/Sema/CMakeFiles/obj.clangSema.dir/SemaCodeComplete.cpp.o
[323/2285] Building CXX object tools/clang/lib/Sema/CMakeFiles/obj.clangSema.dir/SemaStmtAsm.cpp.o
[324/2285] Building CXX object tools/clang/lib/Sema/CMakeFiles/obj.clangSema.dir/SemaSYCL.cpp.o
[325/2285] Building CXX object tools/clang/lib/Sema/CMakeFiles/obj.clangSema.dir/SemaDeclAttr.cpp.o
[326/2285] Building CXX object tools/clang/lib/Sema/CMakeFiles/obj.clangSema.dir/SemaSwift.cpp.o
[327/2285] Building CXX object tools/clang/lib/Sema/CMakeFiles/obj.clangSema.dir/SemaSystemZ.cpp.o
[328/2285] Building CXX object tools/clang/lib/Sema/CMakeFiles/obj.clangSema.dir/SemaWasm.cpp.o
[329/2285] Building CXX object tools/clang/lib/Sema/CMakeFiles/obj.clangSema.dir/TypeLocBuilder.cpp.o
[330/2285] Building CXX object tools/clang/lib/Sema/CMakeFiles/obj.clangSema.dir/SemaStmtAttr.cpp.o
[331/2285] Building CXX object tools/clang/lib/Sema/CMakeFiles/obj.clangSema.dir/SemaX86.cpp.o
[332/2285] Building CXX object tools/clang/lib/Sema/CMakeFiles/obj.clangSema.dir/SemaAvailability.cpp.o
[333/2285] Building CXX object tools/clang/lib/Sema/CMakeFiles/obj.clangSema.dir/SemaDecl.cpp.o
[334/2285] Building CXX object tools/clang/lib/CodeGen/CMakeFiles/obj.clangCodeGen.dir/ABIInfo.cpp.o
[335/2285] Building CXX object tools/clang/lib/Sema/CMakeFiles/obj.clangSema.dir/SemaOverload.cpp.o
[336/2285] Building CXX object tools/clang/lib/CodeGen/CMakeFiles/obj.clangCodeGen.dir/CGCXX.cpp.o
[337/2285] Building CXX object tools/clang/lib/CodeGen/CMakeFiles/obj.clangCodeGen.dir/CGAtomic.cpp.o
[338/2285] Building CXX object tools/clang/lib/CodeGen/CMakeFiles/obj.clangCodeGen.dir/CGBlocks.cpp.o
[339/2285] Building CXX object tools/clang/lib/CodeGen/CMakeFiles/obj.clangCodeGen.dir/CGCUDARuntime.cpp.o
[340/2285] Building CXX object tools/clang/lib/CodeGen/CMakeFiles/obj.clangCodeGen.dir/ABIInfoImpl.cpp.o
[341/2285] Building CXX object tools/clang/lib/Sema/CMakeFiles/obj.clangSema.dir/SemaDeclCXX.cpp.o
[342/2285] Building CXX object tools/clang/lib/CodeGen/CMakeFiles/obj.clangCodeGen.dir/CGCXXABI.cpp.o
[343/2285] Building CXX object tools/clang/lib/Sema/CMakeFiles/obj.clangSema.dir/SemaType.cpp.o
[344/2285] Building CXX object tools/clang/lib/CodeGen/CMakeFiles/obj.clangCodeGen.dir/CGCUDANV.cpp.o
[345/2285] Building CXX object tools/clang/lib/CodeGen/CMakeFiles/obj.clangCodeGen.dir/BackendUtil.cpp.o
[346/2285] Building CXX object tools/clang/lib/Sema/CMakeFiles/obj.clangSema.dir/SemaStmt.cpp.o
[347/2285] Building CXX object tools/clang/lib/CodeGen/CMakeFiles/obj.clangCodeGen.dir/CGClass.cpp.o
[348/2285] Building CXX object tools/clang/lib/Sema/CMakeFiles/obj.clangSema.dir/SemaTemplateVariadic.cpp.o
[349/2285] Building CXX object tools/clang/lib/CodeGen/CMakeFiles/obj.clangCodeGen.dir/CGCoroutine.cpp.o
[350/2285] Building CXX object tools/clang/lib/CodeGen/CMakeFiles/obj.clangCodeGen.dir/CGCleanup.cpp.o
[351/2285] Building CXX object tools/clang/lib/CodeGen/CMakeFiles/obj.clangCodeGen.dir/CGDeclCXX.cpp.o
[352/2285] Building CXX object tools/clang/lib/Sema/CMakeFiles/obj.clangSema.dir/SemaExprCXX.cpp.o
[353/2285] Building CXX object tools/clang/lib/CodeGen/CMakeFiles/obj.clangCodeGen.dir/CGLoopInfo.cpp.o
[354/2285] Building CXX object tools/clang/lib/Sema/CMakeFiles/obj.clangSema.dir/SemaTemplateInstantiateDecl.cpp.o
[355/2285] Building CXX object tools/clang/lib/CodeGen/CMakeFiles/obj.clangCodeGen.dir/CGExprCXX.cpp.o
[356/2285] Building CXX object tools/clang/lib/CodeGen/CMakeFiles/obj.clangCodeGen.dir/CGCall.cpp.o
[357/2285] Building CXX object tools/clang/lib/CodeGen/CMakeFiles/obj.clangCodeGen.dir/CGException.cpp.o
[358/2285] Building CXX object tools/clang/lib/CodeGen/CMakeFiles/obj.clangCodeGen.dir/CGDecl.cpp.o
[359/2285] Building CXX object tools/clang/lib/Sema/CMakeFiles/obj.clangSema.dir/SemaTemplateDeduction.cpp.o
[360/2285] Building CXX object tools/clang/lib/CodeGen/CMakeFiles/obj.clangCodeGen.dir/CGExprAgg.cpp.o
[361/2285] Building CXX object tools/clang/lib/CodeGen/CMakeFiles/obj.clangCodeGen.dir/CGHLSLRuntime.cpp.o
[362/2285] Building CXX object tools/clang/lib/Sema/CMakeFiles/obj.clangSema.dir/SemaTemplateDeductionGuide.cpp.o
[363/2285] Building CXX object tools/clang/lib/CodeGen/CMakeFiles/obj.clangCodeGen.dir/CGExprComplex.cpp.o
[364/2285] Building CXX object tools/clang/lib/CodeGen/CMakeFiles/obj.clangCodeGen.dir/CGGPUBuiltin.cpp.o
[365/2285] Building CXX object tools/clang/lib/CodeGen/CMakeFiles/obj.clangCodeGen.dir/CGExpr.cpp.o
[366/2285] Building CXX object tools/clang/lib/Sema/CMakeFiles/obj.clangSema.dir/SemaTemplateInstantiate.cpp.o
[367/2285] Building CXX object tools/clang/lib/CodeGen/CMakeFiles/obj.clangCodeGen.dir/CGExprConstant.cpp.o
[368/2285] Building CXX object tools/clang/lib/Sema/CMakeFiles/obj.clangSema.dir/SemaOpenMP.cpp.o
[369/2285] Building CXX object tools/clang/lib/CodeGen/CMakeFiles/obj.clangCodeGen.dir/CGObjC.cpp.o
[370/2285] Building CXX object tools/clang/lib/CodeGen/CMakeFiles/obj.clangCodeGen.dir/CGExprScalar.cpp.o
[371/2285] Building CXX object tools/clang/lib/Sema/CMakeFiles/obj.clangSema.dir/SemaTemplate.cpp.o
[372/2285] Building CXX object tools/clang/lib/CodeGen/CMakeFiles/obj.clangCodeGen.dir/CGOpenCLRuntime.cpp.o
[373/2285] Building CXX object tools/clang/lib/CodeGen/CMakeFiles/obj.clangCodeGen.dir/CGObjCGNU.cpp.o
[374/2285] Building CXX object tools/clang/lib/Sema/CMakeFiles/obj.clangSema.dir/SemaExpr.cpp.o
[375/2285] Building CXX object tools/clang/lib/CodeGen/CMakeFiles/obj.clangCodeGen.dir/CGObjCRuntime.cpp.o
[376/2285] Building CXX object tools/clang/lib/CodeGen/CMakeFiles/obj.clangCodeGen.dir/CGNonTrivialStruct.cpp.o
[377/2285] Building CXX object tools/clang/lib/CodeGen/CMakeFiles/obj.clangCodeGen.dir/CGPointerAuth.cpp.o
[378/2285] Building CXX object tools/clang/lib/CodeGen/CMakeFiles/obj.clangCodeGen.dir/CGRecordLayoutBuilder.cpp.o
[379/2285] Building CXX object tools/clang/lib/CodeGen/CMakeFiles/obj.clangCodeGen.dir/CGVTables.cpp.o
[380/2285] Building CXX object tools/clang/lib/CodeGen/CMakeFiles/obj.clangCodeGen.dir/CGObjCMac.cpp.o
[381/2285] Building CXX object tools/clang/lib/CodeGen/CMakeFiles/obj.clangCodeGen.dir/MacroPPCallbacks.cpp.o
[382/2285] Building CXX object tools/clang/lib/CodeGen/CMakeFiles/obj.clangCodeGen.dir/CGOpenMPRuntimeGPU.cpp.o
[383/2285] Building CXX object tools/clang/lib/CodeGen/CMakeFiles/obj.clangCodeGen.dir/ConstantInitBuilder.cpp.o
[384/2285] Building CXX object tools/clang/lib/CodeGen/CMakeFiles/obj.clangCodeGen.dir/CodeGenABITypes.cpp.o
[385/2285] Building CXX object tools/clang/lib/CodeGen/CMakeFiles/obj.clangCodeGen.dir/CGDebugInfo.cpp.o
[386/2285] Building CXX object tools/clang/lib/CodeGen/CMakeFiles/obj.clangCodeGen.dir/CGVTT.cpp.o
[387/2285] Building CXX object tools/clang/lib/CodeGen/CMakeFiles/obj.clangCodeGen.dir/LinkInModulesPass.cpp.o
[388/2285] Building CXX object tools/clang/lib/CodeGen/CMakeFiles/obj.clangCodeGen.dir/CodeGenTBAA.cpp.o
[389/2285] Building CXX object tools/clang/lib/CodeGen/CMakeFiles/obj.clangCodeGen.dir/CGStmt.cpp.o
[390/2285] Building CXX object tools/clang/lib/CodeGen/CMakeFiles/obj.clangCodeGen.dir/CGBuiltin.cpp.o
[391/2285] Building CXX object tools/clang/lib/CodeGen/CMakeFiles/obj.clangCodeGen.dir/CodeGenTypes.cpp.o
[392/2285] Building CXX object tools/clang/lib/CodeGen/CMakeFiles/obj.clangCodeGen.dir/PatternInit.cpp.o
[393/2285] Building CXX object tools/clang/lib/CodeGen/CMakeFiles/obj.clangCodeGen.dir/CodeGenAction.cpp.o
[394/2285] Building CXX object tools/clang/lib/CodeGen/CMakeFiles/obj.clangCodeGen.dir/SanitizerMetadata.cpp.o
[395/2285] Building CXX object tools/clang/lib/CodeGen/CMakeFiles/obj.clangCodeGen.dir/ModuleBuilder.cpp.o
[396/2285] Building CXX object tools/clang/lib/CodeGen/CMakeFiles/obj.clangCodeGen.dir/SwiftCallingConv.cpp.o
[397/2285] Building CXX object tools/clang/lib/CodeGen/CMakeFiles/obj.clangCodeGen.dir/CodeGenFunction.cpp.o
[398/2285] Building CXX object tools/clang/lib/CodeGen/CMakeFiles/obj.clangCodeGen.dir/ItaniumCXXABI.cpp.o
[399/2285] Building CXX object tools/clang/lib/CodeGen/CMakeFiles/obj.clangCodeGen.dir/CGOpenMPRuntime.cpp.o
[400/2285] Building CXX object tools/clang/lib/CodeGen/CMakeFiles/obj.clangCodeGen.dir/CoverageMappingGen.cpp.o
[401/2285] Building CXX object tools/clang/lib/CodeGen/CMakeFiles/obj.clangCodeGen.dir/TargetInfo.cpp.o
[402/2285] Building CXX object tools/clang/lib/CodeGen/CMakeFiles/obj.clangCodeGen.dir/Targets/ARC.cpp.o
[403/2285] Building CXX object tools/clang/lib/CodeGen/CMakeFiles/obj.clangCodeGen.dir/Targets/ARM.cpp.o
[404/2285] Building CXX object tools/clang/lib/CodeGen/CMakeFiles/obj.clangCodeGen.dir/CGStmtOpenMP.cpp.o
[405/2285] Building CXX object tools/clang/lib/CodeGen/CMakeFiles/obj.clangCodeGen.dir/Targets/Lanai.cpp.o
[406/2285] Building CXX object tools/clang/lib/CodeGen/CMakeFiles/obj.clangCodeGen.dir/MicrosoftCXXABI.cpp.o
[407/2285] Building CXX object tools/clang/lib/CodeGen/CMakeFiles/obj.clangCodeGen.dir/Targets/AMDGPU.cpp.o
[408/2285] Building CXX object tools/clang/lib/CodeGen/CMakeFiles/obj.clangCodeGen.dir/Targets/Hexagon.cpp.o
[409/2285] Building CXX object tools/clang/lib/CodeGen/CMakeFiles/obj.clangCodeGen.dir/Targets/AVR.cpp.o
[410/2285] Building CXX object tools/clang/lib/CodeGen/CMakeFiles/obj.clangCodeGen.dir/Targets/MSP430.cpp.o
[411/2285] Building CXX object tools/clang/lib/CodeGen/CMakeFiles/obj.clangCodeGen.dir/Targets/AArch64.cpp.o
[412/2285] Building CXX object tools/clang/lib/CodeGen/CMakeFiles/obj.clangCodeGen.dir/ObjectFilePCHContainerOperations.cpp.o
[413/2285] Building CXX object tools/clang/lib/CodeGen/CMakeFiles/obj.clangCodeGen.dir/Targets/BPF.cpp.o
[414/2285] Building CXX object tools/clang/lib/CodeGen/CMakeFiles/obj.clangCodeGen.dir/Targets/CSKY.cpp.o
[415/2285] Building CXX object tools/clang/lib/CodeGen/CMakeFiles/obj.clangCodeGen.dir/CodeGenPGO.cpp.o
[416/2285] Building CXX object tools/clang/lib/CodeGen/CMakeFiles/obj.clangCodeGen.dir/VarBypassDetector.cpp.o
[417/2285] Building CXX object tools/clang/lib/Analysis/CMakeFiles/obj.clangAnalysis.dir/BodyFarm.cpp.o
[418/2285] Building CXX object tools/clang/lib/CodeGen/CMakeFiles/obj.clangCodeGen.dir/Targets/Mips.cpp.o
[419/2285] Building CXX object tools/clang/lib/CodeGen/CMakeFiles/obj.clangCodeGen.dir/Targets/PPC.cpp.o
[420/2285] Building CXX object tools/clang/lib/CodeGen/CMakeFiles/obj.clangCodeGen.dir/Targets/NVPTX.cpp.o
[421/2285] Building CXX object tools/clang/lib/Analysis/CMakeFiles/obj.clangAnalysis.dir/CodeInjector.cpp.o
[422/2285] Building CXX object tools/clang/lib/CodeGen/CMakeFiles/obj.clangCodeGen.dir/Targets/SPIR.cpp.o
[423/2285] Building CXX object tools/clang/lib/CodeGen/CMakeFiles/obj.clangCodeGen.dir/Targets/M68k.cpp.o
[424/2285] Building CXX object tools/clang/lib/CodeGen/CMakeFiles/obj.clangCodeGen.dir/Targets/RISCV.cpp.o
[425/2285] Building CXX object tools/clang/lib/CodeGen/CMakeFiles/obj.clangCodeGen.dir/Targets/LoongArch.cpp.o
[426/2285] Building CXX object tools/clang/lib/Analysis/CMakeFiles/obj.clangAnalysis.dir/AnalysisDeclContext.cpp.o
[427/2285] Building CXX object tools/clang/lib/Analysis/CMakeFiles/obj.clangAnalysis.dir/CFGReachabilityAnalysis.cpp.o
[428/2285] Building CXX object tools/clang/lib/Analysis/CMakeFiles/obj.clangAnalysis.dir/CocoaConventions.cpp.o
[429/2285] Building CXX object tools/clang/lib/CodeGen/CMakeFiles/obj.clangCodeGen.dir/Targets/TCE.cpp.o
[430/2285] Building CXX object tools/clang/lib/Analysis/CMakeFiles/obj.clangAnalysis.dir/CFGStmtMap.cpp.o
[431/2285] Building CXX object tools/clang/lib/CodeGen/CMakeFiles/obj.clangCodeGen.dir/Targets/PNaCl.cpp.o
[432/2285] Building CXX object tools/clang/lib/CodeGen/CMakeFiles/obj.clangCodeGen.dir/CodeGenModule.cpp.o
[433/2285] Building CXX object tools/clang/lib/CodeGen/CMakeFiles/obj.clangCodeGen.dir/Targets/Sparc.cpp.o
[434/2285] Building CXX object tools/clang/lib/Analysis/CMakeFiles/obj.clangAnalysis.dir/ConstructionContext.cpp.o
[435/2285] Building CXX object tools/clang/lib/Analysis/CMakeFiles/obj.clangAnalysis.dir/IssueHash.cpp.o
[436/2285] Building CXX object tools/clang/lib/Analysis/CMakeFiles/obj.clangAnalysis.dir/MacroExpansionContext.cpp.o
[437/2285] Building CXX object tools/clang/lib/CodeGen/CMakeFiles/obj.clangCodeGen.dir/Targets/VE.cpp.o
[438/2285] Building CXX object tools/clang/lib/CodeGen/CMakeFiles/obj.clangCodeGen.dir/Targets/SystemZ.cpp.o
[439/2285] Building CXX object tools/clang/lib/Analysis/CMakeFiles/obj.clangAnalysis.dir/Consumed.cpp.o
[440/2285] Building CXX object tools/clang/lib/Analysis/CMakeFiles/obj.clangAnalysis.dir/ObjCNoReturn.cpp.o
[441/2285] Building CXX object tools/clang/lib/Analysis/CMakeFiles/obj.clangAnalysis.dir/PostOrderCFGView.cpp.o
[442/2285] Building CXX object tools/clang/lib/CodeGen/CMakeFiles/obj.clangCodeGen.dir/Targets/WebAssembly.cpp.o
[443/2285] Building CXX object tools/clang/lib/Analysis/CMakeFiles/obj.clangAnalysis.dir/Dominators.cpp.o
[444/2285] Building CXX object tools/clang/lib/Analysis/CMakeFiles/obj.clangAnalysis.dir/ThreadSafetyLogical.cpp.o
[445/2285] Building CXX object tools/clang/lib/Analysis/CMakeFiles/obj.clangAnalysis.dir/ThreadSafetyTIL.cpp.o
[446/2285] Building CXX object tools/clang/lib/Analysis/CMakeFiles/obj.clangAnalysis.dir/CallGraph.cpp.o
[447/2285] Building CXX object tools/clang/lib/Analysis/CMakeFiles/obj.clangAnalysis.dir/ProgramPoint.cpp.o
[448/2285] Building CXX object tools/clang/lib/Analysis/CMakeFiles/obj.clangAnalysis.dir/IntervalPartition.cpp.o
[449/2285] Building CXX object tools/clang/lib/Analysis/CMakeFiles/obj.clangAnalysis.dir/CloneDetection.cpp.o
[450/2285] Building CXX object tools/clang/lib/ExtractAPI/CMakeFiles/obj.clangExtractAPI.dir/APIIgnoresList.cpp.o
[451/2285] Building CXX object tools/clang/lib/CodeGen/CMakeFiles/obj.clangCodeGen.dir/Targets/XCore.cpp.o
[452/2285] Building CXX object tools/clang/lib/Rewrite/CMakeFiles/obj.clangRewrite.dir/DeltaTree.cpp.o
[453/2285] Building CXX object tools/clang/lib/Rewrite/CMakeFiles/obj.clangRewrite.dir/RewriteRope.cpp.o
[454/2285] Building CXX object tools/clang/lib/Edit/CMakeFiles/obj.clangEdit.dir/Commit.cpp.o
[455/2285] Building CXX object tools/clang/lib/Analysis/CMakeFiles/obj.clangAnalysis.dir/PathDiagnostic.cpp.o
[456/2285] Building CXX object tools/clang/lib/Edit/CMakeFiles/obj.clangEdit.dir/EditedSource.cpp.o
[457/2285] Building CXX object tools/clang/lib/Analysis/CMakeFiles/obj.clangAnalysis.dir/CFG.cpp.o
[458/2285] Building CXX object tools/clang/lib/Analysis/CMakeFiles/obj.clangAnalysis.dir/ThreadSafetyCommon.cpp.o
[459/2285] Building CXX object tools/clang/lib/Analysis/CMakeFiles/obj.clangAnalysis.dir/LiveVariables.cpp.o
[460/2285] Building CXX object tools/clang/lib/ExtractAPI/CMakeFiles/obj.clangExtractAPI.dir/TypedefUnderlyingTypeResolver.cpp.o
[461/2285] Building CXX object tools/clang/lib/CodeGen/CMakeFiles/obj.clangCodeGen.dir/Targets/X86.cpp.o
[462/2285] Building CXX object tools/clang/lib/ExtractAPI/CMakeFiles/obj.clangExtractAPI.dir/API.cpp.o
[463/2285] Building CXX object tools/clang/lib/Rewrite/CMakeFiles/obj.clangRewrite.dir/TokenRewriter.cpp.o
[464/2285] Building CXX object tools/clang/lib/Rewrite/CMakeFiles/obj.clangRewrite.dir/Rewriter.cpp.o
[465/2285] Building CXX object tools/clang/lib/Edit/CMakeFiles/obj.clangEdit.dir/RewriteObjCFoundationAPI.cpp.o
[466/2285] Building CXX object tools/clang/lib/Rewrite/CMakeFiles/obj.clangRewrite.dir/HTMLRewrite.cpp.o
[467/2285] Building CXX object tools/clang/lib/ARCMigrate/CMakeFiles/obj.clangARCMigrate.dir/FileRemapper.cpp.o
[468/2285] Building CXX object tools/clang/lib/ARCMigrate/CMakeFiles/obj.clangARCMigrate.dir/PlistReporter.cpp.o
[469/2285] Building CXX object tools/clang/lib/Analysis/CMakeFiles/obj.clangAnalysis.dir/UninitializedValues.cpp.o
[470/2285] Building CXX object tools/clang/lib/ExtractAPI/CMakeFiles/obj.clangExtractAPI.dir/DeclarationFragments.cpp.o
[471/2285] Building CXX object tools/clang/lib/ExtractAPI/CMakeFiles/obj.clangExtractAPI.dir/Serialization/SymbolGraphSerializer.cpp.o
[472/2285] Building CXX object tools/clang/lib/Analysis/CMakeFiles/obj.clangAnalysis.dir/RetainSummaryManager.cpp.o
[473/2285] Building CXX object tools/clang/lib/Analysis/CMakeFiles/obj.clangAnalysis.dir/ThreadSafety.cpp.o
[474/2285] Building CXX object tools/clang/lib/Driver/CMakeFiles/obj.clangDriver.dir/Action.cpp.o
[475/2285] Building CXX object tools/clang/lib/Analysis/CMakeFiles/obj.clangAnalysis.dir/CalledOnceCheck.cpp.o
[476/2285] Building CXX object tools/clang/lib/ARCMigrate/CMakeFiles/obj.clangARCMigrate.dir/ARCMT.cpp.o
[477/2285] Building CXX object tools/clang/lib/ARCMigrate/CMakeFiles/obj.clangARCMigrate.dir/ARCMTActions.cpp.o
[478/2285] Building CXX object tools/clang/lib/Driver/CMakeFiles/obj.clangDriver.dir/Distro.cpp.o
[479/2285] Building CXX object tools/clang/lib/Analysis/CMakeFiles/obj.clangAnalysis.dir/ReachableCode.cpp.o
[480/2285] Building CXX object tools/clang/lib/Analysis/CMakeFiles/obj.clangAnalysis.dir/ExprMutationAnalyzer.cpp.o
[481/2285] Building CXX object tools/clang/lib/Driver/CMakeFiles/obj.clangDriver.dir/Multilib.cpp.o
[482/2285] Building CXX object tools/clang/lib/Driver/CMakeFiles/obj.clangDriver.dir/Compilation.cpp.o
[483/2285] Building CXX object tools/clang/lib/Driver/CMakeFiles/obj.clangDriver.dir/Job.cpp.o
[484/2285] Building CXX object tools/clang/lib/ARCMigrate/CMakeFiles/obj.clangARCMigrate.dir/TransformActions.cpp.o
[485/2285] Building CXX object tools/clang/lib/Driver/CMakeFiles/obj.clangDriver.dir/Phases.cpp.o
[486/2285] Building CXX object tools/clang/lib/Driver/CMakeFiles/obj.clangDriver.dir/Tool.cpp.o
[487/2285] Building CXX object tools/clang/lib/Driver/CMakeFiles/obj.clangDriver.dir/OptionUtils.cpp.o
[488/2285] Building CXX object tools/clang/lib/Driver/CMakeFiles/obj.clangDriver.dir/MultilibBuilder.cpp.o
[489/2285] Building CXX object tools/clang/lib/Driver/CMakeFiles/obj.clangDriver.dir/OffloadBundler.cpp.o
[490/2285] Building CXX object tools/clang/lib/Driver/CMakeFiles/obj.clangDriver.dir/DriverOptions.cpp.o
[491/2285] Building CXX object tools/clang/lib/ARCMigrate/CMakeFiles/obj.clangARCMigrate.dir/TransGCCalls.cpp.o
[492/2285] Building CXX object tools/clang/lib/ARCMigrate/CMakeFiles/obj.clangARCMigrate.dir/TransEmptyStatementsAndDealloc.cpp.o
[493/2285] Building CXX object tools/clang/lib/ARCMigrate/CMakeFiles/obj.clangARCMigrate.dir/TransProperties.cpp.o
[494/2285] Building CXX object tools/clang/lib/Driver/CMakeFiles/obj.clangDriver.dir/ToolChains/Arch/AArch64.cpp.o
[495/2285] Building CXX object tools/clang/lib/Driver/CMakeFiles/obj.clangDriver.dir/ToolChains/Arch/CSKY.cpp.o
[496/2285] Building CXX object tools/clang/lib/Driver/CMakeFiles/obj.clangDriver.dir/ToolChain.cpp.o
[497/2285] Building CXX object tools/clang/lib/Driver/CMakeFiles/obj.clangDriver.dir/SanitizerArgs.cpp.o
[498/2285] Building CXX object tools/clang/lib/Driver/CMakeFiles/obj.clangDriver.dir/ToolChains/Arch/ARM.cpp.o
[499/2285] Building CXX object tools/clang/lib/Driver/CMakeFiles/obj.clangDriver.dir/ToolChains/Arch/LoongArch.cpp.o
[500/2285] Building CXX object tools/clang/lib/Driver/CMakeFiles/obj.clangDriver.dir/ToolChains/Arch/PPC.cpp.o
[501/2285] Building CXX object tools/clang/lib/Driver/CMakeFiles/obj.clangDriver.dir/ToolChains/Arch/Mips.cpp.o
[502/2285] Building CXX object tools/clang/lib/ARCMigrate/CMakeFiles/obj.clangARCMigrate.dir/TransZeroOutPropsInDealloc.cpp.o
[503/2285] Building CXX object tools/clang/lib/Driver/CMakeFiles/obj.clangDriver.dir/ToolChains/Arch/M68k.cpp.o
[504/2285] Building CXX object tools/clang/lib/ARCMigrate/CMakeFiles/obj.clangARCMigrate.dir/TransAPIUses.cpp.o
[505/2285] Building CXX object tools/clang/lib/Driver/CMakeFiles/obj.clangDriver.dir/ToolChains/Arch/VE.cpp.o
[506/2285] Building CXX object tools/clang/lib/Driver/CMakeFiles/obj.clangDriver.dir/ToolChains/Arch/Sparc.cpp.o
[507/2285] Building CXX object tools/clang/lib/Driver/CMakeFiles/obj.clangDriver.dir/ToolChains/Arch/RISCV.cpp.o
FAILED: tools/clang/lib/Driver/CMakeFiles/obj.clangDriver.dir/ToolChains/Arch/RISCV.cpp.o 
ccache /usr/bin/clang++ -DGTEST_HAS_RTTI=0 -D_DEBUG -D_GLIBCXX_ASSERTIONS -D_GNU_SOURCE -D__STDC_CONSTANT_MACROS -D__STDC_FORMAT_MACROS -D__STDC_LIMIT_MACROS -I/home/ubuntu/llvm-project/pulp-llvm-port/build/int-19/tools/clang/lib/Driver -I/home/ubuntu/llvm-project/pulp-llvm-port/wt/int-19/clang/lib/Driver -I/home/ubuntu/llvm-project/pulp-llvm-port/wt/int-19/clang/include -I/home/ubuntu/llvm-project/pulp-llvm-port/build/int-19/tools/clang/include -I/home/ubuntu/llvm-project/pulp-llvm-port/build/int-19/include -I/home/ubuntu/llvm-project/pulp-llvm-port/wt/int-19/llvm/include -fPIC -fno-semantic-interposition -fvisibility-inlines-hidden -Werror=date-time -Werror=unguarded-availability-new -Wall -Wextra -Wno-unused-parameter -Wwrite-strings -Wcast-qual -Wmissing-field-initializers -pedantic -Wno-long-long -Wc++98-compat-extra-semi -Wimplicit-fallthrough -Wcovered-switch-default -Wno-noexcept-type -Wnon-virtual-dtor -Wdelete-non-virtual-dtor -Wsuggest-override -Wstring-conversion -Wmisleading-indentation -Wctad-maybe-unsupported -fdiagnostics-color -ffunction-sections -fdata-sections -fno-common -Woverloaded-virtual -Wno-nested-anon-types -O3 -DNDEBUG -std=c++17  -fno-exceptions -funwind-tables -fno-rtti -UNDEBUG -MD -MT tools/clang/lib/Driver/CMakeFiles/obj.clangDriver.dir/ToolChains/Arch/RISCV.cpp.o -MF tools/clang/lib/Driver/CMakeFiles/obj.clangDriver.dir/ToolChains/Arch/RISCV.cpp.o.d -o tools/clang/lib/Driver/CMakeFiles/obj.clangDriver.dir/ToolChains/Arch/RISCV.cpp.o -c /home/ubuntu/llvm-project/pulp-llvm-port/wt/int-19/clang/lib/Driver/ToolChains/Arch/RISCV.cpp
../../wt/int-19/clang/lib/Driver/ToolChains/Arch/RISCV.cpp:222:49: error: no member named 'equals' in 'llvm::StringRef'
  222 |                                     return feat.equals("+fdiv") ||
      |                                            ~~~~ ^
../../wt/int-19/clang/lib/Driver/ToolChains/Arch/RISCV.cpp:223:49: error: no member named 'equals' in 'llvm::StringRef'
  223 |                                            feat.equals("-fdiv");
      |                                            ~~~~ ^
2 errors generated.
[508/2285] Building CXX object tools/clang/lib/Driver/CMakeFiles/obj.clangDriver.dir/ToolChains/Arch/SystemZ.cpp.o
[509/2285] Building CXX object tools/clang/lib/ARCMigrate/CMakeFiles/obj.clangARCMigrate.dir/TransARCAssign.cpp.o
[510/2285] Building CXX object tools/clang/lib/Driver/CMakeFiles/obj.clangDriver.dir/ToolChains/Arch/X86.cpp.o
[511/2285] Building CXX object tools/clang/lib/Driver/CMakeFiles/obj.clangDriver.dir/Driver.cpp.o
[512/2285] Building CXX object tools/clang/lib/Driver/CMakeFiles/obj.clangDriver.dir/ToolChains/AIX.cpp.o
[513/2285] Building CXX object tools/clang/lib/Driver/CMakeFiles/obj.clangDriver.dir/ToolChains/DragonFly.cpp.o
[514/2285] Building CXX object tools/clang/lib/ARCMigrate/CMakeFiles/obj.clangARCMigrate.dir/TransUnbridgedCasts.cpp.o
[515/2285] Building CXX object tools/clang/lib/Driver/CMakeFiles/obj.clangDriver.dir/ToolChains/AMDGPUOpenMP.cpp.o
[516/2285] Building CXX object tools/clang/lib/Driver/CMakeFiles/obj.clangDriver.dir/ToolChains/AVR.cpp.o
[517/2285] Building CXX object tools/clang/lib/Driver/CMakeFiles/obj.clangDriver.dir/ToolChains/CrossWindows.cpp.o
[518/2285] Building CXX object tools/clang/lib/ARCMigrate/CMakeFiles/obj.clangARCMigrate.dir/TransGCAttrs.cpp.o
[519/2285] Building CXX object tools/clang/lib/Driver/CMakeFiles/obj.clangDriver.dir/ToolChains/CSKYToolChain.cpp.o
[520/2285] Building CXX object tools/clang/lib/Driver/CMakeFiles/obj.clangDriver.dir/ToolChains/AMDGPU.cpp.o
[521/2285] Building CXX object tools/clang/lib/Driver/CMakeFiles/obj.clangDriver.dir/ToolChains/BareMetal.cpp.o
[522/2285] Building CXX object tools/clang/lib/ARCMigrate/CMakeFiles/obj.clangARCMigrate.dir/TransUnusedInitDelegate.cpp.o
[523/2285] Building CXX object tools/clang/lib/Driver/CMakeFiles/obj.clangDriver.dir/ToolChains/Cuda.cpp.o
[524/2285] Building CXX object tools/clang/lib/Driver/CMakeFiles/obj.clangDriver.dir/ToolChains/FreeBSD.cpp.o
[525/2285] Building CXX object tools/clang/lib/Driver/CMakeFiles/obj.clangDriver.dir/ToolChains/Fuchsia.cpp.o
[526/2285] Building CXX object tools/clang/lib/Driver/CMakeFiles/obj.clangDriver.dir/ToolChains/HIPSPV.cpp.o
[527/2285] Building CXX object tools/clang/lib/Driver/CMakeFiles/obj.clangDriver.dir/ToolChains/Flang.cpp.o
[528/2285] Building CXX object tools/clang/lib/Driver/CMakeFiles/obj.clangDriver.dir/ToolChains/HIPUtility.cpp.o
[529/2285] Building CXX object tools/clang/lib/Driver/CMakeFiles/obj.clangDriver.dir/ToolChains/HIPAMD.cpp.o
[530/2285] Building CXX object tools/clang/lib/Driver/CMakeFiles/obj.clangDriver.dir/ToolChains/Darwin.cpp.o
[531/2285] Building CXX object tools/clang/lib/Driver/CMakeFiles/obj.clangDriver.dir/ToolChains/Haiku.cpp.o
[532/2285] Building CXX object tools/clang/lib/Driver/CMakeFiles/obj.clangDriver.dir/ToolChains/Hexagon.cpp.o
[533/2285] Building CXX object tools/clang/lib/Driver/CMakeFiles/obj.clangDriver.dir/ToolChains/HLSL.cpp.o
[534/2285] Building CXX object tools/clang/lib/Driver/CMakeFiles/obj.clangDriver.dir/ToolChains/Hurd.cpp.o
[535/2285] Building CXX object tools/clang/lib/Driver/CMakeFiles/obj.clangDriver.dir/ToolChains/NaCl.cpp.o
[536/2285] Building CXX object tools/clang/lib/Driver/CMakeFiles/obj.clangDriver.dir/ToolChains/CommonArgs.cpp.o
[537/2285] Building CXX object tools/clang/lib/Driver/CMakeFiles/obj.clangDriver.dir/ToolChains/NetBSD.cpp.o
[538/2285] Building CXX object tools/clang/lib/ARCMigrate/CMakeFiles/obj.clangARCMigrate.dir/TransRetainReleaseDealloc.cpp.o
[539/2285] Building CXX object tools/clang/lib/Analysis/CMakeFiles/obj.clangAnalysis.dir/UnsafeBufferUsage.cpp.o
[540/2285] Building CXX object tools/clang/lib/Driver/CMakeFiles/obj.clangDriver.dir/ToolChains/Linux.cpp.o
[541/2285] Building CXX object tools/clang/lib/Driver/CMakeFiles/obj.clangDriver.dir/ToolChains/MipsLinux.cpp.o
[542/2285] Building CXX object tools/clang/lib/Driver/CMakeFiles/obj.clangDriver.dir/ToolChains/RISCVToolchain.cpp.o
[543/2285] Building CXX object tools/clang/lib/Driver/CMakeFiles/obj.clangDriver.dir/ToolChains/MSP430.cpp.o
[544/2285] Building CXX object tools/clang/lib/Driver/CMakeFiles/obj.clangDriver.dir/ToolChains/OHOS.cpp.o
[545/2285] Building CXX object tools/clang/lib/Driver/CMakeFiles/obj.clangDriver.dir/ToolChains/TCE.cpp.o
[546/2285] Building CXX object tools/clang/lib/Driver/CMakeFiles/obj.clangDriver.dir/ToolChains/MSVC.cpp.o
[547/2285] Building CXX object tools/clang/lib/Driver/CMakeFiles/obj.clangDriver.dir/ToolChains/OpenBSD.cpp.o
[548/2285] Building CXX object tools/clang/lib/Driver/CMakeFiles/obj.clangDriver.dir/ToolChains/Gnu.cpp.o
[549/2285] Building CXX object tools/clang/lib/ARCMigrate/CMakeFiles/obj.clangARCMigrate.dir/TransProtectedScope.cpp.o
[550/2285] Building CXX object tools/clang/lib/Driver/CMakeFiles/obj.clangDriver.dir/ToolChains/PS4CPU.cpp.o
[551/2285] Building CXX object tools/clang/lib/Driver/CMakeFiles/obj.clangDriver.dir/ToolChains/PPCFreeBSD.cpp.o
[552/2285] Building CXX object tools/clang/lib/Driver/CMakeFiles/obj.clangDriver.dir/ToolChains/MinGW.cpp.o
[553/2285] Building CXX object tools/clang/lib/Driver/CMakeFiles/obj.clangDriver.dir/ToolChains/Solaris.cpp.o
[554/2285] Building CXX object tools/clang/lib/Driver/CMakeFiles/obj.clangDriver.dir/ToolChains/SPIRV.cpp.o
[555/2285] Building CXX object tools/clang/lib/Driver/CMakeFiles/obj.clangDriver.dir/ToolChains/PPCLinux.cpp.o
[556/2285] Building CXX object tools/clang/lib/Driver/CMakeFiles/obj.clangDriver.dir/ToolChains/InterfaceStubs.cpp.o
[557/2285] Building CXX object tools/clang/lib/Driver/CMakeFiles/obj.clangDriver.dir/ToolChains/WebAssembly.cpp.o
[558/2285] Building CXX object tools/clang/lib/Driver/CMakeFiles/obj.clangDriver.dir/Types.cpp.o
[559/2285] Building CXX object tools/clang/lib/ARCMigrate/CMakeFiles/obj.clangARCMigrate.dir/TransAutoreleasePool.cpp.o
[560/2285] Building CXX object tools/clang/lib/Serialization/CMakeFiles/obj.clangSerialization.dir/ModuleFileExtension.cpp.o
[561/2285] Building CXX object tools/clang/lib/Driver/CMakeFiles/obj.clangDriver.dir/ToolChains/VEToolchain.cpp.o
[562/2285] Building CXX object tools/clang/lib/Driver/CMakeFiles/obj.clangDriver.dir/ToolChains/XCore.cpp.o
[563/2285] Building CXX object tools/clang/lib/Serialization/CMakeFiles/obj.clangSerialization.dir/InMemoryModuleCache.cpp.o
[564/2285] Building CXX object tools/clang/lib/Driver/CMakeFiles/obj.clangDriver.dir/ToolChains/ZOS.cpp.o
[565/2285] Building CXX object tools/clang/lib/Serialization/CMakeFiles/obj.clangSerialization.dir/PCHContainerOperations.cpp.o
[566/2285] Building CXX object tools/clang/lib/Frontend/CMakeFiles/obj.clangFrontend.dir/ChainedDiagnosticConsumer.cpp.o
[567/2285] Building CXX object tools/clang/lib/Serialization/CMakeFiles/obj.clangSerialization.dir/ASTCommon.cpp.o
[568/2285] Building CXX object tools/clang/lib/Driver/CMakeFiles/obj.clangDriver.dir/XRayArgs.cpp.o
[569/2285] Building CXX object tools/clang/lib/Serialization/CMakeFiles/obj.clangSerialization.dir/ModuleFile.cpp.o
[570/2285] Building CXX object tools/clang/lib/ARCMigrate/CMakeFiles/obj.clangARCMigrate.dir/TransBlockObjCVariable.cpp.o
[571/2285] Building CXX object tools/clang/lib/Serialization/CMakeFiles/obj.clangSerialization.dir/GlobalModuleIndex.cpp.o
[572/2285] Building CXX object tools/clang/lib/ExtractAPI/CMakeFiles/obj.clangExtractAPI.dir/ExtractAPIConsumer.cpp.o
[573/2285] Building CXX object tools/clang/lib/Driver/CMakeFiles/obj.clangDriver.dir/ToolChains/Clang.cpp.o
[574/2285] Building CXX object tools/clang/lib/Serialization/CMakeFiles/obj.clangSerialization.dir/ModuleManager.cpp.o
[575/2285] Building CXX object tools/clang/lib/Frontend/CMakeFiles/obj.clangFrontend.dir/FrontendOptions.cpp.o
[576/2285] Building CXX object tools/clang/lib/Frontend/CMakeFiles/obj.clangFrontend.dir/DependencyGraph.cpp.o
[577/2285] Building CXX object tools/clang/lib/Frontend/CMakeFiles/obj.clangFrontend.dir/DiagnosticRenderer.cpp.o
[578/2285] Building CXX object tools/clang/lib/ARCMigrate/CMakeFiles/obj.clangARCMigrate.dir/ObjCMT.cpp.o
[579/2285] Building CXX object tools/clang/lib/Frontend/CMakeFiles/obj.clangFrontend.dir/LayoutOverrideSource.cpp.o
[580/2285] Building CXX object tools/clang/lib/Frontend/CMakeFiles/obj.clangFrontend.dir/HeaderIncludeGen.cpp.o
[581/2285] Building CXX object tools/clang/lib/Serialization/CMakeFiles/obj.clangSerialization.dir/GeneratePCH.cpp.o
[582/2285] Building CXX object tools/clang/lib/Frontend/CMakeFiles/obj.clangFrontend.dir/LogDiagnosticPrinter.cpp.o
[583/2285] Building CXX object tools/clang/lib/Frontend/CMakeFiles/obj.clangFrontend.dir/MultiplexConsumer.cpp.o
[584/2285] Building CXX object tools/clang/lib/Serialization/CMakeFiles/obj.clangSerialization.dir/ASTWriterDecl.cpp.o
[585/2285] Building CXX object tools/clang/lib/Frontend/CMakeFiles/obj.clangFrontend.dir/CreateInvocationFromCommandLine.cpp.o
[586/2285] Building CXX object tools/clang/lib/Frontend/CMakeFiles/obj.clangFrontend.dir/ASTMerge.cpp.o
[587/2285] Building CXX object tools/clang/lib/Serialization/CMakeFiles/obj.clangSerialization.dir/ASTWriterStmt.cpp.o
[588/2285] Building CXX object tools/clang/lib/Frontend/CMakeFiles/obj.clangFrontend.dir/PrintPreprocessedOutput.cpp.o
[589/2285] Building CXX object tools/clang/lib/Frontend/CMakeFiles/obj.clangFrontend.dir/ChainedIncludesSource.cpp.o
[590/2285] Building CXX object tools/clang/lib/Frontend/CMakeFiles/obj.clangFrontend.dir/SerializedDiagnosticReader.cpp.o
[591/2285] Building CXX object tools/clang/lib/Frontend/CMakeFiles/obj.clangFrontend.dir/TextDiagnosticBuffer.cpp.o
[592/2285] Building CXX object tools/clang/lib/Frontend/CMakeFiles/obj.clangFrontend.dir/SARIFDiagnosticPrinter.cpp.o
[593/2285] Building CXX object tools/clang/lib/Frontend/CMakeFiles/obj.clangFrontend.dir/DependencyFile.cpp.o
[594/2285] Building CXX object tools/clang/lib/Frontend/CMakeFiles/obj.clangFrontend.dir/SARIFDiagnostic.cpp.o
[595/2285] Building CXX object tools/clang/lib/Frontend/CMakeFiles/obj.clangFrontend.dir/TextDiagnosticPrinter.cpp.o
[596/2285] Building CXX object tools/clang/lib/ARCMigrate/CMakeFiles/obj.clangARCMigrate.dir/Transforms.cpp.o
[597/2285] Building CXX object tools/clang/lib/Serialization/CMakeFiles/obj.clangSerialization.dir/ASTReaderStmt.cpp.o
[598/2285] Building CXX object tools/clang/lib/Frontend/CMakeFiles/obj.clangFrontend.dir/ASTUnit.cpp.o
[599/2285] Building CXX object tools/clang/lib/Frontend/Rewrite/CMakeFiles/obj.clangRewriteFrontend.dir/FixItRewriter.cpp.o
[600/2285] Building CXX object tools/clang/lib/Frontend/CMakeFiles/obj.clangFrontend.dir/SerializedDiagnosticPrinter.cpp.o
[601/2285] Building CXX object tools/clang/lib/Frontend/CMakeFiles/obj.clangFrontend.dir/VerifyDiagnosticConsumer.cpp.o
[602/2285] Building CXX object tools/clang/lib/Frontend/Rewrite/CMakeFiles/obj.clangRewriteFrontend.dir/HTMLPrint.cpp.o
[603/2285] Building CXX object tools/clang/lib/Frontend/CMakeFiles/obj.clangFrontend.dir/TextDiagnostic.cpp.o
[604/2285] Building CXX object tools/clang/lib/Frontend/Rewrite/CMakeFiles/obj.clangRewriteFrontend.dir/RewriteMacros.cpp.o
[605/2285] Building CXX object tools/clang/lib/Frontend/Rewrite/CMakeFiles/obj.clangRewriteFrontend.dir/InclusionRewriter.cpp.o
[606/2285] Building CXX object tools/clang/lib/Frontend/CMakeFiles/obj.clangFrontend.dir/ModuleDependencyCollector.cpp.o
[607/2285] Building CXX object tools/clang/lib/Tooling/Inclusions/CMakeFiles/obj.clangToolingInclusions.dir/IncludeStyle.cpp.o
[608/2285] Building CXX object tools/clang/lib/Frontend/Rewrite/CMakeFiles/obj.clangRewriteFrontend.dir/RewriteTest.cpp.o
[609/2285] Building CXX object tools/clang/lib/Frontend/CMakeFiles/obj.clangFrontend.dir/InitPreprocessor.cpp.o
[610/2285] Building CXX object tools/clang/lib/Frontend/CMakeFiles/obj.clangFrontend.dir/CompilerInstance.cpp.o
[611/2285] Building CXX object tools/clang/lib/Frontend/CMakeFiles/obj.clangFrontend.dir/FrontendAction.cpp.o
[612/2285] Building CXX object tools/clang/lib/Tooling/Core/CMakeFiles/obj.clangToolingCore.dir/Diagnostic.cpp.o
[613/2285] Building CXX object tools/clang/lib/Frontend/CMakeFiles/obj.clangFrontend.dir/PrecompiledPreamble.cpp.o
[614/2285] Building CXX object tools/clang/lib/Tooling/Inclusions/CMakeFiles/obj.clangToolingInclusions.dir/HeaderAnalysis.cpp.o
[615/2285] Building CXX object tools/clang/lib/Serialization/CMakeFiles/obj.clangSerialization.dir/ASTReaderDecl.cpp.o
[616/2285] Building CXX object tools/clang/lib/Frontend/CMakeFiles/obj.clangFrontend.dir/TestModuleFileExtension.cpp.o
[617/2285] Building CXX object tools/clang/lib/Tooling/Inclusions/CMakeFiles/obj.clangToolingInclusions.dir/HeaderIncludes.cpp.o
[618/2285] Building CXX object tools/clang/lib/Tooling/Core/CMakeFiles/obj.clangToolingCore.dir/Replacement.cpp.o
[619/2285] Building CXX object tools/clang/lib/Frontend/CMakeFiles/obj.clangFrontend.dir/FrontendActions.cpp.o
[620/2285] Building CXX object tools/clang/lib/InstallAPI/CMakeFiles/obj.clangInstallAPI.dir/DiagnosticBuilderWrappers.cpp.o
[621/2285] Building CXX object tools/clang/lib/InstallAPI/CMakeFiles/obj.clangInstallAPI.dir/HeaderFile.cpp.o
[622/2285] Building CXX object tools/clang/lib/Index/CMakeFiles/obj.clangIndex.dir/FileIndexRecord.cpp.o
[623/2285] Building CXX object tools/clang/lib/Index/CMakeFiles/obj.clangIndex.dir/IndexSymbol.cpp.o
[624/2285] Building CXX object tools/clang/lib/StaticAnalyzer/Core/CMakeFiles/obj.clangStaticAnalyzerCore.dir/APSIntType.cpp.o
[625/2285] Building CXX object tools/clang/lib/Frontend/CMakeFiles/obj.clangFrontend.dir/ASTConsumers.cpp.o
[626/2285] Building CXX object tools/clang/lib/Serialization/CMakeFiles/obj.clangSerialization.dir/ASTWriter.cpp.o
[627/2285] Building CXX object tools/clang/lib/Index/CMakeFiles/obj.clangIndex.dir/IndexDecl.cpp.o
[628/2285] Building CXX object tools/clang/lib/InstallAPI/CMakeFiles/obj.clangInstallAPI.dir/DirectoryScanner.cpp.o
[629/2285] Building CXX object tools/clang/lib/Index/CMakeFiles/obj.clangIndex.dir/CommentToXML.cpp.o
[630/2285] Building CXX object tools/clang/lib/Index/CMakeFiles/obj.clangIndex.dir/IndexingContext.cpp.o
[631/2285] Building CXX object tools/clang/lib/InstallAPI/CMakeFiles/obj.clangInstallAPI.dir/FileList.cpp.o
[632/2285] Building CXX object tools/clang/lib/StaticAnalyzer/Core/CMakeFiles/obj.clangStaticAnalyzerCore.dir/BlockCounter.cpp.o
[633/2285] Building CXX object tools/clang/lib/InstallAPI/CMakeFiles/obj.clangInstallAPI.dir/Library.cpp.o
[634/2285] Building CXX object tools/clang/lib/Frontend/Rewrite/CMakeFiles/obj.clangRewriteFrontend.dir/FrontendActions.cpp.o
[635/2285] Building CXX object tools/clang/lib/InstallAPI/CMakeFiles/obj.clangInstallAPI.dir/DylibVerifier.cpp.o
[636/2285] Building CXX object tools/clang/lib/FrontendTool/CMakeFiles/obj.clangFrontendTool.dir/ExecuteCompilerInvocation.cpp.o
[637/2285] Building CXX object tools/clang/lib/StaticAnalyzer/Core/CMakeFiles/obj.clangStaticAnalyzerCore.dir/BasicValueFactory.cpp.o
[638/2285] Building CXX object tools/clang/lib/StaticAnalyzer/Core/CMakeFiles/obj.clangStaticAnalyzerCore.dir/CommonBugCategories.cpp.o
[639/2285] Building CXX object tools/clang/lib/StaticAnalyzer/Core/CMakeFiles/obj.clangStaticAnalyzerCore.dir/AnalyzerOptions.cpp.o
[640/2285] Building CXX object tools/clang/lib/StaticAnalyzer/Core/CMakeFiles/obj.clangStaticAnalyzerCore.dir/Checker.cpp.o
[641/2285] Building CXX object tools/clang/lib/StaticAnalyzer/Core/CMakeFiles/obj.clangStaticAnalyzerCore.dir/AnalysisManager.cpp.o
[642/2285] Building CXX object tools/clang/lib/Frontend/Rewrite/CMakeFiles/obj.clangRewriteFrontend.dir/RewriteObjC.cpp.o
[643/2285] Building CXX object tools/clang/lib/Index/CMakeFiles/obj.clangIndex.dir/USRGeneration.cpp.o
[644/2285] Building CXX object tools/clang/lib/Frontend/CMakeFiles/obj.clangFrontend.dir/CompilerInvocation.cpp.o
[645/2285] Building CXX object tools/clang/lib/Index/CMakeFiles/obj.clangIndex.dir/IndexingAction.cpp.o
[646/2285] Building CXX object tools/clang/lib/InstallAPI/CMakeFiles/obj.clangInstallAPI.dir/Frontend.cpp.o
[647/2285] Building CXX object tools/clang/lib/StaticAnalyzer/Core/CMakeFiles/obj.clangStaticAnalyzerCore.dir/ConstraintManager.cpp.o
[648/2285] Building CXX object tools/clang/lib/Frontend/CMakeFiles/obj.clangFrontend.dir/InterfaceStubFunctionsConsumer.cpp.o
[649/2285] Building CXX object tools/clang/lib/Serialization/CMakeFiles/obj.clangSerialization.dir/ASTReader.cpp.o
[650/2285] Building CXX object tools/clang/lib/StaticAnalyzer/Core/CMakeFiles/obj.clangStaticAnalyzerCore.dir/CheckerRegistryData.cpp.o
[651/2285] Building CXX object tools/clang/lib/StaticAnalyzer/Core/CMakeFiles/obj.clangStaticAnalyzerCore.dir/CallDescription.cpp.o
[652/2285] Building CXX object tools/clang/lib/StaticAnalyzer/Core/CMakeFiles/obj.clangStaticAnalyzerCore.dir/CheckerContext.cpp.o
[653/2285] Building CXX object tools/clang/lib/StaticAnalyzer/Core/CMakeFiles/obj.clangStaticAnalyzerCore.dir/FunctionSummary.cpp.o
[654/2285] Building CXX object tools/clang/lib/Index/CMakeFiles/obj.clangIndex.dir/IndexTypeSourceInfo.cpp.o
[655/2285] Building CXX object tools/clang/lib/StaticAnalyzer/Core/CMakeFiles/obj.clangStaticAnalyzerCore.dir/DynamicType.cpp.o
[656/2285] Building CXX object tools/clang/lib/StaticAnalyzer/Core/CMakeFiles/obj.clangStaticAnalyzerCore.dir/DynamicExtent.cpp.o
[657/2285] Building CXX object tools/clang/lib/StaticAnalyzer/Core/CMakeFiles/obj.clangStaticAnalyzerCore.dir/CallEvent.cpp.o
[658/2285] Building CXX object tools/clang/lib/StaticAnalyzer/Core/CMakeFiles/obj.clangStaticAnalyzerCore.dir/CheckerHelpers.cpp.o
[659/2285] Building CXX object tools/clang/lib/StaticAnalyzer/Core/CMakeFiles/obj.clangStaticAnalyzerCore.dir/CoreEngine.cpp.o
[660/2285] Building CXX object tools/clang/lib/StaticAnalyzer/Core/CMakeFiles/obj.clangStaticAnalyzerCore.dir/Environment.cpp.o
[661/2285] Building CXX object tools/clang/lib/Frontend/Rewrite/CMakeFiles/obj.clangRewriteFrontend.dir/RewriteModernObjC.cpp.o
[662/2285] Building CXX object tools/clang/lib/Index/CMakeFiles/obj.clangIndex.dir/IndexBody.cpp.o
[663/2285] Building CXX object tools/clang/lib/StaticAnalyzer/Core/CMakeFiles/obj.clangStaticAnalyzerCore.dir/ExprEngineObjC.cpp.o
[664/2285] Building CXX object tools/clang/lib/StaticAnalyzer/Core/CMakeFiles/obj.clangStaticAnalyzerCore.dir/ExprEngineC.cpp.o
[665/2285] Building CXX object tools/clang/lib/StaticAnalyzer/Core/CMakeFiles/obj.clangStaticAnalyzerCore.dir/CheckerManager.cpp.o
[666/2285] Building CXX object tools/clang/lib/StaticAnalyzer/Core/CMakeFiles/obj.clangStaticAnalyzerCore.dir/ExprEngineCXX.cpp.o
[667/2285] Building CXX object tools/clang/lib/StaticAnalyzer/Core/CMakeFiles/obj.clangStaticAnalyzerCore.dir/ExplodedGraph.cpp.o
[668/2285] Building CXX object tools/clang/lib/StaticAnalyzer/Core/CMakeFiles/obj.clangStaticAnalyzerCore.dir/HTMLDiagnostics.cpp.o
[669/2285] Building CXX object tools/clang/lib/StaticAnalyzer/Core/CMakeFiles/obj.clangStaticAnalyzerCore.dir/BugReporter.cpp.o
[670/2285] Building CXX object tools/clang/lib/StaticAnalyzer/Core/CMakeFiles/obj.clangStaticAnalyzerCore.dir/RangedConstraintManager.cpp.o
[671/2285] Building CXX object tools/clang/lib/StaticAnalyzer/Core/CMakeFiles/obj.clangStaticAnalyzerCore.dir/ExprEngineCallAndReturn.cpp.o
[672/2285] Building CXX object tools/clang/lib/StaticAnalyzer/Core/CMakeFiles/obj.clangStaticAnalyzerCore.dir/MemRegion.cpp.o
[673/2285] Building CXX object tools/clang/lib/StaticAnalyzer/Core/CMakeFiles/obj.clangStaticAnalyzerCore.dir/SimpleConstraintManager.cpp.o
[674/2285] Building CXX object tools/clang/lib/StaticAnalyzer/Core/CMakeFiles/obj.clangStaticAnalyzerCore.dir/LoopWidening.cpp.o
[675/2285] Building CXX object tools/clang/lib/StaticAnalyzer/Core/CMakeFiles/obj.clangStaticAnalyzerCore.dir/PlistDiagnostics.cpp.o
[676/2285] Building CXX object tools/clang/lib/StaticAnalyzer/Core/CMakeFiles/obj.clangStaticAnalyzerCore.dir/SymbolManager.cpp.o
[677/2285] Building CXX object tools/clang/lib/StaticAnalyzer/Core/CMakeFiles/obj.clangStaticAnalyzerCore.dir/BugReporterVisitors.cpp.o
[678/2285] Building CXX object tools/clang/lib/StaticAnalyzer/Core/CMakeFiles/obj.clangStaticAnalyzerCore.dir/Store.cpp.o
[679/2285] Building CXX object tools/clang/lib/InstallAPI/CMakeFiles/obj.clangInstallAPI.dir/Visitor.cpp.o
[680/2285] Building CXX object tools/clang/lib/StaticAnalyzer/Core/CMakeFiles/obj.clangStaticAnalyzerCore.dir/SVals.cpp.o
[681/2285] Building CXX object tools/clang/lib/StaticAnalyzer/Core/CMakeFiles/obj.clangStaticAnalyzerCore.dir/SMTConstraintManager.cpp.o
[682/2285] Building CXX object tools/clang/lib/StaticAnalyzer/Core/CMakeFiles/obj.clangStaticAnalyzerCore.dir/ExprEngine.cpp.o
[683/2285] Building CXX object tools/clang/lib/StaticAnalyzer/Core/CMakeFiles/obj.clangStaticAnalyzerCore.dir/SarifDiagnostics.cpp.o
[684/2285] Building CXX object tools/clang/lib/StaticAnalyzer/Core/CMakeFiles/obj.clangStaticAnalyzerCore.dir/ProgramState.cpp.o
[685/2285] Building CXX object tools/clang/lib/StaticAnalyzer/Core/CMakeFiles/obj.clangStaticAnalyzerCore.dir/TextDiagnostics.cpp.o
[686/2285] Building CXX object tools/clang/lib/StaticAnalyzer/Core/CMakeFiles/obj.clangStaticAnalyzerCore.dir/BugSuppression.cpp.o
[687/2285] Building CXX object tools/clang/lib/StaticAnalyzer/Core/CMakeFiles/obj.clangStaticAnalyzerCore.dir/SValBuilder.cpp.o
[688/2285] Building CXX object tools/clang/lib/StaticAnalyzer/Checkers/CMakeFiles/obj.clangStaticAnalyzerCheckers.dir/ArrayBoundChecker.cpp.o
[689/2285] Building CXX object tools/clang/lib/StaticAnalyzer/Checkers/CMakeFiles/obj.clangStaticAnalyzerCheckers.dir/AnalyzerStatsChecker.cpp.o
[690/2285] Building CXX object tools/clang/lib/StaticAnalyzer/Core/CMakeFiles/obj.clangStaticAnalyzerCore.dir/SimpleSValBuilder.cpp.o
[691/2285] Building CXX object tools/clang/lib/StaticAnalyzer/Core/CMakeFiles/obj.clangStaticAnalyzerCore.dir/WorkList.cpp.o
[692/2285] Building CXX object tools/clang/lib/StaticAnalyzer/Core/CMakeFiles/obj.clangStaticAnalyzerCore.dir/RangeConstraintManager.cpp.o
[693/2285] Building CXX object tools/clang/lib/StaticAnalyzer/Checkers/CMakeFiles/obj.clangStaticAnalyzerCheckers.dir/ArrayBoundCheckerV2.cpp.o
[694/2285] Building CXX object tools/clang/lib/StaticAnalyzer/Core/CMakeFiles/obj.clangStaticAnalyzerCore.dir/Z3CrosscheckVisitor.cpp.o
[695/2285] Building CXX object tools/clang/lib/StaticAnalyzer/Checkers/CMakeFiles/obj.clangStaticAnalyzerCheckers.dir/AnalysisOrderChecker.cpp.o
[696/2285] Building CXX object tools/clang/lib/StaticAnalyzer/Core/CMakeFiles/obj.clangStaticAnalyzerCore.dir/RegionStore.cpp.o
[697/2285] Building CXX object tools/clang/lib/StaticAnalyzer/Checkers/CMakeFiles/obj.clangStaticAnalyzerCheckers.dir/BuiltinFunctionChecker.cpp.o
[698/2285] Building CXX object tools/clang/lib/StaticAnalyzer/Checkers/CMakeFiles/obj.clangStaticAnalyzerCheckers.dir/BitwiseShiftChecker.cpp.o
[699/2285] Building CXX object tools/clang/lib/StaticAnalyzer/Checkers/CMakeFiles/obj.clangStaticAnalyzerCheckers.dir/BlockInCriticalSectionChecker.cpp.o
[700/2285] Building CXX object tools/clang/lib/StaticAnalyzer/Core/CMakeFiles/obj.clangStaticAnalyzerCore.dir/LoopUnrolling.cpp.o
[701/2285] Building CXX object tools/clang/lib/StaticAnalyzer/Checkers/CMakeFiles/obj.clangStaticAnalyzerCheckers.dir/BoolAssignmentChecker.cpp.o
[702/2285] Building CXX object tools/clang/lib/StaticAnalyzer/Checkers/CMakeFiles/obj.clangStaticAnalyzerCheckers.dir/BasicObjCFoundationChecks.cpp.o
[703/2285] Building CXX object tools/clang/lib/StaticAnalyzer/Checkers/CMakeFiles/obj.clangStaticAnalyzerCheckers.dir/CastSizeChecker.cpp.o
[704/2285] Building CXX object tools/clang/lib/StaticAnalyzer/Checkers/CMakeFiles/obj.clangStaticAnalyzerCheckers.dir/CheckerDocumentation.cpp.o
[705/2285] Building CXX object tools/clang/lib/StaticAnalyzer/Checkers/CMakeFiles/obj.clangStaticAnalyzerCheckers.dir/CheckSecuritySyntaxOnly.cpp.o
[706/2285] Building CXX object tools/clang/lib/StaticAnalyzer/Checkers/CMakeFiles/obj.clangStaticAnalyzerCheckers.dir/CStringSyntaxChecker.cpp.o
[707/2285] Building CXX object tools/clang/lib/StaticAnalyzer/Checkers/CMakeFiles/obj.clangStaticAnalyzerCheckers.dir/CallAndMessageChecker.cpp.o
[708/2285] Building CXX object tools/clang/lib/StaticAnalyzer/Checkers/CMakeFiles/obj.clangStaticAnalyzerCheckers.dir/CheckObjCInstMethSignature.cpp.o
[709/2285] Building CXX object tools/clang/lib/StaticAnalyzer/Checkers/CMakeFiles/obj.clangStaticAnalyzerCheckers.dir/CloneChecker.cpp.o
[710/2285] Building CXX object tools/clang/lib/StaticAnalyzer/Checkers/CMakeFiles/obj.clangStaticAnalyzerCheckers.dir/CheckPlacementNew.cpp.o
[711/2285] Building CXX object tools/clang/lib/StaticAnalyzer/Checkers/CMakeFiles/obj.clangStaticAnalyzerCheckers.dir/CastValueChecker.cpp.o
[712/2285] Building CXX object tools/clang/lib/StaticAnalyzer/Checkers/CMakeFiles/obj.clangStaticAnalyzerCheckers.dir/ChrootChecker.cpp.o
[713/2285] Building CXX object tools/clang/lib/StaticAnalyzer/Checkers/CMakeFiles/obj.clangStaticAnalyzerCheckers.dir/CXXDeleteChecker.cpp.o
[714/2285] Building CXX object tools/clang/lib/StaticAnalyzer/Checkers/CMakeFiles/obj.clangStaticAnalyzerCheckers.dir/ConversionChecker.cpp.o
[715/2285] Building CXX object tools/clang/lib/StaticAnalyzer/Checkers/CMakeFiles/obj.clangStaticAnalyzerCheckers.dir/CXXSelfAssignmentChecker.cpp.o
[716/2285] Building CXX object tools/clang/lib/StaticAnalyzer/Checkers/CMakeFiles/obj.clangStaticAnalyzerCheckers.dir/CheckObjCDealloc.cpp.o
[717/2285] Building CXX object tools/clang/lib/StaticAnalyzer/Checkers/CMakeFiles/obj.clangStaticAnalyzerCheckers.dir/CStringChecker.cpp.o
[718/2285] Building CXX object tools/clang/lib/StaticAnalyzer/Checkers/CMakeFiles/obj.clangStaticAnalyzerCheckers.dir/DebugContainerModeling.cpp.o
[719/2285] Building CXX object tools/clang/lib/StaticAnalyzer/Checkers/CMakeFiles/obj.clangStaticAnalyzerCheckers.dir/ContainerModeling.cpp.o
[720/2285] Building CXX object tools/clang/lib/StaticAnalyzer/Checkers/CMakeFiles/obj.clangStaticAnalyzerCheckers.dir/DebugIteratorModeling.cpp.o
[721/2285] Building CXX object tools/clang/lib/StaticAnalyzer/Checkers/CMakeFiles/obj.clangStaticAnalyzerCheckers.dir/DivZeroChecker.cpp.o
[722/2285] Building CXX object tools/clang/lib/StaticAnalyzer/Checkers/CMakeFiles/obj.clangStaticAnalyzerCheckers.dir/DirectIvarAssignment.cpp.o
[723/2285] Building CXX object tools/clang/lib/StaticAnalyzer/Checkers/CMakeFiles/obj.clangStaticAnalyzerCheckers.dir/EnumCastOutOfRangeChecker.cpp.o
[724/2285] Building CXX object tools/clang/lib/StaticAnalyzer/Checkers/CMakeFiles/obj.clangStaticAnalyzerCheckers.dir/DereferenceChecker.cpp.o
[725/2285] Building CXX object tools/clang/lib/StaticAnalyzer/Checkers/CMakeFiles/obj.clangStaticAnalyzerCheckers.dir/DynamicTypeChecker.cpp.o
[726/2285] Building CXX object tools/clang/lib/StaticAnalyzer/Checkers/CMakeFiles/obj.clangStaticAnalyzerCheckers.dir/ErrnoModeling.cpp.o
[727/2285] Building CXX object tools/clang/lib/StaticAnalyzer/Checkers/CMakeFiles/obj.clangStaticAnalyzerCheckers.dir/ErrnoChecker.cpp.o
[728/2285] Building CXX object tools/clang/lib/StaticAnalyzer/Checkers/CMakeFiles/obj.clangStaticAnalyzerCheckers.dir/cert/InvalidPtrChecker.cpp.o
[729/2285] Building CXX object tools/clang/lib/StaticAnalyzer/Checkers/CMakeFiles/obj.clangStaticAnalyzerCheckers.dir/GTestChecker.cpp.o
[730/2285] Building CXX object tools/clang/lib/StaticAnalyzer/Checkers/CMakeFiles/obj.clangStaticAnalyzerCheckers.dir/FixedAddressChecker.cpp.o
[731/2285] Building CXX object tools/clang/lib/StaticAnalyzer/Checkers/CMakeFiles/obj.clangStaticAnalyzerCheckers.dir/ErrnoTesterChecker.cpp.o
[732/2285] Building CXX object tools/clang/lib/StaticAnalyzer/Checkers/CMakeFiles/obj.clangStaticAnalyzerCheckers.dir/Iterator.cpp.o
[733/2285] Building CXX object tools/clang/lib/StaticAnalyzer/Checkers/CMakeFiles/obj.clangStaticAnalyzerCheckers.dir/FuchsiaHandleChecker.cpp.o
[734/2285] Building CXX object tools/clang/lib/StaticAnalyzer/Checkers/CMakeFiles/obj.clangStaticAnalyzerCheckers.dir/InvalidatedIteratorChecker.cpp.o
[735/2285] Building CXX object tools/clang/lib/StaticAnalyzer/Checkers/CMakeFiles/obj.clangStaticAnalyzerCheckers.dir/InnerPointerChecker.cpp.o
[736/2285] Building CXX object tools/clang/lib/StaticAnalyzer/Checkers/CMakeFiles/obj.clangStaticAnalyzerCheckers.dir/IvarInvalidationChecker.cpp.o
[737/2285] Building CXX object tools/clang/lib/StaticAnalyzer/Checkers/CMakeFiles/obj.clangStaticAnalyzerCheckers.dir/IteratorModeling.cpp.o
[738/2285] Building CXX object tools/clang/lib/StaticAnalyzer/Checkers/CMakeFiles/obj.clangStaticAnalyzerCheckers.dir/ExprInspectionChecker.cpp.o
[739/2285] Building CXX object tools/clang/lib/StaticAnalyzer/Checkers/CMakeFiles/obj.clangStaticAnalyzerCheckers.dir/IteratorRangeChecker.cpp.o
[740/2285] Building CXX object tools/clang/lib/StaticAnalyzer/Checkers/CMakeFiles/obj.clangStaticAnalyzerCheckers.dir/CastToStructChecker.cpp.o
[741/2285] Building CXX object tools/clang/lib/StaticAnalyzer/Checkers/CMakeFiles/obj.clangStaticAnalyzerCheckers.dir/GCDAntipatternChecker.cpp.o
[742/2285] Building CXX object tools/clang/lib/StaticAnalyzer/Checkers/CMakeFiles/obj.clangStaticAnalyzerCheckers.dir/LLVMConventionsChecker.cpp.o
[743/2285] Building CXX object tools/clang/lib/StaticAnalyzer/Checkers/CMakeFiles/obj.clangStaticAnalyzerCheckers.dir/DebugCheckers.cpp.o
[744/2285] Building CXX object tools/clang/lib/StaticAnalyzer/Checkers/CMakeFiles/obj.clangStaticAnalyzerCheckers.dir/DeadStoresChecker.cpp.o
[745/2285] Building CXX object tools/clang/lib/StaticAnalyzer/Checkers/CMakeFiles/obj.clangStaticAnalyzerCheckers.dir/MacOSKeychainAPIChecker.cpp.o
[746/2285] Building CXX object tools/clang/lib/StaticAnalyzer/Checkers/CMakeFiles/obj.clangStaticAnalyzerCheckers.dir/GenericTaintChecker.cpp.o
[747/2285] Building CXX object tools/clang/lib/StaticAnalyzer/Checkers/CMakeFiles/obj.clangStaticAnalyzerCheckers.dir/MacOSXAPIChecker.cpp.o
[748/2285] Building CXX object tools/clang/lib/StaticAnalyzer/Checkers/CMakeFiles/obj.clangStaticAnalyzerCheckers.dir/MPI-Checker/MPIBugReporter.cpp.o
[749/2285] Building CXX object tools/clang/lib/StaticAnalyzer/Checkers/CMakeFiles/obj.clangStaticAnalyzerCheckers.dir/DynamicTypePropagation.cpp.o
[750/2285] Building CXX object tools/clang/lib/StaticAnalyzer/Checkers/CMakeFiles/obj.clangStaticAnalyzerCheckers.dir/NSErrorChecker.cpp.o
[751/2285] Building CXX object tools/clang/lib/StaticAnalyzer/Checkers/CMakeFiles/obj.clangStaticAnalyzerCheckers.dir/MallocOverflowSecurityChecker.cpp.o
[752/2285] Building CXX object tools/clang/lib/StaticAnalyzer/Checkers/CMakeFiles/obj.clangStaticAnalyzerCheckers.dir/MismatchedIteratorChecker.cpp.o
[753/2285] Building CXX object tools/clang/lib/StaticAnalyzer/Checkers/CMakeFiles/obj.clangStaticAnalyzerCheckers.dir/MallocSizeofChecker.cpp.o
[754/2285] Building CXX object tools/clang/lib/StaticAnalyzer/Checkers/CMakeFiles/obj.clangStaticAnalyzerCheckers.dir/MmapWriteExecChecker.cpp.o
[755/2285] Building CXX object tools/clang/lib/StaticAnalyzer/Checkers/CMakeFiles/obj.clangStaticAnalyzerCheckers.dir/NoReturnFunctionChecker.cpp.o
[756/2285] Building CXX object tools/clang/lib/StaticAnalyzer/Checkers/CMakeFiles/obj.clangStaticAnalyzerCheckers.dir/NonNullParamChecker.cpp.o
[757/2285] Building CXX object tools/clang/lib/StaticAnalyzer/Checkers/CMakeFiles/obj.clangStaticAnalyzerCheckers.dir/NonnullGlobalConstantsChecker.cpp.o
[758/2285] Building CXX object tools/clang/lib/StaticAnalyzer/Checkers/CMakeFiles/obj.clangStaticAnalyzerCheckers.dir/MIGChecker.cpp.o
[759/2285] Building CXX object tools/clang/lib/StaticAnalyzer/Checkers/CMakeFiles/obj.clangStaticAnalyzerCheckers.dir/MoveChecker.cpp.o
[760/2285] Building CXX object tools/clang/lib/StaticAnalyzer/Checkers/CMakeFiles/obj.clangStaticAnalyzerCheckers.dir/MPI-Checker/MPIFunctionClassifier.cpp.o
[761/2285] Building CXX object tools/clang/lib/StaticAnalyzer/Checkers/CMakeFiles/obj.clangStaticAnalyzerCheckers.dir/NSAutoreleasePoolChecker.cpp.o
[762/2285] Building CXX object tools/clang/lib/StaticAnalyzer/Checkers/CMakeFiles/obj.clangStaticAnalyzerCheckers.dir/MPI-Checker/MPIChecker.cpp.o
[763/2285] Building CXX object tools/clang/lib/StaticAnalyzer/Checkers/CMakeFiles/obj.clangStaticAnalyzerCheckers.dir/ObjCAtSyncChecker.cpp.o
[764/2285] Building CXX object tools/clang/lib/StaticAnalyzer/Checkers/CMakeFiles/obj.clangStaticAnalyzerCheckers.dir/IdenticalExprChecker.cpp.o
[765/2285] Building CXX object tools/clang/lib/StaticAnalyzer/Checkers/CMakeFiles/obj.clangStaticAnalyzerCheckers.dir/NoOwnershipChangeVisitor.cpp.o
[766/2285] Building CXX object tools/clang/lib/StaticAnalyzer/Checkers/CMakeFiles/obj.clangStaticAnalyzerCheckers.dir/MallocChecker.cpp.o
[767/2285] Building CXX object tools/clang/lib/StaticAnalyzer/Checkers/CMakeFiles/obj.clangStaticAnalyzerCheckers.dir/ObjCContainersASTChecker.cpp.o
[768/2285] Building CXX object tools/clang/lib/StaticAnalyzer/Checkers/CMakeFiles/obj.clangStaticAnalyzerCheckers.dir/NumberObjectConversionChecker.cpp.o
[769/2285] Building CXX object tools/clang/lib/StaticAnalyzer/Checkers/CMakeFiles/obj.clangStaticAnalyzerCheckers.dir/NullabilityChecker.cpp.o
[770/2285] Building CXX object tools/clang/lib/StaticAnalyzer/Checkers/CMakeFiles/obj.clangStaticAnalyzerCheckers.dir/ObjCUnusedIVarsChecker.cpp.o
[771/2285] Building CXX object tools/clang/lib/StaticAnalyzer/Checkers/CMakeFiles/obj.clangStaticAnalyzerCheckers.dir/ObjCPropertyChecker.cpp.o
[772/2285] Building CXX object tools/clang/lib/StaticAnalyzer/Checkers/CMakeFiles/obj.clangStaticAnalyzerCheckers.dir/ObjCSelfInitChecker.cpp.o
[773/2285] Building CXX object tools/clang/lib/StaticAnalyzer/Checkers/CMakeFiles/obj.clangStaticAnalyzerCheckers.dir/ObjCContainersChecker.cpp.o
[774/2285] Building CXX object tools/clang/lib/StaticAnalyzer/Checkers/CMakeFiles/obj.clangStaticAnalyzerCheckers.dir/ObjCAutoreleaseWriteChecker.cpp.o
[775/2285] Building CXX object tools/clang/lib/StaticAnalyzer/Checkers/CMakeFiles/obj.clangStaticAnalyzerCheckers.dir/PutenvStackArrayChecker.cpp.o
[776/2285] Building CXX object tools/clang/lib/StaticAnalyzer/Checkers/CMakeFiles/obj.clangStaticAnalyzerCheckers.dir/LocalizationChecker.cpp.o
[777/2285] Building CXX object tools/clang/lib/StaticAnalyzer/Checkers/CMakeFiles/obj.clangStaticAnalyzerCheckers.dir/OSObjectCStyleCast.cpp.o
[778/2285] Building CXX object tools/clang/lib/StaticAnalyzer/Checkers/CMakeFiles/obj.clangStaticAnalyzerCheckers.dir/ObjCSuperDeallocChecker.cpp.o
[779/2285] Building CXX object tools/clang/lib/StaticAnalyzer/Checkers/CMakeFiles/obj.clangStaticAnalyzerCheckers.dir/RetainCountChecker/RetainCountChecker.cpp.o
[780/2285] Building CXX object tools/clang/lib/StaticAnalyzer/Checkers/CMakeFiles/obj.clangStaticAnalyzerCheckers.dir/ReturnUndefChecker.cpp.o
[781/2285] Building CXX object tools/clang/lib/StaticAnalyzer/Checkers/CMakeFiles/obj.clangStaticAnalyzerCheckers.dir/PointerArithChecker.cpp.o
[782/2285] Building CXX object tools/clang/lib/StaticAnalyzer/Checkers/CMakeFiles/obj.clangStaticAnalyzerCheckers.dir/PointerSubChecker.cpp.o
[783/2285] Building CXX object tools/clang/lib/StaticAnalyzer/Checkers/CMakeFiles/obj.clangStaticAnalyzerCheckers.dir/ReturnValueChecker.cpp.o
[784/2285] Building CXX object tools/clang/lib/StaticAnalyzer/Checkers/CMakeFiles/obj.clangStaticAnalyzerCheckers.dir/ReturnPointerRangeChecker.cpp.o
[785/2285] Building CXX object tools/clang/lib/StaticAnalyzer/Checkers/CMakeFiles/obj.clangStaticAnalyzerCheckers.dir/PthreadLockChecker.cpp.o
[786/2285] Building CXX object tools/clang/lib/StaticAnalyzer/Checkers/CMakeFiles/obj.clangStaticAnalyzerCheckers.dir/RetainCountChecker/RetainCountDiagnostics.cpp.o
[787/2285] Building CXX object tools/clang/lib/StaticAnalyzer/Checkers/CMakeFiles/obj.clangStaticAnalyzerCheckers.dir/StackAddrEscapeChecker.cpp.o
[788/2285] Building CXX object tools/clang/lib/StaticAnalyzer/Checkers/CMakeFiles/obj.clangStaticAnalyzerCheckers.dir/SimpleStreamChecker.cpp.o
[789/2285] Building CXX object tools/clang/lib/StaticAnalyzer/Checkers/CMakeFiles/obj.clangStaticAnalyzerCheckers.dir/SetgidSetuidOrderChecker.cpp.o
[790/2285] Building CXX object tools/clang/lib/StaticAnalyzer/Checkers/CMakeFiles/obj.clangStaticAnalyzerCheckers.dir/PointerIterationChecker.cpp.o
[791/2285] Building CXX object tools/clang/lib/StaticAnalyzer/Checkers/CMakeFiles/obj.clangStaticAnalyzerCheckers.dir/STLAlgorithmModeling.cpp.o
[792/2285] Building CXX object tools/clang/lib/StaticAnalyzer/Checkers/CMakeFiles/obj.clangStaticAnalyzerCheckers.dir/PointerSortingChecker.cpp.o
[793/2285] Building CXX object tools/clang/lib/StaticAnalyzer/Checkers/CMakeFiles/obj.clangStaticAnalyzerCheckers.dir/StringChecker.cpp.o
[794/2285] Building CXX object tools/clang/lib/StaticAnalyzer/Checkers/CMakeFiles/obj.clangStaticAnalyzerCheckers.dir/SmartPtrChecker.cpp.o
[795/2285] Building CXX object tools/clang/lib/StaticAnalyzer/Checkers/CMakeFiles/obj.clangStaticAnalyzerCheckers.dir/RunLoopAutoreleaseLeakChecker.cpp.o
[796/2285] Building CXX object tools/clang/lib/StaticAnalyzer/Checkers/CMakeFiles/obj.clangStaticAnalyzerCheckers.dir/SmartPtrModeling.cpp.o
[797/2285] Building CXX object tools/clang/lib/StaticAnalyzer/Checkers/CMakeFiles/obj.clangStaticAnalyzerCheckers.dir/TaintTesterChecker.cpp.o
[798/2285] Building CXX object tools/clang/lib/StaticAnalyzer/Checkers/CMakeFiles/obj.clangStaticAnalyzerCheckers.dir/StdVariantChecker.cpp.o
[799/2285] Building CXX object tools/clang/lib/StaticAnalyzer/Checkers/CMakeFiles/obj.clangStaticAnalyzerCheckers.dir/TestAfterDivZeroChecker.cpp.o
[800/2285] Building CXX object tools/clang/lib/StaticAnalyzer/Checkers/CMakeFiles/obj.clangStaticAnalyzerCheckers.dir/TrustReturnsNonnullChecker.cpp.o
[801/2285] Building CXX object tools/clang/lib/StaticAnalyzer/Checkers/CMakeFiles/obj.clangStaticAnalyzerCheckers.dir/Taint.cpp.o
[802/2285] Building CXX object tools/clang/lib/StaticAnalyzer/Checkers/CMakeFiles/obj.clangStaticAnalyzerCheckers.dir/TraversalChecker.cpp.o
[803/2285] Building CXX object tools/clang/lib/StaticAnalyzer/Checkers/CMakeFiles/obj.clangStaticAnalyzerCheckers.dir/PaddingChecker.cpp.o
[804/2285] Building CXX object tools/clang/lib/StaticAnalyzer/Checkers/CMakeFiles/obj.clangStaticAnalyzerCheckers.dir/TrustNonnullChecker.cpp.o
[805/2285] Building CXX object tools/clang/lib/StaticAnalyzer/Checkers/CMakeFiles/obj.clangStaticAnalyzerCheckers.dir/ObjCMissingSuperCallChecker.cpp.o
[806/2285] Building CXX object tools/clang/lib/StaticAnalyzer/Checkers/CMakeFiles/obj.clangStaticAnalyzerCheckers.dir/UndefBranchChecker.cpp.o
[807/2285] Building CXX object tools/clang/lib/StaticAnalyzer/Checkers/CMakeFiles/obj.clangStaticAnalyzerCheckers.dir/UndefinedAssignmentChecker.cpp.o
[808/2285] Building CXX object tools/clang/lib/StaticAnalyzer/Checkers/CMakeFiles/obj.clangStaticAnalyzerCheckers.dir/UndefCapturedBlockVarChecker.cpp.o
[809/2285] Building CXX object tools/clang/lib/StaticAnalyzer/Checkers/CMakeFiles/obj.clangStaticAnalyzerCheckers.dir/UndefinedArraySubscriptChecker.cpp.o
[810/2285] Building CXX object tools/clang/lib/StaticAnalyzer/Checkers/CMakeFiles/obj.clangStaticAnalyzerCheckers.dir/UnixAPIChecker.cpp.o
[811/2285] Building CXX object tools/clang/lib/StaticAnalyzer/Checkers/CMakeFiles/obj.clangStaticAnalyzerCheckers.dir/UndefinedNewArraySizeChecker.cpp.o
[812/2285] Building CXX object tools/clang/lib/StaticAnalyzer/Checkers/CMakeFiles/obj.clangStaticAnalyzerCheckers.dir/UndefResultChecker.cpp.o
[813/2285] Building CXX object tools/clang/lib/StaticAnalyzer/Checkers/CMakeFiles/obj.clangStaticAnalyzerCheckers.dir/WebKit/ASTUtils.cpp.o
[814/2285] Building CXX object tools/clang/lib/StaticAnalyzer/Checkers/CMakeFiles/obj.clangStaticAnalyzerCheckers.dir/UnreachableCodeChecker.cpp.o
[815/2285] Building CXX object tools/clang/lib/StaticAnalyzer/Checkers/CMakeFiles/obj.clangStaticAnalyzerCheckers.dir/UninitializedObject/UninitializedPointee.cpp.o
[816/2285] Building CXX object tools/clang/lib/StaticAnalyzer/Frontend/CMakeFiles/obj.clangStaticAnalyzerFrontend.dir/ModelConsumer.cpp.o
[817/2285] Building CXX object tools/clang/lib/StaticAnalyzer/Checkers/CMakeFiles/obj.clangStaticAnalyzerCheckers.dir/VLASizeChecker.cpp.o
[818/2285] Building CXX object tools/clang/lib/StaticAnalyzer/Checkers/CMakeFiles/obj.clangStaticAnalyzerCheckers.dir/WebKit/PtrTypesSemantics.cpp.o
[819/2285] Building CXX object tools/clang/lib/StaticAnalyzer/Checkers/CMakeFiles/obj.clangStaticAnalyzerCheckers.dir/VforkChecker.cpp.o
[820/2285] Building CXX object tools/clang/lib/Format/CMakeFiles/obj.clangFormat.dir/AffectedRangeManager.cpp.o
[821/2285] Building CXX object tools/clang/lib/StaticAnalyzer/Checkers/CMakeFiles/obj.clangStaticAnalyzerCheckers.dir/StdLibraryFunctionsChecker.cpp.o
[822/2285] Building CXX object tools/clang/lib/Format/CMakeFiles/obj.clangFormat.dir/FormatToken.cpp.o
[823/2285] Building CXX object tools/clang/lib/StaticAnalyzer/Checkers/CMakeFiles/obj.clangStaticAnalyzerCheckers.dir/UninitializedObject/UninitializedObjectChecker.cpp.o
[824/2285] Building CXX object tools/clang/lib/Format/CMakeFiles/obj.clangFormat.dir/MatchFilePath.cpp.o
[825/2285] Building CXX object tools/clang/lib/StaticAnalyzer/Checkers/CMakeFiles/obj.clangStaticAnalyzerCheckers.dir/ValistChecker.cpp.o
[826/2285] Building CXX object tools/clang/lib/StaticAnalyzer/Frontend/CMakeFiles/obj.clangStaticAnalyzerFrontend.dir/CreateCheckerManager.cpp.o
[827/2285] Building CXX object tools/clang/lib/StaticAnalyzer/Checkers/CMakeFiles/obj.clangStaticAnalyzerCheckers.dir/StreamChecker.cpp.o
[828/2285] Building CXX object tools/clang/lib/Format/CMakeFiles/obj.clangFormat.dir/BreakableToken.cpp.o
[829/2285] Building CXX object tools/clang/lib/StaticAnalyzer/Checkers/CMakeFiles/obj.clangStaticAnalyzerCheckers.dir/VirtualCallChecker.cpp.o
[830/2285] Building CXX object tools/clang/lib/Format/CMakeFiles/obj.clangFormat.dir/FormatTokenLexer.cpp.o
[831/2285] Building CXX object tools/clang/lib/StaticAnalyzer/Frontend/CMakeFiles/obj.clangStaticAnalyzerFrontend.dir/FrontendActions.cpp.o
[832/2285] Building CXX object tools/clang/lib/Format/CMakeFiles/obj.clangFormat.dir/ContinuationIndenter.cpp.o
[833/2285] Building CXX object tools/clang/lib/Format/CMakeFiles/obj.clangFormat.dir/DefinitionBlockSeparator.cpp.o
[834/2285] Building CXX object tools/clang/lib/Format/CMakeFiles/obj.clangFormat.dir/IntegerLiteralSeparatorFixer.cpp.o
[835/2285] Building CXX object tools/clang/lib/Format/CMakeFiles/obj.clangFormat.dir/MacroCallReconstructor.cpp.o
[836/2285] Building CXX object tools/clang/lib/StaticAnalyzer/Frontend/CMakeFiles/obj.clangStaticAnalyzerFrontend.dir/AnalyzerHelpFlags.cpp.o
[837/2285] Building CXX object tools/clang/lib/StaticAnalyzer/Frontend/CMakeFiles/obj.clangStaticAnalyzerFrontend.dir/CheckerRegistry.cpp.o
[838/2285] Building CXX object tools/clang/lib/Format/CMakeFiles/obj.clangFormat.dir/ObjCPropertyAttributeOrderFixer.cpp.o
[839/2285] Building CXX object tools/clang/lib/Format/CMakeFiles/obj.clangFormat.dir/NamespaceEndCommentsFixer.cpp.o
[840/2285] Building CXX object tools/clang/lib/Format/CMakeFiles/obj.clangFormat.dir/MacroExpander.cpp.o
[841/2285] Building CXX object tools/clang/lib/Format/CMakeFiles/obj.clangFormat.dir/TokenAnalyzer.cpp.o
[842/2285] Building CXX object tools/clang/lib/Format/CMakeFiles/obj.clangFormat.dir/UsingDeclarationsSorter.cpp.o
[843/2285] Building CXX object tools/clang/lib/Format/CMakeFiles/obj.clangFormat.dir/UnwrappedLineFormatter.cpp.o
[844/2285] Building CXX object tools/clang/lib/Format/CMakeFiles/obj.clangFormat.dir/QualifierAlignmentFixer.cpp.o
[845/2285] Building CXX object tools/clang/lib/Format/CMakeFiles/obj.clangFormat.dir/TokenAnnotator.cpp.o
[846/2285] Building CXX object tools/clang/lib/Format/CMakeFiles/obj.clangFormat.dir/WhitespaceManager.cpp.o
[847/2285] Building CXX object tools/clang/lib/StaticAnalyzer/Frontend/CMakeFiles/obj.clangStaticAnalyzerFrontend.dir/ModelInjector.cpp.o
[848/2285] Building CXX object tools/clang/lib/Format/CMakeFiles/obj.clangFormat.dir/SortJavaScriptImports.cpp.o
[849/2285] Building CXX object tools/clang/lib/Format/CMakeFiles/obj.clangFormat.dir/UnwrappedLineParser.cpp.o
[850/2285] Building CXX object tools/clang/lib/Format/CMakeFiles/obj.clangFormat.dir/Format.cpp.o
[851/2285] Building CXX object tools/clang/lib/StaticAnalyzer/Checkers/CMakeFiles/obj.clangStaticAnalyzerCheckers.dir/WebKit/NoUncountedMembersChecker.cpp.o
[852/2285] Building CXX object tools/clang/lib/StaticAnalyzer/Checkers/CMakeFiles/obj.clangStaticAnalyzerCheckers.dir/WebKit/UncountedCallArgsChecker.cpp.o
[853/2285] Building CXX object tools/clang/lib/StaticAnalyzer/Checkers/CMakeFiles/obj.clangStaticAnalyzerCheckers.dir/WebKit/UncountedLambdaCapturesChecker.cpp.o
[854/2285] Building CXX object tools/clang/lib/StaticAnalyzer/Checkers/CMakeFiles/obj.clangStaticAnalyzerCheckers.dir/WebKit/UncountedLocalVarsChecker.cpp.o
[855/2285] Building CXX object tools/clang/lib/StaticAnalyzer/Checkers/CMakeFiles/obj.clangStaticAnalyzerCheckers.dir/WebKit/RefCntblBaseVirtualDtorChecker.cpp.o
[856/2285] Building CXX object tools/clang/lib/StaticAnalyzer/Frontend/CMakeFiles/obj.clangStaticAnalyzerFrontend.dir/AnalysisConsumer.cpp.o
ninja: build stopped: cannot make progress due to previous errors.
