ninja: Entering directory `build/int-19'
[1/1452] Generating VCSRevision.h
[2/1452] Generating VCSVersion.inc
[3/1452] Building CXX object tools/clang/lib/Basic/CMakeFiles/obj.clangBasic.dir/Version.cpp.o
[4/1452] Building RISCVGenMCPseudoLowering.inc...
[5/1452] Building RISCVGenRegisterBank.inc...
[6/1452] Building RISCVGenCompressInstEmitter.inc...
[7/1452] Building RISCVGenMCCodeEmitter.inc...
[8/1452] Building RISCVGenMacroFusion.inc...
[9/1452] Building RISCVGenRegisterInfo.inc...
[10/1452] Building RISCVGenPostLegalizeGICombiner.inc...
[11/1452] Building RISCVGenO0PreLegalizeGICombiner.inc...
[12/1452] Building RISCVGenPreLegalizeGICombiner.inc...
[13/1452] Building RISCVGenDisassemblerTables.inc...
[14/1452] Building RISCVTargetParserDef.inc...
[15/1452] Building RISCVGenAsmMatcher.inc...
[16/1452] Building CXX object tools/clang/lib/Driver/CMakeFiles/obj.clangDriver.dir/ToolChains/Arch/RISCV.cpp.o
FAILED: tools/clang/lib/Driver/CMakeFiles/obj.clangDriver.dir/ToolChains/Arch/RISCV.cpp.o 
ccache /usr/bin/clang++ -DGTEST_HAS_RTTI=0 -D_DEBUG -D_GLIBCXX_ASSERTIONS -D_GNU_SOURCE -D__STDC_CONSTANT_MACROS -D__STDC_FORMAT_MACROS -D__STDC_LIMIT_MACROS -I/home/ubuntu/llvm-project/pulp-llvm-port/build/int-19/tools/clang/lib/Driver -I/home/ubuntu/llvm-project/pulp-llvm-port/wt/int-19/clang/lib/Driver -I/home/ubuntu/llvm-project/pulp-llvm-port/wt/int-19/clang/include -I/home/ubuntu/llvm-project/pulp-llvm-port/build/int-19/tools/clang/include -I/home/ubuntu/llvm-project/pulp-llvm-port/build/int-19/include -I/home/ubuntu/llvm-project/pulp-llvm-port/wt/int-19/llvm/include -fPIC -fno-semantic-interposition -fvisibility-inlines-hidden -Werror=date-time -Werror=unguarded-availability-new -Wall -Wextra -Wno-unused-parameter -Wwrite-strings -Wcast-qual -Wmissing-field-initializers -pedantic -Wno-long-long -Wc++98-compat-extra-semi -Wimplicit-fallthrough -Wcovered-switch-default -Wno-noexcept-type -Wnon-virtual-dtor -Wdelete-non-virtual-dtor -Wsuggest-override -Wstring-conversion -Wmisleading-indentation -Wctad-maybe-unsupported -fdiagnostics-color -ffunction-sections -fdata-sections -fno-common -Woverloaded-virtual -Wno-nested-anon-types -O3 -DNDEBUG -std=c++17  -fno-exceptions -funwind-tables -fno-rtti -UNDEBUG -MD -MT tools/clang/lib/Driver/CMakeFiles/obj.clangDriver.dir/ToolChains/Arch/RISCV.cpp.o -MF tools/clang/lib/Driver/CMakeFiles/obj.clangDriver.dir/ToolChains/Arch/RISCV.cpp.o.d -o tools/clang/lib/Driver/CMakeFiles/obj.clangDriver.dir/ToolChains/Arch/RISCV.cpp.o -c /home/ubuntu/llvm-project/pulp-llvm-port/wt/int-19/clang/lib/Driver/ToolChains/Arch/RISCV.cpp
../../wt/int-19/clang/lib/Driver/ToolChains/Arch/RISCV.cpp:222:49: error: no member named 'equals' in 'llvm::StringRef'
  222 |                                     return feat.equals("+fdiv") ||
      |                                            ~~~~ ^
../../wt/int-19/clang/lib/Driver/ToolChains/Arch/RISCV.cpp:223:49: error: no member named 'equals' in 'llvm::StringRef'
  223 |                                            feat.equals("-fdiv");
      |                                            ~~~~ ^
2 errors generated.
[17/1452] Building RISCVGenAsmWriter.inc...
[18/1452] Building CXX object lib/IR/CMakeFiles/LLVMCore.dir/BuiltinGCs.cpp.o
[19/1452] Building RISCVGenSubtargetInfo.inc...
FAILED: lib/Target/RISCV/RISCVGenSubtargetInfo.inc /home/ubuntu/llvm-project/pulp-llvm-port/build/int-19/lib/Target/RISCV/RISCVGenSubtargetInfo.inc 
cd /home/ubuntu/llvm-project/pulp-llvm-port/build/int-19 && /home/ubuntu/llvm-project/pulp-llvm-port/build/int-19/bin/llvm-tblgen -gen-subtarget -I /home/ubuntu/llvm-project/pulp-llvm-port/wt/int-19/llvm/lib/Target/RISCV -I/home/ubuntu/llvm-project/pulp-llvm-port/build/int-19/include -I/home/ubuntu/llvm-project/pulp-llvm-port/wt/int-19/llvm/include -I /home/ubuntu/llvm-project/pulp-llvm-port/wt/int-19/llvm/lib/Target /home/ubuntu/llvm-project/pulp-llvm-port/wt/int-19/llvm/lib/Target/RISCV/RISCV.td --write-if-changed -o lib/Target/RISCV/RISCVGenSubtargetInfo.inc -d lib/Target/RISCV/RISCVGenSubtargetInfo.inc.d
Included from /home/ubuntu/llvm-project/pulp-llvm-port/wt/int-19/llvm/lib/Target/RISCV/RISCV.td:56:
/home/ubuntu/llvm-project/pulp-llvm-port/wt/int-19/llvm/lib/Target/RISCV/RISCVSchedMempool.td:15:5: error: Processor does not define resources for WriteVAESMVV_M1
def MempoolModel : SchedMachineModel {
    ^
[20/1452] Building RISCVGenSearchableTables.inc...
[21/1452] Building CXX object lib/IR/CMakeFiles/LLVMCore.dir/Assumptions.cpp.o
[22/1452] Building CXX object lib/IR/CMakeFiles/LLVMCore.dir/ConstantRangeList.cpp.o
[23/1452] Building CXX object lib/IR/CMakeFiles/LLVMCore.dir/Comdat.cpp.o
[24/1452] Building CXX object lib/IR/CMakeFiles/LLVMCore.dir/AbstractCallSite.cpp.o
[25/1452] Building CXX object lib/IR/CMakeFiles/LLVMCore.dir/DiagnosticHandler.cpp.o
[26/1452] Building CXX object lib/IR/CMakeFiles/LLVMCore.dir/CycleInfo.cpp.o
[27/1452] Building CXX object lib/IR/CMakeFiles/LLVMCore.dir/DataLayout.cpp.o
[28/1452] Building CXX object lib/IR/CMakeFiles/LLVMCore.dir/ConstantRange.cpp.o
[29/1452] Building CXX object lib/IR/CMakeFiles/LLVMCore.dir/DiagnosticPrinter.cpp.o
[30/1452] Building CXX object lib/IR/CMakeFiles/LLVMCore.dir/ConstantFold.cpp.o
[31/1452] Building CXX object lib/IR/CMakeFiles/LLVMCore.dir/DIExpressionOptimizer.cpp.o
[32/1452] Building CXX object lib/IR/CMakeFiles/LLVMCore.dir/ConvergenceVerifier.cpp.o
[33/1452] Building CXX object lib/IR/CMakeFiles/LLVMCore.dir/GVMaterializer.cpp.o
[34/1452] Building CXX object lib/IR/CMakeFiles/LLVMCore.dir/DebugProgramInstruction.cpp.o
[35/1452] Building CXX object lib/IR/CMakeFiles/LLVMCore.dir/GCStrategy.cpp.o
[36/1452] Building CXX object lib/IR/CMakeFiles/LLVMCore.dir/DebugLoc.cpp.o
[37/1452] Building CXX object lib/IR/CMakeFiles/LLVMCore.dir/BasicBlock.cpp.o
[38/1452] Building CXX object lib/IR/CMakeFiles/LLVMCore.dir/EHPersonalities.cpp.o
[39/1452] Building CXX object lib/IR/CMakeFiles/LLVMCore.dir/DIBuilder.cpp.o
[40/1452] Building CXX object lib/IR/CMakeFiles/LLVMCore.dir/DiagnosticInfo.cpp.o
[41/1452] Building CXX object lib/IR/CMakeFiles/LLVMCore.dir/Attributes.cpp.o
[42/1452] Building CXX object lib/IR/CMakeFiles/LLVMCore.dir/IRPrintingPasses.cpp.o
[43/1452] Building CXX object lib/IR/CMakeFiles/LLVMCore.dir/SSAContext.cpp.o
[44/1452] Building CXX object lib/IR/CMakeFiles/LLVMCore.dir/FPEnv.cpp.o
[45/1452] Building CXX object lib/IR/CMakeFiles/LLVMCore.dir/Core.cpp.o
[46/1452] Building CXX object lib/IR/CMakeFiles/LLVMCore.dir/DebugInfo.cpp.o
[47/1452] Building CXX object lib/IR/CMakeFiles/LLVMCore.dir/Globals.cpp.o
[48/1452] Building CXX object lib/IR/CMakeFiles/LLVMCore.dir/MDBuilder.cpp.o
[49/1452] Building CXX object tools/clang/lib/Parse/CMakeFiles/obj.clangParse.dir/ParsePragma.cpp.o
FAILED: tools/clang/lib/Parse/CMakeFiles/obj.clangParse.dir/ParsePragma.cpp.o 
ccache /usr/bin/clang++ -DGTEST_HAS_RTTI=0 -D_DEBUG -D_GLIBCXX_ASSERTIONS -D_GNU_SOURCE -D__STDC_CONSTANT_MACROS -D__STDC_FORMAT_MACROS -D__STDC_LIMIT_MACROS -I/home/ubuntu/llvm-project/pulp-llvm-port/build/int-19/tools/clang/lib/Parse -I/home/ubuntu/llvm-project/pulp-llvm-port/wt/int-19/clang/lib/Parse -I/home/ubuntu/llvm-project/pulp-llvm-port/wt/int-19/clang/include -I/home/ubuntu/llvm-project/pulp-llvm-port/build/int-19/tools/clang/include -I/home/ubuntu/llvm-project/pulp-llvm-port/build/int-19/include -I/home/ubuntu/llvm-project/pulp-llvm-port/wt/int-19/llvm/include -fPIC -fno-semantic-interposition -fvisibility-inlines-hidden -Werror=date-time -Werror=unguarded-availability-new -Wall -Wextra -Wno-unused-parameter -Wwrite-strings -Wcast-qual -Wmissing-field-initializers -pedantic -Wno-long-long -Wc++98-compat-extra-semi -Wimplicit-fallthrough -Wcovered-switch-default -Wno-noexcept-type -Wnon-virtual-dtor -Wdelete-non-virtual-dtor -Wsuggest-override -Wstring-conversion -Wmisleading-indentation -Wctad-maybe-unsupported -fdiagnostics-color -ffunction-sections -fdata-sections -fno-common -Woverloaded-virtual -Wno-nested-anon-types -O3 -DNDEBUG -std=c++17  -fno-exceptions -funwind-tables -fno-rtti -UNDEBUG -MD -MT tools/clang/lib/Parse/CMakeFiles/obj.clangParse.dir/ParsePragma.cpp.o -MF tools/clang/lib/Parse/CMakeFiles/obj.clangParse.dir/ParsePragma.cpp.o.d -o tools/clang/lib/Parse/CMakeFiles/obj.clangParse.dir/ParsePragma.cpp.o -c /home/ubuntu/llvm-project/pulp-llvm-port/wt/int-19/clang/lib/Parse/ParsePragma.cpp
../../wt/int-19/clang/lib/Parse/ParsePragma.cpp:1647:21: error: no member named 'makeArrayRef' in namespace 'llvm'
 1647 |   Info.Toks = llvm::makeArrayRef(ValueList).copy(PP.getPreprocessorAllocator());
      |               ~~~~~~^
1 error generated.
[50/1452] Building CXX object lib/IR/CMakeFiles/LLVMCore.dir/InlineAsm.cpp.o
[51/1452] Building CXX object lib/IR/CMakeFiles/LLVMCore.dir/Constants.cpp.o
[52/1452] Building CXX object lib/IR/CMakeFiles/LLVMCore.dir/LLVMRemarkStreamer.cpp.o
[53/1452] Building CXX object lib/IR/CMakeFiles/LLVMCore.dir/MemoryModelRelaxationAnnotations.cpp.o
[54/1452] Building CXX object lib/IR/CMakeFiles/LLVMCore.dir/IRBuilder.cpp.o
[55/1452] Building CXX object lib/IR/CMakeFiles/LLVMCore.dir/AutoUpgrade.cpp.o
[56/1452] Building CXX object lib/IR/CMakeFiles/LLVMCore.dir/Mangler.cpp.o
[57/1452] Building CXX object lib/IR/CMakeFiles/LLVMCore.dir/Instruction.cpp.o
[58/1452] Building CXX object lib/IR/CMakeFiles/LLVMCore.dir/IntrinsicInst.cpp.o
[59/1452] Building CXX object lib/IR/CMakeFiles/LLVMCore.dir/PassInstrumentation.cpp.o
[60/1452] Building CXX object lib/IR/CMakeFiles/LLVMCore.dir/LLVMContext.cpp.o
[61/1452] Building CXX object lib/IR/CMakeFiles/LLVMCore.dir/OptBisect.cpp.o
[62/1452] Building CXX object lib/IR/CMakeFiles/LLVMCore.dir/AsmWriter.cpp.o
[63/1452] Building CXX object lib/IR/CMakeFiles/LLVMCore.dir/DebugInfoMetadata.cpp.o
[64/1452] Building CXX object lib/IR/CMakeFiles/LLVMCore.dir/Function.cpp.o
[65/1452] Building CXX object lib/IR/CMakeFiles/LLVMCore.dir/PassRegistry.cpp.o
[66/1452] Building CXX object lib/IR/CMakeFiles/LLVMCore.dir/Pass.cpp.o
[67/1452] Building CXX object lib/IR/CMakeFiles/LLVMCore.dir/Operator.cpp.o
[68/1452] Building CXX object lib/IR/CMakeFiles/LLVMCore.dir/LegacyPassManager.cpp.o
[69/1452] Building CXX object lib/IR/CMakeFiles/LLVMCore.dir/PrintPasses.cpp.o
[70/1452] Building CXX object lib/IR/CMakeFiles/LLVMCore.dir/PassTimingInfo.cpp.o
[71/1452] Building CXX object lib/IR/CMakeFiles/LLVMCore.dir/ProfileSummary.cpp.o
[72/1452] Building CXX object lib/IR/CMakeFiles/LLVMCore.dir/ProfDataUtils.cpp.o
[73/1452] Building CXX object lib/IR/CMakeFiles/LLVMCore.dir/Instructions.cpp.o
[74/1452] Building CXX object lib/IR/CMakeFiles/LLVMCore.dir/Use.cpp.o
[75/1452] Building CXX object lib/IR/CMakeFiles/LLVMCore.dir/ReplaceConstant.cpp.o
[76/1452] Building CXX object lib/IR/CMakeFiles/LLVMCore.dir/PassManager.cpp.o
[77/1452] Building CXX object lib/IR/CMakeFiles/LLVMCore.dir/RuntimeLibcalls.cpp.o
[78/1452] Building CXX object lib/IR/CMakeFiles/LLVMCore.dir/Dominators.cpp.o
[79/1452] Building CXX object lib/IR/CMakeFiles/LLVMCore.dir/Statepoint.cpp.o
[80/1452] Building CXX object lib/IR/CMakeFiles/LLVMCore.dir/StructuralHash.cpp.o
[81/1452] Building CXX object lib/IR/CMakeFiles/LLVMCore.dir/Module.cpp.o
[82/1452] Building CXX object lib/IR/CMakeFiles/LLVMCore.dir/PseudoProbe.cpp.o
[83/1452] Building CXX object lib/IR/CMakeFiles/LLVMCore.dir/ValueSymbolTable.cpp.o
[84/1452] Building CXX object lib/IR/CMakeFiles/LLVMCore.dir/TypeFinder.cpp.o
[85/1452] Building CXX object lib/IR/CMakeFiles/LLVMCore.dir/User.cpp.o
[86/1452] Building CXX object lib/IR/CMakeFiles/LLVMCore.dir/TypedPointerType.cpp.o
[87/1452] Building CXX object lib/IR/CMakeFiles/LLVMCore.dir/ModuleSummaryIndex.cpp.o
[88/1452] Building CXX object lib/IR/CMakeFiles/LLVMCore.dir/VectorBuilder.cpp.o
[89/1452] Building CXX object lib/IRPrinter/CMakeFiles/LLVMIRPrinter.dir/IRPrintingPasses.cpp.o
[90/1452] Building CXX object lib/IR/CMakeFiles/LLVMCore.dir/SafepointIRVerifier.cpp.o
[91/1452] Building CXX object lib/IR/CMakeFiles/LLVMCore.dir/VFABIDemangler.cpp.o
[92/1452] Building CXX object lib/IRReader/CMakeFiles/LLVMIRReader.dir/IRReader.cpp.o
[93/1452] Building CXX object lib/IR/CMakeFiles/LLVMCore.dir/Type.cpp.o
[94/1452] Building CXX object lib/IR/CMakeFiles/LLVMCore.dir/LLVMContextImpl.cpp.o
[95/1452] Building CXX object lib/CodeGen/CMakeFiles/LLVMCodeGen.dir/AllocationOrder.cpp.o
[96/1452] Building CXX object lib/CodeGen/CMakeFiles/LLVMCodeGen.dir/CodeGen.cpp.o
[97/1452] Building CXX object lib/IR/CMakeFiles/LLVMCore.dir/Value.cpp.o
[98/1452] Building CXX object lib/CodeGen/CMakeFiles/LLVMCodeGen.dir/BasicBlockSections.cpp.o
[99/1452] Building CXX object lib/CodeGen/CMakeFiles/LLVMCodeGen.dir/BreakFalseDeps.cpp.o
[100/1452] Building CXX object lib/CodeGen/CMakeFiles/LLVMCodeGen.dir/BranchRelaxation.cpp.o
[101/1452] Building CXX object lib/CodeGen/CMakeFiles/LLVMCodeGen.dir/CFGuardLongjmp.cpp.o
[102/1452] Building CXX object lib/CodeGen/CMakeFiles/LLVMCodeGen.dir/CallBrPrepare.cpp.o
[103/1452] Building CXX object lib/CodeGen/CMakeFiles/LLVMCodeGen.dir/CalcSpillWeights.cpp.o
[104/1452] Building CXX object lib/CodeGen/CMakeFiles/LLVMCodeGen.dir/BasicBlockPathCloning.cpp.o
[105/1452] Building CXX object lib/CodeGen/CMakeFiles/LLVMCodeGen.dir/AggressiveAntiDepBreaker.cpp.o
[106/1452] Building CXX object lib/CodeGen/CMakeFiles/LLVMCodeGen.dir/CallingConvLower.cpp.o
[107/1452] Building CXX object lib/CodeGen/CMakeFiles/LLVMCodeGen.dir/BasicBlockSectionsProfileReader.cpp.o
[108/1452] Building CXX object lib/CodeGen/CMakeFiles/LLVMCodeGen.dir/CFIFixup.cpp.o
[109/1452] Building CXX object lib/CodeGen/CMakeFiles/LLVMCodeGen.dir/Analysis.cpp.o
[110/1452] Building CXX object lib/CodeGen/CMakeFiles/LLVMCodeGen.dir/AtomicExpandPass.cpp.o
[111/1452] Building CXX object lib/CodeGen/CMakeFiles/LLVMCodeGen.dir/BasicTargetTransformInfo.cpp.o
[112/1452] Building CXX object lib/IR/CMakeFiles/LLVMCore.dir/Metadata.cpp.o
[113/1452] Building CXX object lib/CodeGen/CMakeFiles/LLVMCodeGen.dir/CFIInstrInserter.cpp.o
[114/1452] Building CXX object lib/CodeGen/CMakeFiles/LLVMCodeGen.dir/BranchFolding.cpp.o
[115/1452] Building CXX object lib/CodeGen/CMakeFiles/LLVMCodeGen.dir/CodeGenCommonISel.cpp.o
[116/1452] Building CXX object lib/CodeGen/CMakeFiles/LLVMCodeGen.dir/EdgeBundles.cpp.o
[117/1452] Building CXX object lib/CodeGen/CMakeFiles/LLVMCodeGen.dir/DetectDeadLanes.cpp.o
[118/1452] Building CXX object lib/CodeGen/CMakeFiles/LLVMCodeGen.dir/DeadMachineInstructionElim.cpp.o
[119/1452] Building CXX object lib/CodeGen/CMakeFiles/LLVMCodeGen.dir/EHContGuardCatchret.cpp.o
[120/1452] Building CXX object lib/CodeGen/CMakeFiles/LLVMCodeGen.dir/ExecutionDomainFix.cpp.o
[121/1452] Building CXX object lib/CodeGen/CMakeFiles/LLVMCodeGen.dir/CriticalAntiDepBreaker.cpp.o
[122/1452] Building CXX object lib/CodeGen/CMakeFiles/LLVMCodeGen.dir/CommandFlags.cpp.o
[123/1452] Building CXX object lib/CodeGen/CMakeFiles/LLVMCodeGen.dir/EarlyIfConversion.cpp.o
[124/1452] Building CXX object lib/CodeGen/CMakeFiles/LLVMCodeGen.dir/ExpandPostRAPseudos.cpp.o
[125/1452] Building CXX object lib/CodeGen/CMakeFiles/LLVMCodeGen.dir/DwarfEHPrepare.cpp.o
[126/1452] Building RISCVGenInstrInfo.inc...
[127/1452] Building CXX object lib/CodeGen/CMakeFiles/LLVMCodeGen.dir/GCMetadataPrinter.cpp.o
[128/1452] Building CXX object lib/CodeGen/CMakeFiles/LLVMCodeGen.dir/DFAPacketizer.cpp.o
[129/1452] Building RISCVGenGlobalISel.inc...
[130/1452] Building CXX object lib/CodeGen/CMakeFiles/LLVMCodeGen.dir/ExpandReductions.cpp.o
[131/1452] Building CXX object lib/CodeGen/CMakeFiles/LLVMCodeGen.dir/ExpandLargeDivRem.cpp.o
[132/1452] Building CXX object lib/CodeGen/CMakeFiles/LLVMCodeGen.dir/FaultMaps.cpp.o
[133/1452] Building CXX object lib/CodeGen/CMakeFiles/LLVMCodeGen.dir/FEntryInserter.cpp.o
[134/1452] Building CXX object lib/CodeGen/CMakeFiles/LLVMCodeGen.dir/ExpandLargeFpConvert.cpp.o
[135/1452] Building CXX object lib/IR/CMakeFiles/LLVMCore.dir/Verifier.cpp.o
[136/1452] Building CXX object lib/CodeGen/CMakeFiles/LLVMCodeGen.dir/GCMetadata.cpp.o
[137/1452] Building CXX object lib/CodeGen/CMakeFiles/LLVMCodeGen.dir/ExpandMemCmp.cpp.o
[138/1452] Building CXX object lib/CodeGen/CMakeFiles/LLVMCodeGen.dir/FuncletLayout.cpp.o
[139/1452] Building CXX object lib/CodeGen/CMakeFiles/LLVMCodeGen.dir/ExpandVectorPredication.cpp.o
[140/1452] Building CXX object lib/CodeGen/CMakeFiles/LLVMCodeGen.dir/FinalizeISel.cpp.o
[141/1452] Building CXX object lib/CodeGen/CMakeFiles/LLVMCodeGen.dir/ComplexDeinterleavingPass.cpp.o
[142/1452] Building CXX object lib/CodeGen/CMakeFiles/LLVMCodeGen.dir/MachineFunctionAnalysis.cpp.o
[143/1452] Building CXX object lib/CodeGen/CMakeFiles/LLVMCodeGen.dir/AssignmentTrackingAnalysis.cpp.o
[144/1452] Building CXX object lib/CodeGen/CMakeFiles/LLVMCodeGen.dir/IndirectBrExpandPass.cpp.o
[145/1452] Building CXX object lib/CodeGen/CMakeFiles/LLVMCodeGen.dir/InterferenceCache.cpp.o
[146/1452] Building CXX object lib/CodeGen/CMakeFiles/LLVMCodeGen.dir/InitUndef.cpp.o
[147/1452] Building CXX object lib/CodeGen/CMakeFiles/LLVMCodeGen.dir/IntrinsicLowering.cpp.o
[148/1452] Building CXX object lib/CodeGen/CMakeFiles/LLVMCodeGen.dir/ImplicitNullChecks.cpp.o
[149/1452] Building CXX object lib/CodeGen/CMakeFiles/LLVMCodeGen.dir/FixupStatepointCallerSaved.cpp.o
[150/1452] Building CXX object lib/CodeGen/CMakeFiles/LLVMCodeGen.dir/LazyMachineBlockFrequencyInfo.cpp.o
[151/1452] Building CXX object lib/CodeGen/CMakeFiles/LLVMCodeGen.dir/JMCInstrumenter.cpp.o
[152/1452] Building CXX object lib/CodeGen/CMakeFiles/LLVMCodeGen.dir/GlobalMerge.cpp.o
[153/1452] Building CXX object lib/CodeGen/CMakeFiles/LLVMCodeGen.dir/GCRootLowering.cpp.o
[154/1452] Building CXX object lib/CodeGen/CMakeFiles/LLVMCodeGen.dir/HardwareLoops.cpp.o
[155/1452] Building CXX object lib/CodeGen/CMakeFiles/LLVMCodeGen.dir/LiveIntervalUnion.cpp.o
[156/1452] Building CXX object lib/CodeGen/CMakeFiles/LLVMCodeGen.dir/LexicalScopes.cpp.o
[157/1452] Building CXX object lib/CodeGen/CMakeFiles/LLVMCodeGen.dir/LatencyPriorityQueue.cpp.o
[158/1452] Building CXX object lib/CodeGen/CMakeFiles/LLVMCodeGen.dir/KCFI.cpp.o
[159/1452] Building CXX object lib/CodeGen/CMakeFiles/LLVMCodeGen.dir/IfConversion.cpp.o
[160/1452] Building CXX object lib/CodeGen/CMakeFiles/LLVMCodeGen.dir/InterleavedAccessPass.cpp.o
[161/1452] Building CXX object lib/CodeGen/CMakeFiles/LLVMCodeGen.dir/LiveIntervalCalc.cpp.o
[162/1452] Building CXX object lib/CodeGen/CMakeFiles/LLVMCodeGen.dir/LivePhysRegs.cpp.o
[163/1452] Building CXX object lib/CodeGen/CMakeFiles/LLVMCodeGen.dir/LiveInterval.cpp.o
[164/1452] Building CXX object lib/CodeGen/CMakeFiles/LLVMCodeGen.dir/InlineSpiller.cpp.o
[165/1452] Building CXX object lib/CodeGen/CMakeFiles/LLVMCodeGen.dir/InterleavedLoadCombinePass.cpp.o
[166/1452] Building CXX object lib/CodeGen/CMakeFiles/LLVMCodeGen.dir/LowLevelTypeUtils.cpp.o
[167/1452] Building CXX object lib/CodeGen/CMakeFiles/LLVMCodeGen.dir/LiveRangeCalc.cpp.o
[168/1452] Building CXX object lib/CodeGen/CMakeFiles/LLVMCodeGen.dir/LiveRangeShrink.cpp.o
[169/1452] Building CXX object lib/CodeGen/CMakeFiles/LLVMCodeGen.dir/LiveRegMatrix.cpp.o
[170/1452] Building CXX object lib/CodeGen/CMakeFiles/LLVMCodeGen.dir/LiveRegUnits.cpp.o
[171/1452] Building CXX object lib/CodeGen/CMakeFiles/LLVMCodeGen.dir/LoopTraversal.cpp.o
[172/1452] Building CXX object lib/CodeGen/CMakeFiles/LLVMCodeGen.dir/LiveStacks.cpp.o
[173/1452] Building CXX object lib/CodeGen/CMakeFiles/LLVMCodeGen.dir/LiveRangeEdit.cpp.o
[174/1452] Building CXX object lib/CodeGen/CMakeFiles/LLVMCodeGen.dir/LocalStackSlotAllocation.cpp.o
[175/1452] Building CXX object lib/CodeGen/CMakeFiles/LLVMCodeGen.dir/MachineBranchProbabilityInfo.cpp.o
[176/1452] Building CXX object lib/CodeGen/CMakeFiles/LLVMCodeGen.dir/LowerEmuTLS.cpp.o
[177/1452] Building CXX object lib/CodeGen/CMakeFiles/LLVMCodeGen.dir/LiveIntervals.cpp.o
[178/1452] Building CXX object lib/CodeGen/CMakeFiles/LLVMCodeGen.dir/LiveVariables.cpp.o
[179/1452] Building CXX object lib/CodeGen/CMakeFiles/LLVMCodeGen.dir/MachineCFGPrinter.cpp.o
[180/1452] Building CXX object lib/CodeGen/CMakeFiles/LLVMCodeGen.dir/MachineDomTreeUpdater.cpp.o
[181/1452] Building CXX object lib/CodeGen/CMakeFiles/LLVMCodeGen.dir/MachineCheckDebugify.cpp.o
[182/1452] Building CXX object lib/CodeGen/CMakeFiles/LLVMCodeGen.dir/MachineDominanceFrontier.cpp.o
[183/1452] Building CXX object lib/CodeGen/CMakeFiles/LLVMCodeGen.dir/MachineFrameInfo.cpp.o
[184/1452] Building CXX object lib/CodeGen/CMakeFiles/LLVMCodeGen.dir/MachineFunctionPrinterPass.cpp.o
[185/1452] Building CXX object lib/CodeGen/CMakeFiles/LLVMCodeGen.dir/MachineBlockFrequencyInfo.cpp.o
[186/1452] Building CXX object lib/CodeGen/CMakeFiles/LLVMCodeGen.dir/MachineCombiner.cpp.o
[187/1452] Building CXX object lib/CodeGen/CMakeFiles/LLVMCodeGen.dir/LiveDebugVariables.cpp.o
[188/1452] Building CXX object lib/CodeGen/CMakeFiles/LLVMCodeGen.dir/MachineConvergenceVerifier.cpp.o
[189/1452] Building CXX object lib/CodeGen/CMakeFiles/LLVMCodeGen.dir/MachineCycleAnalysis.cpp.o
[190/1452] Building CXX object lib/CodeGen/CMakeFiles/LLVMCodeGen.dir/MachineCSE.cpp.o
[191/1452] Building CXX object lib/CodeGen/CMakeFiles/LLVMCodeGen.dir/CodeGenPrepare.cpp.o
[192/1452] Building CXX object lib/CodeGen/CMakeFiles/LLVMCodeGen.dir/MachineDebugify.cpp.o
[193/1452] Building CXX object lib/CodeGen/CMakeFiles/LLVMCodeGen.dir/MachineInstrBundle.cpp.o
[194/1452] Building CXX object lib/CodeGen/CMakeFiles/LLVMCodeGen.dir/MachineCopyPropagation.cpp.o
[195/1452] Building CXX object lib/CodeGen/CMakeFiles/LLVMCodeGen.dir/MachineModuleInfoImpls.cpp.o
[196/1452] Building CXX object lib/CodeGen/CMakeFiles/LLVMCodeGen.dir/MachineFunctionSplitter.cpp.o
[197/1452] Building CXX object lib/CodeGen/CMakeFiles/LLVMCodeGen.dir/MachineFunctionPass.cpp.o
[198/1452] Building CXX object lib/CodeGen/CMakeFiles/LLVMCodeGen.dir/MachineBasicBlock.cpp.o
[199/1452] Building CXX object lib/CodeGen/CMakeFiles/LLVMCodeGen.dir/MachineLoopUtils.cpp.o
[200/1452] Building CXX object lib/CodeGen/CMakeFiles/LLVMCodeGen.dir/MachineDominators.cpp.o
[201/1452] Building CXX object lib/CodeGen/CMakeFiles/LLVMCodeGen.dir/MachineOptimizationRemarkEmitter.cpp.o
[202/1452] Building CXX object lib/CodeGen/CMakeFiles/LLVMCodeGen.dir/MachineLateInstrsCleanup.cpp.o
[203/1452] Building CXX object lib/CodeGen/CMakeFiles/LLVMCodeGen.dir/MachineModuleSlotTracker.cpp.o
[204/1452] Building CXX object lib/CodeGen/CMakeFiles/LLVMCodeGen.dir/LLVMTargetMachine.cpp.o
[205/1452] Building CXX object lib/CodeGen/CMakeFiles/LLVMCodeGen.dir/MachineBlockPlacement.cpp.o
[206/1452] Building CXX object lib/CodeGen/CMakeFiles/LLVMCodeGen.dir/MachineModuleInfo.cpp.o
[207/1452] Building CXX object lib/CodeGen/CMakeFiles/LLVMCodeGen.dir/MachineOperand.cpp.o
[208/1452] Building CXX object lib/CodeGen/CMakeFiles/LLVMCodeGen.dir/MachinePassManager.cpp.o
[209/1452] Building CXX object lib/CodeGen/CMakeFiles/LLVMCodeGen.dir/MachineSizeOpts.cpp.o
[210/1452] Building CXX object lib/CodeGen/CMakeFiles/LLVMCodeGen.dir/MachineFunction.cpp.o
[211/1452] Building CXX object lib/CodeGen/CMakeFiles/LLVMCodeGen.dir/MachineRegisterInfo.cpp.o
[212/1452] Building CXX object lib/CodeGen/CMakeFiles/LLVMCodeGen.dir/MachineLoopInfo.cpp.o
[213/1452] Building CXX object lib/CodeGen/CMakeFiles/LLVMCodeGen.dir/MachineSSAContext.cpp.o
[214/1452] Building CXX object lib/CodeGen/CMakeFiles/LLVMCodeGen.dir/MultiHazardRecognizer.cpp.o
[215/1452] Building CXX object lib/CodeGen/CMakeFiles/LLVMCodeGen.dir/MachineInstr.cpp.o
[216/1452] Building CXX object lib/CodeGen/CMakeFiles/LLVMCodeGen.dir/MachineStripDebug.cpp.o
[217/1452] Building CXX object lib/CodeGen/CMakeFiles/LLVMCodeGen.dir/MachineSSAUpdater.cpp.o
[218/1452] Building CXX object lib/CodeGen/CMakeFiles/LLVMCodeGen.dir/MachineLICM.cpp.o
[219/1452] Building CXX object lib/CodeGen/CMakeFiles/LLVMCodeGen.dir/MachineRegionInfo.cpp.o
[220/1452] Building CXX object lib/CodeGen/CMakeFiles/LLVMCodeGen.dir/MIRYamlMapping.cpp.o
[221/1452] Building CXX object lib/CodeGen/CMakeFiles/LLVMCodeGen.dir/MachinePostDominators.cpp.o
[222/1452] Building CXX object lib/CodeGen/CMakeFiles/LLVMCodeGen.dir/NonRelocatableStringpool.cpp.o
[223/1452] Building CXX object lib/CodeGen/CMakeFiles/LLVMCodeGen.dir/MachineTraceMetrics.cpp.o
[224/1452] Building CXX object lib/CodeGen/CMakeFiles/LLVMCodeGen.dir/MBFIWrapper.cpp.o
[225/1452] Building CXX object lib/CodeGen/CMakeFiles/LLVMCodeGen.dir/MIRFSDiscriminator.cpp.o
[226/1452] Building CXX object lib/CodeGen/CMakeFiles/LLVMCodeGen.dir/MachineUniformityAnalysis.cpp.o
[227/1452] Building CXX object lib/CodeGen/CMakeFiles/LLVMCodeGen.dir/MIRPrintingPass.cpp.o
[228/1452] Building CXX object lib/CodeGen/CMakeFiles/LLVMCodeGen.dir/MachineOutliner.cpp.o
[229/1452] Building CXX object lib/CodeGen/CMakeFiles/LLVMCodeGen.dir/PatchableFunction.cpp.o
[230/1452] Building CXX object lib/CodeGen/CMakeFiles/LLVMCodeGen.dir/OptimizePHIs.cpp.o
[231/1452] Building CXX object lib/CodeGen/CMakeFiles/LLVMCodeGen.dir/MLRegAllocPriorityAdvisor.cpp.o
[232/1452] Building CXX object lib/CodeGen/CMakeFiles/LLVMCodeGen.dir/PHIEliminationUtils.cpp.o
[233/1452] Building RISCVGenDAGISel.inc...
[234/1452] Building CXX object lib/CodeGen/CMakeFiles/LLVMCodeGen.dir/MacroFusion.cpp.o
[235/1452] Building CXX object lib/CodeGen/CMakeFiles/LLVMCodeGen.dir/MLRegAllocEvictAdvisor.cpp.o
[236/1452] Building CXX object lib/CodeGen/CMakeFiles/LLVMCodeGen.dir/PostRAHazardRecognizer.cpp.o
[237/1452] Building CXX object lib/CodeGen/CMakeFiles/LLVMCodeGen.dir/ProcessImplicitDefs.cpp.o
[238/1452] Building CXX object lib/CodeGen/CMakeFiles/LLVMCodeGen.dir/MachineSink.cpp.o
[239/1452] Building CXX object lib/CodeGen/CMakeFiles/LLVMCodeGen.dir/PseudoSourceValue.cpp.o
[240/1452] Building CXX object lib/CodeGen/CMakeFiles/LLVMCodeGen.dir/PeepholeOptimizer.cpp.o
[241/1452] Building CXX object lib/CodeGen/CMakeFiles/LLVMCodeGen.dir/RDFRegisters.cpp.o
[242/1452] Building CXX object lib/CodeGen/CMakeFiles/LLVMCodeGen.dir/PseudoProbeInserter.cpp.o
[243/1452] Building CXX object lib/CodeGen/CMakeFiles/LLVMCodeGen.dir/MachineScheduler.cpp.o
[244/1452] Building CXX object lib/CodeGen/CMakeFiles/LLVMCodeGen.dir/MIRSampleProfile.cpp.o
[245/1452] Building CXX object lib/CodeGen/CMakeFiles/LLVMCodeGen.dir/PostRASchedulerList.cpp.o
[246/1452] Building CXX object lib/CodeGen/CMakeFiles/LLVMCodeGen.dir/PHIElimination.cpp.o
[247/1452] Building CXX object lib/CodeGen/CMakeFiles/LLVMCodeGen.dir/PreISelIntrinsicLowering.cpp.o
[248/1452] Building CXX object lib/CodeGen/CMakeFiles/LLVMCodeGen.dir/ModuloSchedule.cpp.o
[249/1452] Building CXX object lib/CodeGen/CMakeFiles/LLVMCodeGen.dir/ReachingDefAnalysis.cpp.o
[250/1452] Building CXX object lib/CodeGen/CMakeFiles/LLVMCodeGen.dir/MachineVerifier.cpp.o
[251/1452] Building CXX object lib/CodeGen/CMakeFiles/LLVMCodeGen.dir/RegAllocBasic.cpp.o
[252/1452] Building CXX object lib/CodeGen/CMakeFiles/LLVMCodeGen.dir/RegAllocBase.cpp.o
[253/1452] Building CXX object lib/CodeGen/CMakeFiles/LLVMCodeGen.dir/RegAllocEvictionAdvisor.cpp.o
[254/1452] Building CXX object lib/CodeGen/CMakeFiles/LLVMCodeGen.dir/MIRPrinter.cpp.o
[255/1452] Building CXX object lib/CodeGen/CMakeFiles/LLVMCodeGen.dir/RegisterClassInfo.cpp.o
[256/1452] Building CXX object lib/CodeGen/CMakeFiles/LLVMCodeGen.dir/RegAllocScore.cpp.o
[257/1452] Building CXX object lib/CodeGen/CMakeFiles/LLVMCodeGen.dir/RegAllocPriorityAdvisor.cpp.o
[258/1452] Building CXX object lib/CodeGen/CMakeFiles/LLVMCodeGen.dir/RDFGraph.cpp.o
[259/1452] Building CXX object lib/CodeGen/CMakeFiles/LLVMCodeGen.dir/RDFLiveness.cpp.o
[260/1452] Building CXX object lib/CodeGen/CMakeFiles/LLVMCodeGen.dir/PrologEpilogInserter.cpp.o
[261/1452] Building CXX object lib/CodeGen/CMakeFiles/LLVMCodeGen.dir/GCEmptyBasicBlocks.cpp.o
[262/1452] Building CXX object lib/CodeGen/CMakeFiles/LLVMCodeGen.dir/MIRNamerPass.cpp.o
[263/1452] Building CXX object lib/CodeGen/CMakeFiles/LLVMCodeGen.dir/RegisterScavenging.cpp.o
[264/1452] Building CXX object lib/CodeGen/CMakeFiles/LLVMCodeGen.dir/MachinePipeliner.cpp.o
[265/1452] Building CXX object lib/CodeGen/CMakeFiles/LLVMCodeGen.dir/RegisterPressure.cpp.o
[266/1452] Building CXX object lib/CodeGen/CMakeFiles/LLVMCodeGen.dir/MachineStableHash.cpp.o
[267/1452] Building CXX object lib/CodeGen/CMakeFiles/LLVMCodeGen.dir/RemoveRedundantDebugValues.cpp.o
[268/1452] Building CXX object lib/CodeGen/CMakeFiles/LLVMCodeGen.dir/MIRVRegNamerUtils.cpp.o
[269/1452] Building CXX object lib/CodeGen/CMakeFiles/LLVMCodeGen.dir/RegisterBank.cpp.o
[270/1452] Building CXX object lib/CodeGen/CMakeFiles/LLVMCodeGen.dir/RegAllocFast.cpp.o
[271/1452] Building CXX object lib/CodeGen/CMakeFiles/LLVMCodeGen.dir/RenameIndependentSubregs.cpp.o
[272/1452] Building CXX object lib/CodeGen/CMakeFiles/LLVMCodeGen.dir/RegisterUsageInfo.cpp.o
[273/1452] Building CXX object lib/CodeGen/CMakeFiles/LLVMCodeGen.dir/RegUsageInfoCollector.cpp.o
[274/1452] Building CXX object lib/CodeGen/CMakeFiles/LLVMCodeGen.dir/SafeStackLayout.cpp.o
[275/1452] Building CXX object lib/CodeGen/CMakeFiles/LLVMCodeGen.dir/RegUsageInfoPropagate.cpp.o
[276/1452] Building CXX object lib/CodeGen/CMakeFiles/LLVMCodeGen.dir/MIRCanonicalizerPass.cpp.o
[277/1452] Building CXX object lib/CodeGen/CMakeFiles/LLVMCodeGen.dir/ResetMachineFunctionPass.cpp.o
[278/1452] Building CXX object lib/CodeGen/CMakeFiles/LLVMCodeGen.dir/RegisterBankInfo.cpp.o
[279/1452] Building CXX object lib/CodeGen/CMakeFiles/LLVMCodeGen.dir/SlotIndexes.cpp.o
[280/1452] Building CXX object lib/CodeGen/CMakeFiles/LLVMCodeGen.dir/RegAllocGreedy.cpp.o
[281/1452] Building CXX object lib/CodeGen/CMakeFiles/LLVMCodeGen.dir/RegAllocPBQP.cpp.o
[282/1452] Building CXX object lib/CodeGen/CMakeFiles/LLVMCodeGen.dir/ReplaceWithVeclib.cpp.o
[283/1452] Building CXX object lib/CodeGen/CMakeFiles/LLVMCodeGen.dir/SpillPlacement.cpp.o
[284/1452] Building CXX object lib/CodeGen/CMakeFiles/LLVMCodeGen.dir/SanitizerBinaryMetadata.cpp.o
[285/1452] Building CXX object lib/CodeGen/CMakeFiles/LLVMCodeGen.dir/ScheduleDAGPrinter.cpp.o
[286/1452] Building CXX object lib/CodeGen/CMakeFiles/LLVMCodeGen.dir/SjLjEHPrepare.cpp.o
[287/1452] Building CXX object lib/CodeGen/CMakeFiles/LLVMCodeGen.dir/ShadowStackGCLowering.cpp.o
[288/1452] Building CXX object lib/CodeGen/CMakeFiles/LLVMCodeGen.dir/ScheduleDAG.cpp.o
[289/1452] Building CXX object lib/CodeGen/CMakeFiles/LLVMCodeGen.dir/ScoreboardHazardRecognizer.cpp.o
[290/1452] Building CXX object lib/CodeGen/CMakeFiles/LLVMCodeGen.dir/RegisterCoalescer.cpp.o
[291/1452] Building CXX object lib/CodeGen/CMakeFiles/LLVMCodeGen.dir/StackMapLivenessAnalysis.cpp.o
[292/1452] Building CXX object lib/CodeGen/CMakeFiles/LLVMCodeGen.dir/ScheduleDAGInstrs.cpp.o
[293/1452] Building CXX object lib/CodeGen/CMakeFiles/LLVMCodeGen.dir/StackMaps.cpp.o
[294/1452] Building CXX object lib/CodeGen/CMakeFiles/LLVMCodeGen.dir/TargetSubtargetInfo.cpp.o
[295/1452] Building CXX object lib/CodeGen/CMakeFiles/LLVMCodeGen.dir/ShrinkWrap.cpp.o
[296/1452] Building CXX object lib/CodeGen/CMakeFiles/LLVMCodeGen.dir/TailDuplication.cpp.o
[297/1452] Building CXX object lib/CodeGen/CMakeFiles/LLVMCodeGen.dir/SwiftErrorValueTracking.cpp.o
[298/1452] Building CXX object lib/CodeGen/CMakeFiles/LLVMCodeGen.dir/StackFrameLayoutAnalysisPass.cpp.o
[299/1452] Building CXX object lib/CodeGen/CMakeFiles/LLVMCodeGen.dir/StackSlotColoring.cpp.o
[300/1452] Building CXX object lib/CodeGen/CMakeFiles/LLVMCodeGen.dir/TargetFrameLoweringImpl.cpp.o
[301/1452] Building CXX object lib/CodeGen/CMakeFiles/LLVMCodeGen.dir/TargetOptionsImpl.cpp.o
[302/1452] Building CXX object lib/CodeGen/CMakeFiles/LLVMCodeGen.dir/SafeStack.cpp.o
[303/1452] Building CXX object lib/CodeGen/CMakeFiles/LLVMCodeGen.dir/ValueTypes.cpp.o
[304/1452] Building CXX object lib/CodeGen/CMakeFiles/LLVMCodeGen.dir/SelectOptimize.cpp.o
[305/1452] Building CXX object lib/CodeGen/CMakeFiles/LLVMCodeGen.dir/SplitKit.cpp.o
[306/1452] Building CXX object lib/CodeGen/CMakeFiles/LLVMCodeGen.dir/TargetSchedule.cpp.o
[307/1452] Building CXX object lib/CodeGen/CMakeFiles/LLVMCodeGen.dir/StackColoring.cpp.o
[308/1452] Building CXX object lib/CodeGen/CMakeFiles/LLVMCodeGen.dir/SwitchLoweringUtils.cpp.o
[309/1452] Building CXX object lib/CodeGen/CMakeFiles/LLVMCodeGen.dir/TailDuplicator.cpp.o
[310/1452] Building CXX object lib/CodeGen/CMakeFiles/LLVMCodeGen.dir/StackProtector.cpp.o
[311/1452] Building CXX object lib/CodeGen/CMakeFiles/LLVMCodeGen.dir/TargetInstrInfo.cpp.o
[312/1452] Building CXX object lib/CodeGen/CMakeFiles/LLVMCodeGen.dir/TargetRegisterInfo.cpp.o
[313/1452] Building CXX object lib/CodeGen/CMakeFiles/LLVMCodeGen.dir/TargetLoweringBase.cpp.o
[314/1452] Building CXX object lib/CodeGen/CMakeFiles/LLVMCodeGen.dir/TargetPassConfig.cpp.o
[315/1452] Building CXX object lib/CodeGen/CMakeFiles/LLVMCodeGen.dir/UnreachableBlockElim.cpp.o
[316/1452] Building CXX object lib/CodeGen/CMakeFiles/LLVMCodeGen.dir/WasmEHPrepare.cpp.o
[317/1452] Building CXX object lib/CodeGen/CMakeFiles/LLVMCodeGen.dir/TypePromotion.cpp.o
[318/1452] Building CXX object lib/CodeGen/CMakeFiles/LLVMCodeGen.dir/LiveDebugValues/LiveDebugValues.cpp.o
[319/1452] Building CXX object lib/CodeGen/CMakeFiles/LLVMCodeGen.dir/VirtRegMap.cpp.o
[320/1452] Building CXX object lib/CodeGen/CMakeFiles/LLVMCodeGen.dir/TargetLoweringObjectFileImpl.cpp.o
[321/1452] Building CXX object lib/CodeGen/CMakeFiles/LLVMCodeGen.dir/VLIWMachineScheduler.cpp.o
[322/1452] Building CXX object lib/CodeGen/CMakeFiles/LLVMCodeGen.dir/XRayInstrumentation.cpp.o
[323/1452] Building CXX object lib/CodeGen/CMakeFiles/LLVMCodeGen.dir/WinEHPrepare.cpp.o
[324/1452] Building CXX object lib/CodeGen/CMakeFiles/LLVMCodeGen.dir/TwoAddressInstructionPass.cpp.o
[325/1452] Building CXX object lib/CodeGen/SelectionDAG/CMakeFiles/LLVMSelectionDAG.dir/InstrEmitter.cpp.o
[326/1452] Building CXX object lib/CodeGen/SelectionDAG/CMakeFiles/LLVMSelectionDAG.dir/LegalizeFloatTypes.cpp.o
[327/1452] Building CXX object lib/CodeGen/SelectionDAG/CMakeFiles/LLVMSelectionDAG.dir/LegalizeTypesGeneric.cpp.o
[328/1452] Building CXX object lib/CodeGen/CMakeFiles/LLVMCodeGen.dir/WindowScheduler.cpp.o
[329/1452] Building CXX object lib/CodeGen/SelectionDAG/CMakeFiles/LLVMSelectionDAG.dir/SelectionDAGTargetInfo.cpp.o
[330/1452] Building CXX object lib/CodeGen/SelectionDAG/CMakeFiles/LLVMSelectionDAG.dir/LegalizeTypes.cpp.o
[331/1452] Building CXX object lib/CodeGen/SelectionDAG/CMakeFiles/LLVMSelectionDAG.dir/FunctionLoweringInfo.cpp.o
[332/1452] Building CXX object lib/CodeGen/SelectionDAG/CMakeFiles/LLVMSelectionDAG.dir/ResourcePriorityQueue.cpp.o
[333/1452] Building CXX object lib/CodeGen/SelectionDAG/CMakeFiles/LLVMSelectionDAG.dir/ScheduleDAGVLIW.cpp.o
[334/1452] Building CXX object lib/CodeGen/SelectionDAG/CMakeFiles/LLVMSelectionDAG.dir/ScheduleDAGRRList.cpp.o
[335/1452] Building CXX object lib/CodeGen/SelectionDAG/CMakeFiles/LLVMSelectionDAG.dir/SelectionDAGAddressAnalysis.cpp.o
[336/1452] Building CXX object lib/CodeGen/SelectionDAG/CMakeFiles/LLVMSelectionDAG.dir/ScheduleDAGFast.cpp.o
[337/1452] Building CXX object lib/CodeGen/SelectionDAG/CMakeFiles/LLVMSelectionDAG.dir/LegalizeDAG.cpp.o
[338/1452] Building CXX object lib/CodeGen/SelectionDAG/CMakeFiles/LLVMSelectionDAG.dir/SelectionDAGDumper.cpp.o
[339/1452] Building CXX object lib/CodeGen/SelectionDAG/CMakeFiles/LLVMSelectionDAG.dir/SelectionDAGPrinter.cpp.o
[340/1452] Building CXX object lib/CodeGen/SelectionDAG/CMakeFiles/LLVMSelectionDAG.dir/FastISel.cpp.o
[341/1452] Building CXX object lib/CodeGen/SelectionDAG/CMakeFiles/LLVMSelectionDAG.dir/LegalizeVectorOps.cpp.o
[342/1452] Building CXX object lib/CodeGen/SelectionDAG/CMakeFiles/LLVMSelectionDAG.dir/LegalizeIntegerTypes.cpp.o
[343/1452] Building CXX object lib/CodeGen/SelectionDAG/CMakeFiles/LLVMSelectionDAG.dir/ScheduleDAGSDNodes.cpp.o
[344/1452] Building CXX object lib/CodeGen/AsmPrinter/CMakeFiles/LLVMAsmPrinter.dir/AsmPrinterDwarf.cpp.o
[345/1452] Building CXX object lib/CodeGen/AsmPrinter/CMakeFiles/LLVMAsmPrinter.dir/AddressPool.cpp.o
[346/1452] Building CXX object lib/CodeGen/CMakeFiles/LLVMCodeGen.dir/LiveDebugValues/VarLocBasedImpl.cpp.o
[347/1452] Building CXX object lib/CodeGen/AsmPrinter/CMakeFiles/LLVMAsmPrinter.dir/AIXException.cpp.o
[348/1452] Building CXX object lib/CodeGen/AsmPrinter/CMakeFiles/LLVMAsmPrinter.dir/ARMException.cpp.o
[349/1452] Building CXX object lib/CodeGen/AsmPrinter/CMakeFiles/LLVMAsmPrinter.dir/AccelTable.cpp.o
[350/1452] Building CXX object lib/CodeGen/AsmPrinter/CMakeFiles/LLVMAsmPrinter.dir/DIE.cpp.o
[351/1452] Building CXX object lib/CodeGen/AsmPrinter/CMakeFiles/LLVMAsmPrinter.dir/DwarfCFIException.cpp.o
[352/1452] Building CXX object lib/CodeGen/AsmPrinter/CMakeFiles/LLVMAsmPrinter.dir/AsmPrinterInlineAsm.cpp.o
[353/1452] Building CXX object lib/CodeGen/SelectionDAG/CMakeFiles/LLVMSelectionDAG.dir/SelectionDAGISel.cpp.o
[354/1452] Building CXX object lib/CodeGen/AsmPrinter/CMakeFiles/LLVMAsmPrinter.dir/DebugLocStream.cpp.o
[355/1452] Building CXX object lib/CodeGen/AsmPrinter/CMakeFiles/LLVMAsmPrinter.dir/DwarfStringPool.cpp.o
[356/1452] Building CXX object lib/CodeGen/SelectionDAG/CMakeFiles/LLVMSelectionDAG.dir/LegalizeVectorTypes.cpp.o
[357/1452] Building CXX object lib/CodeGen/SelectionDAG/CMakeFiles/LLVMSelectionDAG.dir/StatepointLowering.cpp.o
[358/1452] Building CXX object lib/CodeGen/AsmPrinter/CMakeFiles/LLVMAsmPrinter.dir/DwarfExpression.cpp.o
[359/1452] Building CXX object lib/CodeGen/AsmPrinter/CMakeFiles/LLVMAsmPrinter.dir/DbgEntityHistoryCalculator.cpp.o
[360/1452] Building CXX object lib/CodeGen/MIRParser/CMakeFiles/LLVMMIRParser.dir/MILexer.cpp.o
[361/1452] Building CXX object lib/CodeGen/AsmPrinter/CMakeFiles/LLVMAsmPrinter.dir/DebugHandlerBase.cpp.o
[362/1452] Building CXX object lib/CodeGen/AsmPrinter/CMakeFiles/LLVMAsmPrinter.dir/ErlangGCPrinter.cpp.o
[363/1452] Building CXX object lib/CodeGen/AsmPrinter/CMakeFiles/LLVMAsmPrinter.dir/DIEHash.cpp.o
[364/1452] Building CXX object lib/CodeGen/GlobalISel/CMakeFiles/LLVMGlobalISel.dir/GlobalISel.cpp.o
[365/1452] Building CXX object lib/CodeGen/AsmPrinter/CMakeFiles/LLVMAsmPrinter.dir/EHStreamer.cpp.o
[366/1452] Building CXX object lib/CodeGen/AsmPrinter/CMakeFiles/LLVMAsmPrinter.dir/OcamlGCPrinter.cpp.o
[367/1452] Building CXX object lib/CodeGen/AsmPrinter/CMakeFiles/LLVMAsmPrinter.dir/DwarfFile.cpp.o
[368/1452] Building CXX object lib/CodeGen/AsmPrinter/CMakeFiles/LLVMAsmPrinter.dir/WinCFGuard.cpp.o
[369/1452] Building CXX object lib/CodeGen/AsmPrinter/CMakeFiles/LLVMAsmPrinter.dir/DwarfCompileUnit.cpp.o
[370/1452] Building CXX object lib/CodeGen/AsmPrinter/CMakeFiles/LLVMAsmPrinter.dir/WasmException.cpp.o
[371/1452] Building CXX object lib/CodeGen/CMakeFiles/LLVMCodeGen.dir/LiveDebugValues/InstrRefBasedImpl.cpp.o
[372/1452] Building CXX object lib/CodeGen/GlobalISel/CMakeFiles/LLVMGlobalISel.dir/CSEInfo.cpp.o
[373/1452] Building CXX object lib/CodeGen/AsmPrinter/CMakeFiles/LLVMAsmPrinter.dir/WinException.cpp.o
[374/1452] Building CXX object lib/CodeGen/AsmPrinter/CMakeFiles/LLVMAsmPrinter.dir/AsmPrinter.cpp.o
[375/1452] Building CXX object lib/CodeGen/AsmPrinter/CMakeFiles/LLVMAsmPrinter.dir/DwarfUnit.cpp.o
[376/1452] Building CXX object lib/CodeGen/SelectionDAG/CMakeFiles/LLVMSelectionDAG.dir/TargetLowering.cpp.o
[377/1452] Building CXX object lib/CodeGen/AsmPrinter/CMakeFiles/LLVMAsmPrinter.dir/PseudoProbePrinter.cpp.o
[378/1452] Building CXX object lib/CodeGen/GlobalISel/CMakeFiles/LLVMGlobalISel.dir/GISelChangeObserver.cpp.o
[379/1452] Building CXX object lib/CodeGen/GlobalISel/CMakeFiles/LLVMGlobalISel.dir/LegalizeMutations.cpp.o
[380/1452] Building CXX object lib/CodeGen/GlobalISel/CMakeFiles/LLVMGlobalISel.dir/LegalityPredicates.cpp.o
[381/1452] Building CXX object lib/CodeGen/GlobalISel/CMakeFiles/LLVMGlobalISel.dir/GIMatchTableExecutor.cpp.o
[382/1452] Building CXX object lib/CodeGen/GlobalISel/CMakeFiles/LLVMGlobalISel.dir/InstructionSelector.cpp.o
[383/1452] Building CXX object lib/CodeGen/GlobalISel/CMakeFiles/LLVMGlobalISel.dir/LegacyLegalizerInfo.cpp.o
[384/1452] Building CXX object lib/CodeGen/GlobalISel/CMakeFiles/LLVMGlobalISel.dir/LegalizerInfo.cpp.o
[385/1452] Building CXX object lib/CodeGen/GlobalISel/CMakeFiles/LLVMGlobalISel.dir/GISelKnownBits.cpp.o
[386/1452] Building CXX object lib/CodeGen/GlobalISel/CMakeFiles/LLVMGlobalISel.dir/Combiner.cpp.o
[387/1452] Building CXX object lib/CodeGen/MIRParser/CMakeFiles/LLVMMIRParser.dir/MIParser.cpp.o
[388/1452] Building CXX object lib/CodeGen/GlobalISel/CMakeFiles/LLVMGlobalISel.dir/CSEMIRBuilder.cpp.o
[389/1452] Building CXX object lib/BinaryFormat/CMakeFiles/LLVMBinaryFormat.dir/COFF.cpp.o
[390/1452] Building CXX object lib/CodeGen/SelectionDAG/CMakeFiles/LLVMSelectionDAG.dir/SelectionDAG.cpp.o
[391/1452] Building CXX object lib/CodeGen/GlobalISel/CMakeFiles/LLVMGlobalISel.dir/InlineAsmLowering.cpp.o
[392/1452] Building CXX object lib/CodeGen/GlobalISel/CMakeFiles/LLVMGlobalISel.dir/LostDebugLocObserver.cpp.o
[393/1452] Building CXX object lib/CodeGen/SelectionDAG/CMakeFiles/LLVMSelectionDAG.dir/DAGCombiner.cpp.o
[394/1452] Building CXX object lib/CodeGen/GlobalISel/CMakeFiles/LLVMGlobalISel.dir/CombinerHelperVectorOps.cpp.o
[395/1452] Building CXX object lib/BinaryFormat/CMakeFiles/LLVMBinaryFormat.dir/ELF.cpp.o
[396/1452] Building CXX object lib/BinaryFormat/CMakeFiles/LLVMBinaryFormat.dir/Minidump.cpp.o
[397/1452] Building CXX object lib/BinaryFormat/CMakeFiles/LLVMBinaryFormat.dir/AMDGPUMetadataVerifier.cpp.o
[398/1452] Building CXX object lib/CodeGen/GlobalISel/CMakeFiles/LLVMGlobalISel.dir/Localizer.cpp.o
[399/1452] Building CXX object lib/BinaryFormat/CMakeFiles/LLVMBinaryFormat.dir/Magic.cpp.o
[400/1452] Building CXX object lib/BinaryFormat/CMakeFiles/LLVMBinaryFormat.dir/Wasm.cpp.o
[401/1452] Building CXX object lib/CodeGen/GlobalISel/CMakeFiles/LLVMGlobalISel.dir/CallLowering.cpp.o
[402/1452] Building CXX object lib/BinaryFormat/CMakeFiles/LLVMBinaryFormat.dir/MsgPackReader.cpp.o
[403/1452] Building CXX object lib/BinaryFormat/CMakeFiles/LLVMBinaryFormat.dir/DXContainer.cpp.o
[404/1452] Building CXX object lib/BinaryFormat/CMakeFiles/LLVMBinaryFormat.dir/MachO.cpp.o
[405/1452] Building CXX object lib/BinaryFormat/CMakeFiles/LLVMBinaryFormat.dir/MsgPackWriter.cpp.o
[406/1452] Building CXX object lib/BinaryFormat/CMakeFiles/LLVMBinaryFormat.dir/XCOFF.cpp.o
[407/1452] Building CXX object lib/BinaryFormat/CMakeFiles/LLVMBinaryFormat.dir/MsgPackDocument.cpp.o
[408/1452] Building CXX object lib/BinaryFormat/CMakeFiles/LLVMBinaryFormat.dir/Dwarf.cpp.o
[409/1452] Building CXX object lib/BinaryFormat/CMakeFiles/LLVMBinaryFormat.dir/MsgPackDocumentYAML.cpp.o
[410/1452] Building CXX object lib/CodeGen/GlobalISel/CMakeFiles/LLVMGlobalISel.dir/InstructionSelect.cpp.o
[411/1452] Building CXX object lib/CodeGen/AsmPrinter/CMakeFiles/LLVMAsmPrinter.dir/DwarfDebug.cpp.o
[412/1452] Building CXX object lib/CodeGen/SelectionDAG/CMakeFiles/LLVMSelectionDAG.dir/SelectionDAGBuilder.cpp.o
[413/1452] Building CXX object lib/Bitcode/Reader/CMakeFiles/LLVMBitReader.dir/BitReader.cpp.o
[414/1452] Building CXX object lib/CodeGen/MIRParser/CMakeFiles/LLVMMIRParser.dir/MIRParser.cpp.o
[415/1452] Building CXX object lib/CodeGen/AsmPrinter/CMakeFiles/LLVMAsmPrinter.dir/CodeViewDebug.cpp.o
[416/1452] Building CXX object lib/Bitcode/Reader/CMakeFiles/LLVMBitReader.dir/ValueList.cpp.o
[417/1452] Building CXX object lib/Frontend/Driver/CMakeFiles/LLVMFrontendDriver.dir/CodeGenOptions.cpp.o
[418/1452] Building CXX object lib/Frontend/HLSL/CMakeFiles/LLVMFrontendHLSL.dir/HLSLResource.cpp.o
[419/1452] Building CXX object lib/Frontend/OpenMP/CMakeFiles/LLVMFrontendOpenMP.dir/OMP.cpp.o
[420/1452] Building CXX object lib/CodeGen/GlobalISel/CMakeFiles/LLVMGlobalISel.dir/LoadStoreOpt.cpp.o
[421/1452] Building CXX object lib/Frontend/OpenMP/CMakeFiles/LLVMFrontendOpenMP.dir/OMPContext.cpp.o
[422/1452] Building CXX object lib/Bitcode/Reader/CMakeFiles/LLVMBitReader.dir/BitcodeAnalyzer.cpp.o
[423/1452] Building CXX object lib/Bitcode/Writer/CMakeFiles/LLVMBitWriter.dir/BitWriter.cpp.o
[424/1452] Building CXX object lib/Transforms/Utils/CMakeFiles/LLVMTransformUtils.dir/ASanStackFrameLayout.cpp.o
[425/1452] Building CXX object lib/CodeGen/GlobalISel/CMakeFiles/LLVMGlobalISel.dir/Legalizer.cpp.o
[426/1452] Building CXX object lib/Frontend/Offloading/CMakeFiles/LLVMFrontendOffloading.dir/Utility.cpp.o
[427/1452] Building CXX object lib/Bitcode/Writer/CMakeFiles/LLVMBitWriter.dir/BitcodeWriterPass.cpp.o
[428/1452] Building CXX object lib/CodeGen/GlobalISel/CMakeFiles/LLVMGlobalISel.dir/MachineIRBuilder.cpp.o
[429/1452] Building CXX object lib/Frontend/Offloading/CMakeFiles/LLVMFrontendOffloading.dir/OffloadWrapper.cpp.o
[430/1452] Building CXX object lib/CodeGen/GlobalISel/CMakeFiles/LLVMGlobalISel.dir/RegBankSelect.cpp.o
[431/1452] Building CXX object lib/Transforms/Utils/CMakeFiles/LLVMTransformUtils.dir/AMDGPUEmitPrintf.cpp.o
[432/1452] Building CXX object lib/CodeGen/GlobalISel/CMakeFiles/LLVMGlobalISel.dir/LegalizerHelper.cpp.o
[433/1452] Building CXX object lib/Transforms/Utils/CMakeFiles/LLVMTransformUtils.dir/AddDiscriminators.cpp.o
[434/1452] Building CXX object lib/CodeGen/GlobalISel/CMakeFiles/LLVMGlobalISel.dir/Utils.cpp.o
[435/1452] Building CXX object lib/Transforms/Utils/CMakeFiles/LLVMTransformUtils.dir/CanonicalizeAliases.cpp.o
[436/1452] Building CXX object lib/Bitcode/Writer/CMakeFiles/LLVMBitWriter.dir/ValueEnumerator.cpp.o
[437/1452] Building CXX object lib/Transforms/Utils/CMakeFiles/LLVMTransformUtils.dir/CallGraphUpdater.cpp.o
[438/1452] Building CXX object lib/Transforms/Utils/CMakeFiles/LLVMTransformUtils.dir/CountVisits.cpp.o
[439/1452] Building CXX object lib/Transforms/Utils/CMakeFiles/LLVMTransformUtils.dir/CloneModule.cpp.o
[440/1452] Building CXX object lib/Transforms/Utils/CMakeFiles/LLVMTransformUtils.dir/CanonicalizeFreezeInLoops.cpp.o
[441/1452] Building CXX object lib/Transforms/Utils/CMakeFiles/LLVMTransformUtils.dir/CodeMoverUtils.cpp.o
[442/1452] Building CXX object lib/Transforms/Utils/CMakeFiles/LLVMTransformUtils.dir/CallPromotionUtils.cpp.o
[443/1452] Building CXX object lib/Transforms/Utils/CMakeFiles/LLVMTransformUtils.dir/DXILResource.cpp.o
[444/1452] Building CXX object lib/Bitcode/Reader/CMakeFiles/LLVMBitReader.dir/MetadataLoader.cpp.o
[445/1452] Building CXX object lib/Transforms/Utils/CMakeFiles/LLVMTransformUtils.dir/BypassSlowDivision.cpp.o
[446/1452] Building CXX object lib/Transforms/Utils/CMakeFiles/LLVMTransformUtils.dir/DemoteRegToStack.cpp.o
[447/1452] Building CXX object lib/Transforms/Utils/CMakeFiles/LLVMTransformUtils.dir/CtorUtils.cpp.o
[448/1452] Building CXX object lib/Transforms/Utils/CMakeFiles/LLVMTransformUtils.dir/DXILUpgrade.cpp.o
[449/1452] Building CXX object lib/Transforms/Utils/CMakeFiles/LLVMTransformUtils.dir/BuildLibCalls.cpp.o
[450/1452] Building CXX object lib/Transforms/Utils/CMakeFiles/LLVMTransformUtils.dir/BreakCriticalEdges.cpp.o
[451/1452] Building CXX object lib/Transforms/Utils/CMakeFiles/LLVMTransformUtils.dir/CodeLayout.cpp.o
[452/1452] Building CXX object lib/CodeGen/GlobalISel/CMakeFiles/LLVMGlobalISel.dir/CombinerHelper.cpp.o
[453/1452] Building CXX object lib/Transforms/Utils/CMakeFiles/LLVMTransformUtils.dir/AssumeBundleBuilder.cpp.o
[454/1452] Building CXX object lib/CodeGen/GlobalISel/CMakeFiles/LLVMGlobalISel.dir/IRTranslator.cpp.o
[455/1452] Building CXX object lib/Transforms/Utils/CMakeFiles/LLVMTransformUtils.dir/FlattenCFG.cpp.o
[456/1452] Building CXX object lib/Transforms/Utils/CMakeFiles/LLVMTransformUtils.dir/HelloWorld.cpp.o
[457/1452] Building CXX object lib/Transforms/Utils/CMakeFiles/LLVMTransformUtils.dir/GlobalStatus.cpp.o
[458/1452] Building CXX object lib/Transforms/Utils/CMakeFiles/LLVMTransformUtils.dir/Evaluator.cpp.o
[459/1452] Building CXX object lib/Transforms/Utils/CMakeFiles/LLVMTransformUtils.dir/FixIrreducible.cpp.o
[460/1452] Building CXX object lib/Transforms/Utils/CMakeFiles/LLVMTransformUtils.dir/InstructionNamer.cpp.o
[461/1452] Building CXX object lib/Transforms/Utils/CMakeFiles/LLVMTransformUtils.dir/EscapeEnumerator.cpp.o
[462/1452] Building CXX object lib/Transforms/Utils/CMakeFiles/LLVMTransformUtils.dir/EntryExitInstrumenter.cpp.o
[463/1452] Building CXX object lib/Transforms/Utils/CMakeFiles/LLVMTransformUtils.dir/CloneFunction.cpp.o
[464/1452] Building CXX object lib/Transforms/Utils/CMakeFiles/LLVMTransformUtils.dir/GuardUtils.cpp.o
[465/1452] Building CXX object lib/Transforms/Utils/CMakeFiles/LLVMTransformUtils.dir/CodeExtractor.cpp.o
[466/1452] Building CXX object lib/Transforms/Utils/CMakeFiles/LLVMTransformUtils.dir/FunctionImportUtils.cpp.o
[467/1452] Building CXX object lib/Transforms/Utils/CMakeFiles/LLVMTransformUtils.dir/FunctionComparator.cpp.o
[468/1452] Building CXX object lib/Transforms/Utils/CMakeFiles/LLVMTransformUtils.dir/BasicBlockUtils.cpp.o
[469/1452] Building CXX object lib/Transforms/Utils/CMakeFiles/LLVMTransformUtils.dir/IntegerDivision.cpp.o
[470/1452] Building CXX object lib/Transforms/Utils/CMakeFiles/LLVMTransformUtils.dir/Debugify.cpp.o
[471/1452] Building CXX object lib/Transforms/Utils/CMakeFiles/LLVMTransformUtils.dir/InjectTLIMappings.cpp.o
[472/1452] Building CXX object lib/Transforms/Utils/CMakeFiles/LLVMTransformUtils.dir/LowerGlobalDtors.cpp.o
[473/1452] Building CXX object lib/Transforms/Utils/CMakeFiles/LLVMTransformUtils.dir/LowerAtomic.cpp.o
[474/1452] Building CXX object lib/Transforms/Utils/CMakeFiles/LLVMTransformUtils.dir/LowerIFunc.cpp.o
[475/1452] Building CXX object lib/Bitcode/Reader/CMakeFiles/LLVMBitReader.dir/BitcodeReader.cpp.o
[476/1452] Building CXX object lib/Transforms/Utils/CMakeFiles/LLVMTransformUtils.dir/LowerInvoke.cpp.o
[477/1452] Building CXX object lib/Transforms/Utils/CMakeFiles/LLVMTransformUtils.dir/MatrixUtils.cpp.o
[478/1452] Building CXX object lib/Transforms/Utils/CMakeFiles/LLVMTransformUtils.dir/LibCallsShrinkWrap.cpp.o
[479/1452] Building CXX object lib/Transforms/Utils/CMakeFiles/LLVMTransformUtils.dir/LoopRotationUtils.cpp.o
[480/1452] Building CXX object lib/Transforms/Utils/CMakeFiles/LLVMTransformUtils.dir/LCSSA.cpp.o
[481/1452] Building CXX object lib/Transforms/Utils/CMakeFiles/LLVMTransformUtils.dir/LoopPeel.cpp.o
[482/1452] Building CXX object lib/Bitcode/Writer/CMakeFiles/LLVMBitWriter.dir/BitcodeWriter.cpp.o
[483/1452] Building CXX object lib/Transforms/Utils/CMakeFiles/LLVMTransformUtils.dir/LoopSimplify.cpp.o
[484/1452] Building CXX object lib/Transforms/Utils/CMakeFiles/LLVMTransformUtils.dir/MisExpect.cpp.o
[485/1452] Building CXX object lib/Transforms/Utils/CMakeFiles/LLVMTransformUtils.dir/LowerMemIntrinsics.cpp.o
[486/1452] Building CXX object lib/Transforms/Utils/CMakeFiles/LLVMTransformUtils.dir/LoopConstrainer.cpp.o
[487/1452] Building CXX object lib/Transforms/Utils/CMakeFiles/LLVMTransformUtils.dir/Mem2Reg.cpp.o
[488/1452] Building CXX object lib/Transforms/Utils/CMakeFiles/LLVMTransformUtils.dir/LoopVersioning.cpp.o
[489/1452] Building CXX object lib/Transforms/Utils/CMakeFiles/LLVMTransformUtils.dir/LowerSwitch.cpp.o
[490/1452] Building CXX object lib/Transforms/Utils/CMakeFiles/LLVMTransformUtils.dir/NameAnonGlobals.cpp.o
[491/1452] Building CXX object lib/Transforms/Utils/CMakeFiles/LLVMTransformUtils.dir/LoopUnroll.cpp.o
[492/1452] Building CXX object lib/Frontend/OpenMP/CMakeFiles/LLVMFrontendOpenMP.dir/OMPIRBuilder.cpp.o
[493/1452] Building CXX object lib/Transforms/Utils/CMakeFiles/LLVMTransformUtils.dir/MetaRenamer.cpp.o
[494/1452] Building CXX object lib/Transforms/Utils/CMakeFiles/LLVMTransformUtils.dir/MemoryOpRemark.cpp.o
[495/1452] Building CXX object lib/Transforms/Utils/CMakeFiles/LLVMTransformUtils.dir/MemoryTaggingSupport.cpp.o
[496/1452] Building CXX object lib/Transforms/Utils/CMakeFiles/LLVMTransformUtils.dir/LoopUnrollRuntime.cpp.o
[497/1452] Building CXX object lib/Transforms/Utils/CMakeFiles/LLVMTransformUtils.dir/StripGCRelocates.cpp.o
[498/1452] Building CXX object lib/Transforms/Utils/CMakeFiles/LLVMTransformUtils.dir/LoopUnrollAndJam.cpp.o
[499/1452] Building CXX object lib/Transforms/Utils/CMakeFiles/LLVMTransformUtils.dir/InlineFunction.cpp.o
[500/1452] Building CXX object lib/Transforms/Utils/CMakeFiles/LLVMTransformUtils.dir/RelLookupTableConverter.cpp.o
[501/1452] Building CXX object lib/Transforms/Utils/CMakeFiles/LLVMTransformUtils.dir/SizeOpts.cpp.o
[502/1452] Building CXX object lib/Transforms/Utils/CMakeFiles/LLVMTransformUtils.dir/LoopUtils.cpp.o
[503/1452] Building CXX object lib/Transforms/Utils/CMakeFiles/LLVMTransformUtils.dir/SanitizerStats.cpp.o
[504/1452] Building CXX object lib/Transforms/Utils/CMakeFiles/LLVMTransformUtils.dir/ModuleUtils.cpp.o
[505/1452] Building CXX object lib/Transforms/Utils/CMakeFiles/LLVMTransformUtils.dir/PredicateInfo.cpp.o
[506/1452] Building CXX object lib/Transforms/Utils/CMakeFiles/LLVMTransformUtils.dir/Utils.cpp.o
[507/1452] Building CXX object lib/Transforms/Utils/CMakeFiles/LLVMTransformUtils.dir/SampleProfileInference.cpp.o
[508/1452] Building CXX object lib/Transforms/Utils/CMakeFiles/LLVMTransformUtils.dir/SampleProfileLoaderBaseUtil.cpp.o
[509/1452] Building CXX object lib/Transforms/Utils/CMakeFiles/LLVMTransformUtils.dir/MoveAutoInit.cpp.o
[510/1452] Building CXX object lib/Transforms/Utils/CMakeFiles/LLVMTransformUtils.dir/SSAUpdaterBulk.cpp.o
[511/1452] Building CXX object lib/Transforms/Utils/CMakeFiles/LLVMTransformUtils.dir/SplitModule.cpp.o
[512/1452] Building CXX object lib/Transforms/Utils/CMakeFiles/LLVMTransformUtils.dir/UnifyFunctionExitNodes.cpp.o
[513/1452] Building CXX object lib/Transforms/Utils/CMakeFiles/LLVMTransformUtils.dir/SSAUpdater.cpp.o
[514/1452] Building CXX object lib/Transforms/Utils/CMakeFiles/LLVMTransformUtils.dir/StripNonLineTableDebugInfo.cpp.o
[515/1452] Building CXX object lib/Transforms/Utils/CMakeFiles/LLVMTransformUtils.dir/UnifyLoopExits.cpp.o
[516/1452] Building CXX object lib/Transforms/Utils/CMakeFiles/LLVMTransformUtils.dir/SymbolRewriter.cpp.o
[517/1452] Building CXX object lib/Transforms/Utils/CMakeFiles/LLVMTransformUtils.dir/PromoteMemoryToRegister.cpp.o
[518/1452] Building CXX object lib/Transforms/Utils/CMakeFiles/LLVMTransformUtils.dir/ScalarEvolutionExpander.cpp.o
[519/1452] Building CXX object lib/Transforms/Utils/CMakeFiles/LLVMTransformUtils.dir/Local.cpp.o
[520/1452] Building CXX object lib/Transforms/Utils/CMakeFiles/LLVMTransformUtils.dir/SimplifyLibCalls.cpp.o
[521/1452] Building CXX object lib/Transforms/Utils/CMakeFiles/LLVMTransformUtils.dir/VNCoercion.cpp.o
[522/1452] Building CXX object lib/Transforms/Utils/CMakeFiles/LLVMTransformUtils.dir/SCCPSolver.cpp.o
[523/1452] Building CXX object lib/Transforms/Instrumentation/CMakeFiles/LLVMInstrumentation.dir/BoundsChecking.cpp.o
[524/1452] Building CXX object lib/Transforms/Instrumentation/CMakeFiles/LLVMInstrumentation.dir/BlockCoverageInference.cpp.o
[525/1452] Building CXX object lib/Transforms/Utils/CMakeFiles/LLVMTransformUtils.dir/ValueMapper.cpp.o
[526/1452] Building CXX object lib/Transforms/Instrumentation/CMakeFiles/LLVMInstrumentation.dir/CGProfile.cpp.o
[527/1452] Building CXX object lib/Transforms/Instrumentation/CMakeFiles/LLVMInstrumentation.dir/Instrumentation.cpp.o
[528/1452] Building CXX object lib/Transforms/Utils/CMakeFiles/LLVMTransformUtils.dir/SimplifyIndVar.cpp.o
[529/1452] Building CXX object lib/Transforms/Instrumentation/CMakeFiles/LLVMInstrumentation.dir/PGOForceFunctionAttrs.cpp.o
[530/1452] Building CXX object lib/Transforms/Instrumentation/CMakeFiles/LLVMInstrumentation.dir/PoisonChecking.cpp.o
[531/1452] Building CXX object lib/Transforms/Instrumentation/CMakeFiles/LLVMInstrumentation.dir/InstrOrderFile.cpp.o
[532/1452] Building CXX object lib/Transforms/Instrumentation/CMakeFiles/LLVMInstrumentation.dir/LowerAllowCheckPass.cpp.o
[533/1452] Building CXX object lib/Transforms/Instrumentation/CMakeFiles/LLVMInstrumentation.dir/KCFI.cpp.o
[534/1452] Building CXX object lib/Transforms/Instrumentation/CMakeFiles/LLVMInstrumentation.dir/GCOVProfiling.cpp.o
[535/1452] Building CXX object lib/Transforms/Instrumentation/CMakeFiles/LLVMInstrumentation.dir/PGOCtxProfLowering.cpp.o
[536/1452] Building CXX object lib/Transforms/Instrumentation/CMakeFiles/LLVMInstrumentation.dir/MemProfiler.cpp.o
[537/1452] Building CXX object lib/Transforms/Instrumentation/CMakeFiles/LLVMInstrumentation.dir/NumericalStabilitySanitizer.cpp.o
[538/1452] Building CXX object lib/Transforms/Instrumentation/CMakeFiles/LLVMInstrumentation.dir/ValueProfileCollector.cpp.o
[539/1452] Building CXX object lib/Transforms/Instrumentation/CMakeFiles/LLVMInstrumentation.dir/PGOMemOPSizeOpt.cpp.o
[540/1452] Building CXX object lib/Transforms/Instrumentation/CMakeFiles/LLVMInstrumentation.dir/AddressSanitizer.cpp.o
[541/1452] Building CXX object lib/Transforms/Instrumentation/CMakeFiles/LLVMInstrumentation.dir/SanitizerCoverage.cpp.o
[542/1452] Building CXX object lib/Transforms/AggressiveInstCombine/CMakeFiles/LLVMAggressiveInstCombine.dir/TruncInstCombine.cpp.o
[543/1452] Building CXX object lib/Transforms/AggressiveInstCombine/CMakeFiles/LLVMAggressiveInstCombine.dir/AggressiveInstCombine.cpp.o
[544/1452] Building CXX object lib/Transforms/Instrumentation/CMakeFiles/LLVMInstrumentation.dir/SanitizerBinaryMetadata.cpp.o
[545/1452] Building CXX object lib/Transforms/Instrumentation/CMakeFiles/LLVMInstrumentation.dir/MemorySanitizer.cpp.o
[546/1452] Building CXX object lib/Transforms/Instrumentation/CMakeFiles/LLVMInstrumentation.dir/IndirectCallPromotion.cpp.o
[547/1452] Building CXX object lib/Transforms/InstCombine/CMakeFiles/LLVMInstCombine.dir/InstCombineAtomicRMW.cpp.o
[548/1452] Building CXX object lib/Transforms/Instrumentation/CMakeFiles/LLVMInstrumentation.dir/InstrProfiling.cpp.o
[549/1452] Building CXX object lib/Transforms/Instrumentation/CMakeFiles/LLVMInstrumentation.dir/DataFlowSanitizer.cpp.o
[550/1452] Building CXX object lib/Transforms/Instrumentation/CMakeFiles/LLVMInstrumentation.dir/ThreadSanitizer.cpp.o
[551/1452] Building CXX object lib/Transforms/Instrumentation/CMakeFiles/LLVMInstrumentation.dir/ControlHeightReduction.cpp.o
[552/1452] Building CXX object lib/Transforms/InstCombine/CMakeFiles/LLVMInstCombine.dir/InstCombineNegator.cpp.o
[553/1452] Building CXX object lib/Transforms/InstCombine/CMakeFiles/LLVMInstCombine.dir/InstCombineLoadStoreAlloca.cpp.o
[554/1452] Building CXX object lib/Transforms/InstCombine/CMakeFiles/LLVMInstCombine.dir/InstCombineMulDivRem.cpp.o
[555/1452] Building CXX object lib/Transforms/Scalar/CMakeFiles/LLVMScalarOpts.dir/AnnotationRemarks.cpp.o
[556/1452] Building CXX object lib/Transforms/Utils/CMakeFiles/LLVMTransformUtils.dir/SimplifyCFG.cpp.o
[557/1452] Building CXX object lib/Transforms/InstCombine/CMakeFiles/LLVMInstCombine.dir/InstCombineCasts.cpp.o
[558/1452] Building CXX object lib/Transforms/InstCombine/CMakeFiles/LLVMInstCombine.dir/InstCombinePHI.cpp.o
[559/1452] Building CXX object lib/Transforms/InstCombine/CMakeFiles/LLVMInstCombine.dir/InstCombineSimplifyDemanded.cpp.o
[560/1452] Building CXX object lib/Transforms/Instrumentation/CMakeFiles/LLVMInstrumentation.dir/PGOInstrumentation.cpp.o
[561/1452] Building CXX object lib/Transforms/Instrumentation/CMakeFiles/LLVMInstrumentation.dir/HWAddressSanitizer.cpp.o
[562/1452] Building CXX object lib/Transforms/InstCombine/CMakeFiles/LLVMInstCombine.dir/InstCombineAddSub.cpp.o
[563/1452] Building CXX object lib/Transforms/Scalar/CMakeFiles/LLVMScalarOpts.dir/FlattenCFGPass.cpp.o
[564/1452] Building CXX object lib/Transforms/Scalar/CMakeFiles/LLVMScalarOpts.dir/AlignmentFromAssumptions.cpp.o
[565/1452] Building CXX object lib/Transforms/Scalar/CMakeFiles/LLVMScalarOpts.dir/BDCE.cpp.o
[566/1452] Building CXX object lib/Transforms/Scalar/CMakeFiles/LLVMScalarOpts.dir/ADCE.cpp.o
[567/1452] Building CXX object lib/Transforms/InstCombine/CMakeFiles/LLVMInstCombine.dir/InstCombineAndOrXor.cpp.o
[568/1452] Building CXX object lib/Transforms/Scalar/CMakeFiles/LLVMScalarOpts.dir/CallSiteSplitting.cpp.o
[569/1452] Building CXX object lib/Transforms/Scalar/CMakeFiles/LLVMScalarOpts.dir/ConstantHoisting.cpp.o
[570/1452] Building CXX object lib/Transforms/InstCombine/CMakeFiles/LLVMInstCombine.dir/InstCombineShifts.cpp.o
[571/1452] Building CXX object lib/Transforms/Scalar/CMakeFiles/LLVMScalarOpts.dir/DCE.cpp.o
[572/1452] Building CXX object lib/Transforms/Scalar/CMakeFiles/LLVMScalarOpts.dir/CorrelatedValuePropagation.cpp.o
[573/1452] Building CXX object lib/Transforms/InstCombine/CMakeFiles/LLVMInstCombine.dir/InstCombineCalls.cpp.o
[574/1452] Building CXX object lib/Transforms/Scalar/CMakeFiles/LLVMScalarOpts.dir/IVUsersPrinter.cpp.o
[575/1452] Building CXX object lib/Transforms/InstCombine/CMakeFiles/LLVMInstCombine.dir/InstCombineCompares.cpp.o
[576/1452] Building CXX object lib/Transforms/InstCombine/CMakeFiles/LLVMInstCombine.dir/InstCombineSelect.cpp.o
[577/1452] Building CXX object lib/Transforms/InstCombine/CMakeFiles/LLVMInstCombine.dir/InstCombineVectorOps.cpp.o
[578/1452] Building CXX object lib/Transforms/Scalar/CMakeFiles/LLVMScalarOpts.dir/Float2Int.cpp.o
[579/1452] Building CXX object lib/Transforms/Scalar/CMakeFiles/LLVMScalarOpts.dir/DivRemPairs.cpp.o
[580/1452] Building CXX object lib/Transforms/Scalar/CMakeFiles/LLVMScalarOpts.dir/InstSimplifyPass.cpp.o
[581/1452] Building CXX object lib/Transforms/Scalar/CMakeFiles/LLVMScalarOpts.dir/InferAlignment.cpp.o
[582/1452] Building CXX object lib/Transforms/Scalar/CMakeFiles/LLVMScalarOpts.dir/EarlyCSE.cpp.o
[583/1452] Building CXX object lib/Transforms/InstCombine/CMakeFiles/LLVMInstCombine.dir/InstructionCombining.cpp.o
[584/1452] Building CXX object lib/Transforms/Scalar/CMakeFiles/LLVMScalarOpts.dir/JumpTableToSwitch.cpp.o
[585/1452] Building CXX object lib/Transforms/Scalar/CMakeFiles/LLVMScalarOpts.dir/DeadStoreElimination.cpp.o
[586/1452] Building CXX object lib/Transforms/Scalar/CMakeFiles/LLVMScalarOpts.dir/ConstraintElimination.cpp.o
[587/1452] Building CXX object lib/Transforms/Scalar/CMakeFiles/LLVMScalarOpts.dir/LoopAccessAnalysisPrinter.cpp.o
[588/1452] Building CXX object lib/Transforms/Scalar/CMakeFiles/LLVMScalarOpts.dir/InductiveRangeCheckElimination.cpp.o
[589/1452] Building CXX object lib/Transforms/Scalar/CMakeFiles/LLVMScalarOpts.dir/GVNSink.cpp.o
[590/1452] Building CXX object lib/Transforms/Scalar/CMakeFiles/LLVMScalarOpts.dir/GuardWidening.cpp.o
[591/1452] Building CXX object lib/Transforms/Scalar/CMakeFiles/LLVMScalarOpts.dir/InferAddressSpaces.cpp.o
[592/1452] Building CXX object lib/Transforms/Scalar/CMakeFiles/LLVMScalarOpts.dir/GVNHoist.cpp.o
[593/1452] Building CXX object lib/Transforms/Scalar/CMakeFiles/LLVMScalarOpts.dir/IndVarSimplify.cpp.o
[594/1452] Building CXX object lib/Transforms/Scalar/CMakeFiles/LLVMScalarOpts.dir/DFAJumpThreading.cpp.o
[595/1452] Building CXX object lib/Transforms/Scalar/CMakeFiles/LLVMScalarOpts.dir/GVN.cpp.o
[596/1452] Building CXX object lib/Transforms/Scalar/CMakeFiles/LLVMScalarOpts.dir/LoopDataPrefetch.cpp.o
[597/1452] Building CXX object lib/Transforms/Scalar/CMakeFiles/LLVMScalarOpts.dir/LoopInstSimplify.cpp.o
[598/1452] Building CXX object lib/Transforms/Scalar/CMakeFiles/LLVMScalarOpts.dir/LoopBoundSplit.cpp.o
[599/1452] Building CXX object lib/Transforms/Scalar/CMakeFiles/LLVMScalarOpts.dir/LoopSink.cpp.o
[600/1452] Building CXX object lib/Transforms/Scalar/CMakeFiles/LLVMScalarOpts.dir/LoopPassManager.cpp.o
[601/1452] Building CXX object lib/Transforms/Scalar/CMakeFiles/LLVMScalarOpts.dir/JumpThreading.cpp.o
[602/1452] Building CXX object lib/Transforms/Scalar/CMakeFiles/LLVMScalarOpts.dir/LoopDeletion.cpp.o
[603/1452] Building CXX object lib/Transforms/Scalar/CMakeFiles/LLVMScalarOpts.dir/LoopLoadElimination.cpp.o
[604/1452] Building CXX object lib/Transforms/Scalar/CMakeFiles/LLVMScalarOpts.dir/LowerAtomicPass.cpp.o
[605/1452] Building CXX object lib/Transforms/Scalar/CMakeFiles/LLVMScalarOpts.dir/LoopRotation.cpp.o
[606/1452] Building CXX object lib/Transforms/Scalar/CMakeFiles/LLVMScalarOpts.dir/LowerExpectIntrinsic.cpp.o
[607/1452] Building CXX object lib/Transforms/Scalar/CMakeFiles/LLVMScalarOpts.dir/LoopPredication.cpp.o
[608/1452] Building CXX object lib/Transforms/Scalar/CMakeFiles/LLVMScalarOpts.dir/LowerGuardIntrinsic.cpp.o
[609/1452] Building CXX object lib/Transforms/Scalar/CMakeFiles/LLVMScalarOpts.dir/LoopFuse.cpp.o
[610/1452] Building CXX object lib/Transforms/Scalar/CMakeFiles/LLVMScalarOpts.dir/LoopDistribute.cpp.o
[611/1452] Building CXX object lib/Transforms/Scalar/CMakeFiles/LLVMScalarOpts.dir/LoopSimplifyCFG.cpp.o
[612/1452] Building CXX object lib/Transforms/Scalar/CMakeFiles/LLVMScalarOpts.dir/LowerWidenableCondition.cpp.o
[613/1452] Building CXX object lib/Transforms/Scalar/CMakeFiles/LLVMScalarOpts.dir/Scalar.cpp.o
[614/1452] Building CXX object lib/Transforms/Scalar/CMakeFiles/LLVMScalarOpts.dir/LoopUnrollAndJamPass.cpp.o
[615/1452] Building CXX object lib/Transforms/Scalar/CMakeFiles/LLVMScalarOpts.dir/MakeGuardsExplicit.cpp.o
[616/1452] Building CXX object lib/Transforms/Scalar/CMakeFiles/LLVMScalarOpts.dir/MergedLoadStoreMotion.cpp.o
[617/1452] Building CXX object lib/Transforms/Scalar/CMakeFiles/LLVMScalarOpts.dir/LowerConstantIntrinsics.cpp.o
[618/1452] Building CXX object lib/Transforms/Scalar/CMakeFiles/LLVMScalarOpts.dir/LICM.cpp.o
[619/1452] Building CXX object lib/Transforms/Scalar/CMakeFiles/LLVMScalarOpts.dir/LoopInterchange.cpp.o
[620/1452] Building CXX object lib/Transforms/Scalar/CMakeFiles/LLVMScalarOpts.dir/LoopVersioningLICM.cpp.o
[621/1452] Building CXX object lib/Transforms/Scalar/CMakeFiles/LLVMScalarOpts.dir/LoopUnrollPass.cpp.o
[622/1452] Building CXX object lib/Transforms/Scalar/CMakeFiles/LLVMScalarOpts.dir/Reg2Mem.cpp.o
[623/1452] Building CXX object lib/Transforms/Scalar/CMakeFiles/LLVMScalarOpts.dir/LoopFlatten.cpp.o
[624/1452] Building CXX object lib/Transforms/Scalar/CMakeFiles/LLVMScalarOpts.dir/MergeICmps.cpp.o
[625/1452] Building CXX object lib/Transforms/Scalar/CMakeFiles/LLVMScalarOpts.dir/LoopIdiomRecognize.cpp.o
[626/1452] Building CXX object lib/Transforms/Scalar/CMakeFiles/LLVMScalarOpts.dir/PartiallyInlineLibCalls.cpp.o
[627/1452] Building CXX object lib/Transforms/Scalar/CMakeFiles/LLVMScalarOpts.dir/PlaceSafepoints.cpp.o
[628/1452] Building CXX object lib/Transforms/Scalar/CMakeFiles/LLVMScalarOpts.dir/SCCP.cpp.o
[629/1452] Building CXX object lib/Transforms/IPO/CMakeFiles/LLVMipo.dir/Annotation2Metadata.cpp.o
[630/1452] Building CXX object lib/Transforms/Scalar/CMakeFiles/LLVMScalarOpts.dir/SpeculativeExecution.cpp.o
[631/1452] Building CXX object lib/Transforms/Scalar/CMakeFiles/LLVMScalarOpts.dir/MemCpyOptimizer.cpp.o
[632/1452] Building CXX object lib/Transforms/Scalar/CMakeFiles/LLVMScalarOpts.dir/Sink.cpp.o
[633/1452] Building CXX object lib/Transforms/IPO/CMakeFiles/LLVMipo.dir/AlwaysInliner.cpp.o
[634/1452] Building CXX object lib/Transforms/Scalar/CMakeFiles/LLVMScalarOpts.dir/TLSVariableHoist.cpp.o
[635/1452] Building CXX object lib/Transforms/IPO/CMakeFiles/LLVMipo.dir/BarrierNoopPass.cpp.o
[636/1452] Building CXX object lib/Transforms/Scalar/CMakeFiles/LLVMScalarOpts.dir/SeparateConstOffsetFromGEP.cpp.o
[637/1452] Building CXX object lib/Transforms/Scalar/CMakeFiles/LLVMScalarOpts.dir/NaryReassociate.cpp.o
[638/1452] Building CXX object lib/Transforms/Scalar/CMakeFiles/LLVMScalarOpts.dir/WarnMissedTransforms.cpp.o
[639/1452] Building CXX object lib/Transforms/Scalar/CMakeFiles/LLVMScalarOpts.dir/ScalarizeMaskedMemIntrin.cpp.o
[640/1452] Building CXX object lib/Transforms/Scalar/CMakeFiles/LLVMScalarOpts.dir/Reassociate.cpp.o
[641/1452] Building CXX object lib/Transforms/Scalar/CMakeFiles/LLVMScalarOpts.dir/SimplifyCFGPass.cpp.o
[642/1452] Building CXX object lib/Transforms/Scalar/CMakeFiles/LLVMScalarOpts.dir/StraightLineStrengthReduce.cpp.o
[643/1452] Building CXX object lib/Transforms/IPO/CMakeFiles/LLVMipo.dir/CrossDSOCFI.cpp.o
[644/1452] Building CXX object lib/Transforms/IPO/CMakeFiles/LLVMipo.dir/ElimAvailExtern.cpp.o
[645/1452] Building CXX object lib/Transforms/IPO/CMakeFiles/LLVMipo.dir/ConstantMerge.cpp.o
[646/1452] Building CXX object lib/Transforms/IPO/CMakeFiles/LLVMipo.dir/ExtractGV.cpp.o
[647/1452] Building CXX object lib/Transforms/IPO/CMakeFiles/LLVMipo.dir/EmbedBitcodePass.cpp.o
[648/1452] Building CXX object lib/Transforms/IPO/CMakeFiles/LLVMipo.dir/CalledValuePropagation.cpp.o
[649/1452] Building CXX object lib/Transforms/Scalar/CMakeFiles/LLVMScalarOpts.dir/Scalarizer.cpp.o
[650/1452] Building CXX object lib/Transforms/IPO/CMakeFiles/LLVMipo.dir/BlockExtractor.cpp.o
[651/1452] Building CXX object lib/Transforms/Scalar/CMakeFiles/LLVMScalarOpts.dir/TailRecursionElimination.cpp.o
[652/1452] Building CXX object lib/Transforms/IPO/CMakeFiles/LLVMipo.dir/ForceFunctionAttrs.cpp.o
[653/1452] Building CXX object lib/Transforms/IPO/CMakeFiles/LLVMipo.dir/ExpandVariadics.cpp.o
[654/1452] Building CXX object lib/Transforms/Scalar/CMakeFiles/LLVMScalarOpts.dir/LowerMatrixIntrinsics.cpp.o
[655/1452] Building CXX object lib/Transforms/IPO/CMakeFiles/LLVMipo.dir/ArgumentPromotion.cpp.o
[656/1452] Building CXX object lib/Transforms/Scalar/CMakeFiles/LLVMScalarOpts.dir/StructurizeCFG.cpp.o
[657/1452] Building CXX object lib/Transforms/IPO/CMakeFiles/LLVMipo.dir/GlobalSplit.cpp.o
[658/1452] Building CXX object lib/Transforms/IPO/CMakeFiles/LLVMipo.dir/InferFunctionAttrs.cpp.o
[659/1452] Building CXX object lib/Transforms/Scalar/CMakeFiles/LLVMScalarOpts.dir/NewGVN.cpp.o
[660/1452] Building CXX object lib/Transforms/Scalar/CMakeFiles/LLVMScalarOpts.dir/LoopStrengthReduce.cpp.o
[661/1452] Building CXX object lib/Transforms/IPO/CMakeFiles/LLVMipo.dir/DeadArgumentElimination.cpp.o
[662/1452] Building CXX object lib/Transforms/Scalar/CMakeFiles/LLVMScalarOpts.dir/RewriteStatepointsForGC.cpp.o
[663/1452] Building CXX object lib/Transforms/IPO/CMakeFiles/LLVMipo.dir/IPO.cpp.o
[664/1452] Building CXX object lib/Transforms/IPO/CMakeFiles/LLVMipo.dir/GlobalDCE.cpp.o
[665/1452] Building CXX object lib/Transforms/IPO/CMakeFiles/LLVMipo.dir/LoopExtractor.cpp.o
[666/1452] Building CXX object lib/Transforms/IPO/CMakeFiles/LLVMipo.dir/Internalize.cpp.o
[667/1452] Building CXX object lib/Transforms/IPO/CMakeFiles/LLVMipo.dir/HotColdSplitting.cpp.o
[668/1452] Building CXX object lib/Transforms/IPO/CMakeFiles/LLVMipo.dir/Inliner.cpp.o
[669/1452] Building CXX object lib/Transforms/Scalar/CMakeFiles/LLVMScalarOpts.dir/SROA.cpp.o
[670/1452] Building CXX object lib/Transforms/IPO/CMakeFiles/LLVMipo.dir/FunctionSpecialization.cpp.o
[671/1452] Building CXX object lib/Transforms/IPO/CMakeFiles/LLVMipo.dir/StripDeadPrototypes.cpp.o
[672/1452] Building CXX object lib/Transforms/IPO/CMakeFiles/LLVMipo.dir/FunctionAttrs.cpp.o
[673/1452] Building CXX object lib/Transforms/IPO/CMakeFiles/LLVMipo.dir/ModuleInliner.cpp.o
[674/1452] Building CXX object lib/Transforms/IPO/CMakeFiles/LLVMipo.dir/SampleContextTracker.cpp.o
[675/1452] Building CXX object lib/Transforms/Scalar/CMakeFiles/LLVMScalarOpts.dir/SimpleLoopUnswitch.cpp.o
[676/1452] Building CXX object lib/Transforms/IPO/CMakeFiles/LLVMipo.dir/SCCP.cpp.o
[677/1452] Building CXX object lib/Transforms/IPO/CMakeFiles/LLVMipo.dir/MergeFunctions.cpp.o
[678/1452] Building CXX object lib/Transforms/IPO/CMakeFiles/LLVMipo.dir/StripSymbols.cpp.o
[679/1452] Building CXX object lib/Transforms/Vectorize/CMakeFiles/LLVMVectorize.dir/Vectorize.cpp.o
[680/1452] Building CXX object lib/Transforms/IPO/CMakeFiles/LLVMipo.dir/GlobalOpt.cpp.o
[681/1452] Building CXX object lib/Transforms/IPO/CMakeFiles/LLVMipo.dir/SyntheticCountsPropagation.cpp.o
[682/1452] Building CXX object lib/Transforms/IPO/CMakeFiles/LLVMipo.dir/FunctionImport.cpp.o
[683/1452] Building CXX object lib/Transforms/IPO/CMakeFiles/LLVMipo.dir/IROutliner.cpp.o
[684/1452] Building CXX object lib/Transforms/IPO/CMakeFiles/LLVMipo.dir/PartialInlining.cpp.o
[685/1452] Building CXX object lib/Transforms/IPO/CMakeFiles/LLVMipo.dir/SampleProfileProbe.cpp.o
[686/1452] Building CXX object lib/Transforms/IPO/CMakeFiles/LLVMipo.dir/SampleProfileMatcher.cpp.o
[687/1452] Building CXX object lib/Transforms/IPO/CMakeFiles/LLVMipo.dir/Attributor.cpp.o
[688/1452] Building CXX object lib/Transforms/Vectorize/CMakeFiles/LLVMVectorize.dir/LoopIdiomVectorize.cpp.o
[689/1452] Building CXX object lib/Transforms/Vectorize/CMakeFiles/LLVMVectorize.dir/LoadStoreVectorizer.cpp.o
[690/1452] Building CXX object lib/Transforms/IPO/CMakeFiles/LLVMipo.dir/ThinLTOBitcodeWriter.cpp.o
[691/1452] Building CXX object lib/Transforms/ObjCARC/CMakeFiles/LLVMObjCARCOpts.dir/ObjCARC.cpp.o
[692/1452] Building CXX object lib/Transforms/Vectorize/CMakeFiles/LLVMVectorize.dir/VPlanAnalysis.cpp.o
[693/1452] Building CXX object lib/Transforms/ObjCARC/CMakeFiles/LLVMObjCARCOpts.dir/ObjCARCExpand.cpp.o
[694/1452] Building CXX object lib/Transforms/Vectorize/CMakeFiles/LLVMVectorize.dir/VPlanHCFGBuilder.cpp.o
[695/1452] Building CXX object lib/Transforms/ObjCARC/CMakeFiles/LLVMObjCARCOpts.dir/ObjCARCAPElim.cpp.o
[696/1452] Building CXX object lib/Transforms/Vectorize/CMakeFiles/LLVMVectorize.dir/VPlanSLP.cpp.o
[697/1452] Building CXX object lib/Transforms/Vectorize/CMakeFiles/LLVMVectorize.dir/LoopVectorizationLegality.cpp.o
[698/1452] Building CXX object lib/Transforms/ObjCARC/CMakeFiles/LLVMObjCARCOpts.dir/ProvenanceAnalysisEvaluator.cpp.o
[699/1452] Building CXX object lib/Transforms/ObjCARC/CMakeFiles/LLVMObjCARCOpts.dir/ObjCARCOpts.cpp.o
[700/1452] Building CXX object lib/Transforms/ObjCARC/CMakeFiles/LLVMObjCARCOpts.dir/PtrState.cpp.o
[701/1452] Building CXX object lib/Transforms/IPO/CMakeFiles/LLVMipo.dir/LowerTypeTests.cpp.o
[702/1452] Building CXX object lib/Transforms/ObjCARC/CMakeFiles/LLVMObjCARCOpts.dir/DependencyAnalysis.cpp.o
[703/1452] Building CXX object lib/Transforms/ObjCARC/CMakeFiles/LLVMObjCARCOpts.dir/ProvenanceAnalysis.cpp.o
[704/1452] Building CXX object lib/Transforms/Vectorize/CMakeFiles/LLVMVectorize.dir/VPlanVerifier.cpp.o
[705/1452] Building CXX object lib/Transforms/Vectorize/CMakeFiles/LLVMVectorize.dir/VPlanRecipes.cpp.o
[706/1452] Building CXX object lib/Transforms/ObjCARC/CMakeFiles/LLVMObjCARCOpts.dir/ObjCARCContract.cpp.o
[707/1452] Building CXX object lib/Transforms/Coroutines/CMakeFiles/LLVMCoroutines.dir/CoroCleanup.cpp.o
[708/1452] Building CXX object lib/Transforms/Coroutines/CMakeFiles/LLVMCoroutines.dir/Coroutines.cpp.o
[709/1452] Building CXX object lib/Transforms/Coroutines/CMakeFiles/LLVMCoroutines.dir/CoroConditionalWrapper.cpp.o
[710/1452] Building CXX object lib/Transforms/Vectorize/CMakeFiles/LLVMVectorize.dir/VectorCombine.cpp.o
[711/1452] Building CXX object lib/Transforms/CFGuard/CMakeFiles/LLVMCFGuard.dir/CFGuard.cpp.o
[712/1452] Building CXX object lib/Analysis/CMakeFiles/LLVMAnalysis.dir/Analysis.cpp.o
[713/1452] Building CXX object lib/Transforms/Coroutines/CMakeFiles/LLVMCoroutines.dir/CoroEarly.cpp.o
[714/1452] Building CXX object lib/Transforms/HipStdPar/CMakeFiles/LLVMHipStdPar.dir/HipStdPar.cpp.o
[715/1452] Building CXX object lib/Transforms/Vectorize/CMakeFiles/LLVMVectorize.dir/VPlanTransforms.cpp.o
[716/1452] Building CXX object lib/Linker/CMakeFiles/LLVMLinker.dir/LinkModules.cpp.o
[717/1452] Building CXX object lib/Analysis/CMakeFiles/LLVMAnalysis.dir/AliasAnalysis.cpp.o
[718/1452] Building CXX object lib/Transforms/Coroutines/CMakeFiles/LLVMCoroutines.dir/CoroElide.cpp.o
[719/1452] Building CXX object lib/Transforms/Vectorize/CMakeFiles/LLVMVectorize.dir/VPlan.cpp.o
[720/1452] Building CXX object lib/Analysis/CMakeFiles/LLVMAnalysis.dir/AliasAnalysisEvaluator.cpp.o
[721/1452] Building CXX object lib/Analysis/CMakeFiles/LLVMAnalysis.dir/AssumptionCache.cpp.o
[722/1452] Building CXX object lib/Transforms/IPO/CMakeFiles/LLVMipo.dir/MemProfContextDisambiguation.cpp.o
[723/1452] Building CXX object lib/Analysis/CMakeFiles/LLVMAnalysis.dir/CFG.cpp.o
[724/1452] Building CXX object lib/Analysis/CMakeFiles/LLVMAnalysis.dir/AliasSetTracker.cpp.o
[725/1452] Building CXX object lib/Transforms/IPO/CMakeFiles/LLVMipo.dir/SampleProfile.cpp.o
[726/1452] Building CXX object lib/Transforms/IPO/CMakeFiles/LLVMipo.dir/WholeProgramDevirt.cpp.o
[727/1452] Building CXX object lib/Analysis/CMakeFiles/LLVMAnalysis.dir/CFGSCCPrinter.cpp.o
[728/1452] Building CXX object lib/Analysis/CMakeFiles/LLVMAnalysis.dir/BlockFrequencyInfoImpl.cpp.o
[729/1452] Building CXX object lib/Analysis/CMakeFiles/LLVMAnalysis.dir/AssumeBundleQueries.cpp.o
[730/1452] Building CXX object lib/Analysis/CMakeFiles/LLVMAnalysis.dir/CFGPrinter.cpp.o
[731/1452] Building CXX object lib/Analysis/CMakeFiles/LLVMAnalysis.dir/CallPrinter.cpp.o
[732/1452] Building CXX object lib/Analysis/CMakeFiles/LLVMAnalysis.dir/CallGraphSCCPass.cpp.o
[733/1452] Building CXX object lib/Linker/CMakeFiles/LLVMLinker.dir/IRMover.cpp.o
[734/1452] Building CXX object lib/Analysis/CMakeFiles/LLVMAnalysis.dir/BlockFrequencyInfo.cpp.o
[735/1452] Building CXX object lib/Analysis/CMakeFiles/LLVMAnalysis.dir/ConstraintSystem.cpp.o
[736/1452] Building CXX object lib/Analysis/CMakeFiles/LLVMAnalysis.dir/BasicAliasAnalysis.cpp.o
[737/1452] Building CXX object lib/Analysis/CMakeFiles/LLVMAnalysis.dir/CmpInstAnalysis.cpp.o
[738/1452] Building CXX object lib/Analysis/CMakeFiles/LLVMAnalysis.dir/DevelopmentModeInlineAdvisor.cpp.o
[739/1452] Building CXX object lib/Transforms/Coroutines/CMakeFiles/LLVMCoroutines.dir/CoroSplit.cpp.o
[740/1452] Building CXX object lib/Analysis/CMakeFiles/LLVMAnalysis.dir/CaptureTracking.cpp.o
[741/1452] Building CXX object lib/Transforms/IPO/CMakeFiles/LLVMipo.dir/AttributorAttributes.cpp.o
[742/1452] Building CXX object lib/Analysis/CMakeFiles/LLVMAnalysis.dir/BranchProbabilityInfo.cpp.o
[743/1452] Building CXX object lib/Analysis/CMakeFiles/LLVMAnalysis.dir/CostModel.cpp.o
[744/1452] Building CXX object lib/Analysis/CMakeFiles/LLVMAnalysis.dir/CodeMetrics.cpp.o
[745/1452] Building CXX object lib/Analysis/CMakeFiles/LLVMAnalysis.dir/CycleAnalysis.cpp.o
[746/1452] Building CXX object lib/Analysis/CMakeFiles/LLVMAnalysis.dir/DDGPrinter.cpp.o
[747/1452] Building CXX object lib/Analysis/CMakeFiles/LLVMAnalysis.dir/CallGraph.cpp.o
[748/1452] Building CXX object lib/Analysis/CMakeFiles/LLVMAnalysis.dir/Delinearization.cpp.o
[749/1452] Building CXX object lib/Analysis/CMakeFiles/LLVMAnalysis.dir/CGSCCPassManager.cpp.o
[750/1452] Building CXX object lib/Analysis/CMakeFiles/LLVMAnalysis.dir/DDG.cpp.o
[751/1452] Building CXX object lib/Analysis/CMakeFiles/LLVMAnalysis.dir/DemandedBits.cpp.o
[752/1452] Building CXX object lib/Transforms/Vectorize/CMakeFiles/LLVMVectorize.dir/LoopVectorize.cpp.o
[753/1452] Building CXX object lib/Analysis/CMakeFiles/LLVMAnalysis.dir/DomConditionCache.cpp.o
[754/1452] Building CXX object lib/Analysis/CMakeFiles/LLVMAnalysis.dir/ConstantFolding.cpp.o
[755/1452] Building CXX object lib/Analysis/CMakeFiles/LLVMAnalysis.dir/HeatUtils.cpp.o
[756/1452] Building CXX object lib/Analysis/CMakeFiles/LLVMAnalysis.dir/DomPrinter.cpp.o
[757/1452] Building CXX object lib/Analysis/CMakeFiles/LLVMAnalysis.dir/InlineSizeEstimatorAnalysis.cpp.o
[758/1452] Building CXX object lib/Analysis/CMakeFiles/LLVMAnalysis.dir/GuardUtils.cpp.o
[759/1452] Building CXX object lib/Analysis/CMakeFiles/LLVMAnalysis.dir/ImportedFunctionsInliningStatistics.cpp.o
[760/1452] Building CXX object lib/Analysis/CMakeFiles/LLVMAnalysis.dir/DependenceGraphBuilder.cpp.o
[761/1452] Building CXX object lib/Analysis/CMakeFiles/LLVMAnalysis.dir/IndirectCallPromotionAnalysis.cpp.o
[762/1452] Building CXX object lib/Analysis/CMakeFiles/LLVMAnalysis.dir/DomTreeUpdater.cpp.o
[763/1452] Building CXX object lib/Analysis/CMakeFiles/LLVMAnalysis.dir/DominanceFrontier.cpp.o
[764/1452] Building CXX object lib/Transforms/IPO/CMakeFiles/LLVMipo.dir/OpenMPOpt.cpp.o
[765/1452] Building CXX object lib/Analysis/CMakeFiles/LLVMAnalysis.dir/DependenceAnalysis.cpp.o
[766/1452] Building CXX object lib/Analysis/CMakeFiles/LLVMAnalysis.dir/InteractiveModelRunner.cpp.o
[767/1452] Building CXX object lib/Transforms/Coroutines/CMakeFiles/LLVMCoroutines.dir/CoroFrame.cpp.o
[768/1452] Building CXX object lib/Analysis/CMakeFiles/LLVMAnalysis.dir/InstCount.cpp.o
[769/1452] Building CXX object lib/Analysis/CMakeFiles/LLVMAnalysis.dir/LazyBlockFrequencyInfo.cpp.o
[770/1452] Building CXX object lib/Analysis/CMakeFiles/LLVMAnalysis.dir/LazyBranchProbabilityInfo.cpp.o
[771/1452] Building CXX object lib/Analysis/CMakeFiles/LLVMAnalysis.dir/IVUsers.cpp.o
[772/1452] Building CXX object lib/Analysis/CMakeFiles/LLVMAnalysis.dir/InstructionPrecedenceTracking.cpp.o
[773/1452] Building CXX object lib/Analysis/CMakeFiles/LLVMAnalysis.dir/FunctionPropertiesAnalysis.cpp.o
[774/1452] Building CXX object lib/Analysis/CMakeFiles/LLVMAnalysis.dir/Local.cpp.o
[775/1452] Building CXX object lib/Analysis/CMakeFiles/LLVMAnalysis.dir/InlineAdvisor.cpp.o
[776/1452] Building CXX object lib/Analysis/CMakeFiles/LLVMAnalysis.dir/IVDescriptors.cpp.o
[777/1452] Building CXX object lib/Analysis/CMakeFiles/LLVMAnalysis.dir/GlobalsModRef.cpp.o
[778/1452] Building CXX object lib/Analysis/CMakeFiles/LLVMAnalysis.dir/LoopNestAnalysis.cpp.o
[779/1452] Building CXX object lib/Analysis/CMakeFiles/LLVMAnalysis.dir/LoopPass.cpp.o
[780/1452] Building CXX object lib/Analysis/CMakeFiles/LLVMAnalysis.dir/LoopAnalysisManager.cpp.o
[781/1452] Building CXX object lib/Analysis/CMakeFiles/LLVMAnalysis.dir/InlineOrder.cpp.o
[782/1452] Building CXX object lib/Analysis/CMakeFiles/LLVMAnalysis.dir/IRSimilarityIdentifier.cpp.o
[783/1452] Building CXX object lib/Analysis/CMakeFiles/LLVMAnalysis.dir/ModelUnderTrainingRunner.cpp.o
[784/1452] Building CXX object lib/Analysis/CMakeFiles/LLVMAnalysis.dir/MemDerefPrinter.cpp.o
[785/1452] Building CXX object lib/Analysis/CMakeFiles/LLVMAnalysis.dir/LoopUnrollAnalyzer.cpp.o
[786/1452] Building CXX object lib/Analysis/CMakeFiles/LLVMAnalysis.dir/Loads.cpp.o
[787/1452] Building CXX object lib/Analysis/CMakeFiles/LLVMAnalysis.dir/LazyValueInfo.cpp.o
[788/1452] Building CXX object lib/Analysis/CMakeFiles/LLVMAnalysis.dir/LoopCacheAnalysis.cpp.o
[789/1452] Building CXX object lib/Analysis/CMakeFiles/LLVMAnalysis.dir/NoInferenceModelRunner.cpp.o
[790/1452] Building CXX object lib/Analysis/CMakeFiles/LLVMAnalysis.dir/Lint.cpp.o
[791/1452] Building CXX object lib/Analysis/CMakeFiles/LLVMAnalysis.dir/InlineCost.cpp.o
[792/1452] Building CXX object lib/Analysis/CMakeFiles/LLVMAnalysis.dir/LazyCallGraph.cpp.o
[793/1452] Building CXX object lib/Analysis/CMakeFiles/LLVMAnalysis.dir/MemoryProfileInfo.cpp.o
[794/1452] Building CXX object lib/Analysis/CMakeFiles/LLVMAnalysis.dir/ObjCARCInstKind.cpp.o
[795/1452] Building CXX object lib/Analysis/CMakeFiles/LLVMAnalysis.dir/MemoryLocation.cpp.o
[796/1452] Building CXX object lib/Analysis/CMakeFiles/LLVMAnalysis.dir/ObjCARCAnalysisUtils.cpp.o
[797/1452] Building CXX object lib/Analysis/CMakeFiles/LLVMAnalysis.dir/ModuleDebugInfoPrinter.cpp.o
[798/1452] Building CXX object lib/Analysis/CMakeFiles/LLVMAnalysis.dir/PostDominators.cpp.o
[799/1452] Building CXX object lib/Analysis/CMakeFiles/LLVMAnalysis.dir/OverflowInstAnalysis.cpp.o
[800/1452] Building CXX object lib/Analysis/CMakeFiles/LLVMAnalysis.dir/ObjCARCAliasAnalysis.cpp.o
[801/1452] Building CXX object lib/Analysis/CMakeFiles/LLVMAnalysis.dir/PhiValues.cpp.o
[802/1452] Building CXX object lib/Analysis/CMakeFiles/LLVMAnalysis.dir/PtrUseVisitor.cpp.o
[803/1452] Building CXX object lib/Analysis/CMakeFiles/LLVMAnalysis.dir/PHITransAddr.cpp.o
[804/1452] Building CXX object lib/Analysis/CMakeFiles/LLVMAnalysis.dir/OptimizationRemarkEmitter.cpp.o
[805/1452] Building CXX object lib/Analysis/CMakeFiles/LLVMAnalysis.dir/RegionPass.cpp.o
[806/1452] Building CXX object lib/Analysis/CMakeFiles/LLVMAnalysis.dir/TFLiteUtils.cpp.o
[807/1452] Building CXX object lib/Analysis/CMakeFiles/LLVMAnalysis.dir/MLInlineAdvisor.cpp.o
[808/1452] Building CXX object lib/Analysis/CMakeFiles/LLVMAnalysis.dir/MemoryBuiltins.cpp.o
[809/1452] Building CXX object lib/Analysis/CMakeFiles/LLVMAnalysis.dir/LoopInfo.cpp.o
[810/1452] Building CXX object lib/Analysis/CMakeFiles/LLVMAnalysis.dir/ReplayInlineAdvisor.cpp.o
[811/1452] Building CXX object lib/Analysis/CMakeFiles/LLVMAnalysis.dir/Trace.cpp.o
[812/1452] Building CXX object lib/Analysis/CMakeFiles/LLVMAnalysis.dir/MustExecute.cpp.o
[813/1452] Building CXX object lib/Analysis/CMakeFiles/LLVMAnalysis.dir/ScalarEvolutionAliasAnalysis.cpp.o
[814/1452] Building CXX object lib/Analysis/CMakeFiles/LLVMAnalysis.dir/TrainingLogger.cpp.o
[815/1452] Building CXX object lib/Analysis/CMakeFiles/LLVMAnalysis.dir/StructuralHash.cpp.o
[816/1452] Building CXX object lib/Analysis/CMakeFiles/LLVMAnalysis.dir/RegionPrinter.cpp.o
[817/1452] Building CXX object lib/Analysis/CMakeFiles/LLVMAnalysis.dir/MemoryDependenceAnalysis.cpp.o
[818/1452] Building CXX object lib/Analysis/CMakeFiles/LLVMAnalysis.dir/MemorySSAUpdater.cpp.o
[819/1452] Building CXX object lib/Analysis/CMakeFiles/LLVMAnalysis.dir/ScalarEvolutionDivision.cpp.o
[820/1452] Building CXX object lib/Analysis/CMakeFiles/LLVMAnalysis.dir/ProfileSummaryInfo.cpp.o
[821/1452] Building CXX object lib/Analysis/CMakeFiles/LLVMAnalysis.dir/InstructionSimplify.cpp.o
[822/1452] Building CXX object lib/Analysis/CMakeFiles/LLVMAnalysis.dir/ScalarEvolutionNormalization.cpp.o
[823/1452] Building CXX object lib/Analysis/CMakeFiles/LLVMAnalysis.dir/ValueLattice.cpp.o
[824/1452] Building CXX object lib/Analysis/CMakeFiles/LLVMAnalysis.dir/TypeBasedAliasAnalysis.cpp.o
[825/1452] Building CXX object lib/Analysis/CMakeFiles/LLVMAnalysis.dir/TensorSpec.cpp.o
[826/1452] Building CXX object lib/Analysis/CMakeFiles/LLVMAnalysis.dir/RegionInfo.cpp.o
[827/1452] Building CXX object lib/Analysis/CMakeFiles/LLVMAnalysis.dir/StackLifetime.cpp.o
[828/1452] Building CXX object lib/Analysis/CMakeFiles/LLVMAnalysis.dir/ValueLatticeUtils.cpp.o
[829/1452] Building CXX object lib/Analysis/CMakeFiles/LLVMAnalysis.dir/LoopAccessAnalysis.cpp.o
[830/1452] Building CXX object lib/Analysis/CMakeFiles/LLVMAnalysis.dir/ScopedNoAliasAA.cpp.o
[831/1452] Building CXX object lib/Analysis/CMakeFiles/LLVMAnalysis.dir/TypeMetadataUtils.cpp.o
[832/1452] Building CXX object lib/Analysis/CMakeFiles/LLVMAnalysis.dir/MemorySSA.cpp.o
[833/1452] Building CXX object lib/Analysis/CMakeFiles/LLVMAnalysis.dir/SyntheticCountsUtils.cpp.o
[834/1452] Building CXX object lib/MC/CMakeFiles/LLVMMC.dir/DXContainerPSVInfo.cpp.o
[835/1452] Building CXX object lib/Analysis/CMakeFiles/LLVMAnalysis.dir/ModuleSummaryAnalysis.cpp.o
[836/1452] Building CXX object lib/Analysis/CMakeFiles/LLVMAnalysis.dir/TargetTransformInfo.cpp.o
[837/1452] Building CXX object lib/MC/CMakeFiles/LLVMMC.dir/GOFFObjectWriter.cpp.o
[838/1452] Building CXX object lib/MC/CMakeFiles/LLVMMC.dir/MCAsmInfoCOFF.cpp.o
[839/1452] Building CXX object lib/MC/CMakeFiles/LLVMMC.dir/MCAsmInfo.cpp.o
[840/1452] Building CXX object lib/MC/CMakeFiles/LLVMMC.dir/ConstantPools.cpp.o
[841/1452] Building CXX object lib/MC/CMakeFiles/LLVMMC.dir/MCAsmInfoDarwin.cpp.o
[842/1452] Building CXX object lib/MC/CMakeFiles/LLVMMC.dir/MCAsmInfoWasm.cpp.o
[843/1452] Building CXX object lib/MC/CMakeFiles/LLVMMC.dir/MCCodeEmitter.cpp.o
[844/1452] Building CXX object lib/MC/CMakeFiles/LLVMMC.dir/MCAsmInfoGOFF.cpp.o
[845/1452] Building CXX object lib/MC/CMakeFiles/LLVMMC.dir/MCAsmBackend.cpp.o
[846/1452] Building CXX object lib/LTO/CMakeFiles/LLVMLTO.dir/UpdateCompilerUsed.cpp.o
[847/1452] Building CXX object lib/MC/CMakeFiles/LLVMMC.dir/MCAsmInfoELF.cpp.o
[848/1452] Building CXX object lib/MC/CMakeFiles/LLVMMC.dir/MCAsmMacro.cpp.o
[849/1452] Building CXX object lib/Analysis/CMakeFiles/LLVMAnalysis.dir/UniformityAnalysis.cpp.o
[850/1452] Building CXX object lib/LTO/CMakeFiles/LLVMLTO.dir/SummaryBasedOptimizations.cpp.o
[851/1452] Building CXX object lib/MC/CMakeFiles/LLVMMC.dir/MCAsmInfoXCOFF.cpp.o
[852/1452] Building CXX object lib/MC/CMakeFiles/LLVMMC.dir/MCELFObjectTargetWriter.cpp.o
[853/1452] Building CXX object lib/MC/CMakeFiles/LLVMMC.dir/ELFObjectWriter.cpp.o
[854/1452] Building CXX object lib/Analysis/CMakeFiles/LLVMAnalysis.dir/StackSafetyAnalysis.cpp.o
[855/1452] Building CXX object lib/MC/CMakeFiles/LLVMMC.dir/MCInst.cpp.o
[856/1452] Building CXX object lib/MC/CMakeFiles/LLVMMC.dir/MCDXContainerWriter.cpp.o
[857/1452] Building CXX object lib/MC/CMakeFiles/LLVMMC.dir/MCDXContainerStreamer.cpp.o
[858/1452] Building CXX object lib/Analysis/CMakeFiles/LLVMAnalysis.dir/TargetLibraryInfo.cpp.o
[859/1452] Building CXX object lib/MC/CMakeFiles/LLVMMC.dir/MCInstrAnalysis.cpp.o
[860/1452] Building CXX object lib/MC/CMakeFiles/LLVMMC.dir/MCInstrDesc.cpp.o
[861/1452] Building CXX object lib/MC/CMakeFiles/LLVMMC.dir/MCInstrInfo.cpp.o
[862/1452] Building CXX object lib/MC/CMakeFiles/LLVMMC.dir/MCInstPrinter.cpp.o
[863/1452] Building CXX object lib/Analysis/CMakeFiles/LLVMAnalysis.dir/VectorUtils.cpp.o
[864/1452] Building CXX object lib/MC/CMakeFiles/LLVMMC.dir/MCAsmStreamer.cpp.o
[865/1452] Building CXX object lib/MC/CMakeFiles/LLVMMC.dir/MCLabel.cpp.o
[866/1452] Building CXX object lib/MC/CMakeFiles/LLVMMC.dir/MCELFStreamer.cpp.o
[867/1452] Building CXX object lib/MC/CMakeFiles/LLVMMC.dir/MCLinkerOptimizationHint.cpp.o
[868/1452] Building CXX object lib/MC/CMakeFiles/LLVMMC.dir/MCAssembler.cpp.o
[869/1452] Building CXX object lib/MC/CMakeFiles/LLVMMC.dir/MCFragment.cpp.o
[870/1452] Building CXX object lib/MC/CMakeFiles/LLVMMC.dir/MCGOFFStreamer.cpp.o
[871/1452] Building CXX object lib/MC/CMakeFiles/LLVMMC.dir/MCMachObjectTargetWriter.cpp.o
[872/1452] Building CXX object lib/MC/CMakeFiles/LLVMMC.dir/MCCodeView.cpp.o
[873/1452] Building CXX object lib/MC/CMakeFiles/LLVMMC.dir/MCExpr.cpp.o
[874/1452] Building CXX object lib/MC/CMakeFiles/LLVMMC.dir/MCRegisterInfo.cpp.o
[875/1452] Building CXX object lib/MC/CMakeFiles/LLVMMC.dir/MCSchedule.cpp.o
[876/1452] Building CXX object lib/MC/CMakeFiles/LLVMMC.dir/MCNullStreamer.cpp.o
[877/1452] Building CXX object lib/MC/CMakeFiles/LLVMMC.dir/MCSectionMachO.cpp.o
[878/1452] Building CXX object lib/MC/CMakeFiles/LLVMMC.dir/MCSectionDXContainer.cpp.o
[879/1452] Building CXX object lib/MC/CMakeFiles/LLVMMC.dir/MCSectionCOFF.cpp.o
[880/1452] Building CXX object lib/MC/CMakeFiles/LLVMMC.dir/MCMachOStreamer.cpp.o
[881/1452] Building CXX object lib/MC/CMakeFiles/LLVMMC.dir/MCObjectWriter.cpp.o
[882/1452] Building CXX object lib/MC/CMakeFiles/LLVMMC.dir/MCSectionXCOFF.cpp.o
[883/1452] Building CXX object lib/MC/CMakeFiles/LLVMMC.dir/MCSectionELF.cpp.o
[884/1452] Building CXX object lib/MC/CMakeFiles/LLVMMC.dir/MCSectionWasm.cpp.o
[885/1452] Building CXX object lib/MC/CMakeFiles/LLVMMC.dir/MCDwarf.cpp.o
[886/1452] Building CXX object lib/MC/CMakeFiles/LLVMMC.dir/MCValue.cpp.o
[887/1452] Building CXX object lib/MC/CMakeFiles/LLVMMC.dir/MCSubtargetInfo.cpp.o
[888/1452] Building CXX object lib/MC/CMakeFiles/LLVMMC.dir/MCSPIRVStreamer.cpp.o
[889/1452] Building CXX object lib/MC/CMakeFiles/LLVMMC.dir/MCTargetOptions.cpp.o
[890/1452] Building CXX object lib/MC/CMakeFiles/LLVMMC.dir/MCSection.cpp.o
[891/1452] Building CXX object lib/MC/CMakeFiles/LLVMMC.dir/MCSymbolELF.cpp.o
[892/1452] Building CXX object lib/MC/CMakeFiles/LLVMMC.dir/MCSymbolXCOFF.cpp.o
[893/1452] Building CXX object lib/MC/CMakeFiles/LLVMMC.dir/MCObjectFileInfo.cpp.o
[894/1452] Building CXX object lib/LTO/CMakeFiles/LLVMLTO.dir/LTOBackend.cpp.o
[895/1452] Building CXX object lib/MC/CMakeFiles/LLVMMC.dir/MCWinEH.cpp.o
[896/1452] Building CXX object lib/MC/CMakeFiles/LLVMMC.dir/MCWasmObjectTargetWriter.cpp.o
[897/1452] Building CXX object lib/MC/CMakeFiles/LLVMMC.dir/MCObjectStreamer.cpp.o
[898/1452] Building CXX object lib/MC/CMakeFiles/LLVMMC.dir/MCTargetOptionsCommandFlags.cpp.o
[899/1452] Building CXX object lib/MC/CMakeFiles/LLVMMC.dir/MCContext.cpp.o
[900/1452] Building CXX object lib/MC/CMakeFiles/LLVMMC.dir/MCXCOFFObjectTargetWriter.cpp.o
[901/1452] Building CXX object lib/LTO/CMakeFiles/LLVMLTO.dir/LTOModule.cpp.o
[902/1452] Building CXX object lib/MC/CMakeFiles/LLVMMC.dir/MCSymbol.cpp.o
[903/1452] Building CXX object lib/MC/CMakeFiles/LLVMMC.dir/MCStreamer.cpp.o
[904/1452] Building CXX object lib/LTO/CMakeFiles/LLVMLTO.dir/LTOCodeGenerator.cpp.o
[905/1452] Building CXX object lib/MC/CMakeFiles/LLVMMC.dir/MCXCOFFStreamer.cpp.o
[906/1452] Building CXX object lib/MC/CMakeFiles/LLVMMC.dir/StringTableBuilder.cpp.o
[907/1452] Building CXX object lib/MC/CMakeFiles/LLVMMC.dir/MCPseudoProbe.cpp.o
[908/1452] Building CXX object lib/MC/CMakeFiles/LLVMMC.dir/SPIRVObjectWriter.cpp.o
[909/1452] Building CXX object lib/MC/MCParser/CMakeFiles/LLVMMCParser.dir/AsmLexer.cpp.o
[910/1452] Building CXX object lib/MC/MCParser/CMakeFiles/LLVMMCParser.dir/GOFFAsmParser.cpp.o
[911/1452] Building CXX object lib/MC/CMakeFiles/LLVMMC.dir/MCWasmStreamer.cpp.o
[912/1452] Building CXX object lib/MC/MCParser/CMakeFiles/LLVMMCParser.dir/MCAsmLexer.cpp.o
[913/1452] Building CXX object lib/MC/CMakeFiles/LLVMMC.dir/MCWin64EH.cpp.o
[914/1452] Building CXX object lib/MC/CMakeFiles/LLVMMC.dir/MCWinCOFFStreamer.cpp.o
[915/1452] Building CXX object lib/MC/MCParser/CMakeFiles/LLVMMCParser.dir/XCOFFAsmParser.cpp.o
[916/1452] Building CXX object lib/MC/CMakeFiles/LLVMMC.dir/WinCOFFObjectWriter.cpp.o
[917/1452] Building CXX object lib/MC/MCParser/CMakeFiles/LLVMMCParser.dir/MCAsmParser.cpp.o
[918/1452] Building CXX object lib/MC/CMakeFiles/LLVMMC.dir/TargetRegistry.cpp.o
[919/1452] Building CXX object lib/MC/CMakeFiles/LLVMMC.dir/MachObjectWriter.cpp.o
[920/1452] Building CXX object lib/MC/MCParser/CMakeFiles/LLVMMCParser.dir/MCAsmParserExtension.cpp.o
[921/1452] Building CXX object lib/MC/MCParser/CMakeFiles/LLVMMCParser.dir/COFFAsmParser.cpp.o
[922/1452] Building CXX object lib/MC/MCParser/CMakeFiles/LLVMMCParser.dir/MCTargetAsmParser.cpp.o
[923/1452] Building CXX object lib/MC/MCDisassembler/CMakeFiles/LLVMMCDisassembler.dir/MCSymbolizer.cpp.o
[924/1452] Building CXX object lib/MC/MCDisassembler/CMakeFiles/LLVMMCDisassembler.dir/MCDisassembler.cpp.o
[925/1452] Building CXX object lib/MC/MCParser/CMakeFiles/LLVMMCParser.dir/DarwinAsmParser.cpp.o
[926/1452] Building CXX object lib/MC/MCDisassembler/CMakeFiles/LLVMMCDisassembler.dir/MCRelocationInfo.cpp.o
[927/1452] Building CXX object lib/MC/MCParser/CMakeFiles/LLVMMCParser.dir/WasmAsmParser.cpp.o
[928/1452] Building CXX object lib/MC/MCParser/CMakeFiles/LLVMMCParser.dir/COFFMasmParser.cpp.o
[929/1452] Building CXX object lib/MC/CMakeFiles/LLVMMC.dir/XCOFFObjectWriter.cpp.o
[930/1452] Building CXX object lib/Analysis/CMakeFiles/LLVMAnalysis.dir/ValueTracking.cpp.o
[931/1452] Building CXX object lib/MC/MCParser/CMakeFiles/LLVMMCParser.dir/ELFAsmParser.cpp.o
[932/1452] Building CXX object lib/LTO/CMakeFiles/LLVMLTO.dir/LTO.cpp.o
[933/1452] Building CXX object lib/MC/MCDisassembler/CMakeFiles/LLVMMCDisassembler.dir/MCExternalSymbolizer.cpp.o
[934/1452] Building CXX object lib/Object/CMakeFiles/LLVMObject.dir/Decompressor.cpp.o
[935/1452] Building CXX object lib/LTO/CMakeFiles/LLVMLTO.dir/ThinLTOCodeGenerator.cpp.o
[936/1452] Building CXX object lib/Object/CMakeFiles/LLVMObject.dir/Binary.cpp.o
[937/1452] Building CXX object lib/Object/CMakeFiles/LLVMObject.dir/FaultMapParser.cpp.o
[938/1452] Building CXX object lib/Object/CMakeFiles/LLVMObject.dir/COFFModuleDefinition.cpp.o
[939/1452] Building CXX object lib/Object/CMakeFiles/LLVMObject.dir/Error.cpp.o
[940/1452] Building CXX object lib/Object/CMakeFiles/LLVMObject.dir/Archive.cpp.o
[941/1452] Building CXX object lib/MC/CMakeFiles/LLVMMC.dir/WasmObjectWriter.cpp.o
[942/1452] Building CXX object lib/MC/MCDisassembler/CMakeFiles/LLVMMCDisassembler.dir/Disassembler.cpp.o
[943/1452] Building CXX object lib/Analysis/CMakeFiles/LLVMAnalysis.dir/ScalarEvolution.cpp.o
[944/1452] Building CXX object lib/Object/CMakeFiles/LLVMObject.dir/COFFImportFile.cpp.o
[945/1452] Building CXX object lib/Object/CMakeFiles/LLVMObject.dir/DXContainer.cpp.o
[946/1452] Building CXX object lib/Object/CMakeFiles/LLVMObject.dir/BuildID.cpp.o
[947/1452] Building CXX object lib/Object/CMakeFiles/LLVMObject.dir/COFFObjectFile.cpp.o
[948/1452] Building CXX object lib/Transforms/Vectorize/CMakeFiles/LLVMVectorize.dir/SLPVectorizer.cpp.o
[949/1452] Building CXX object lib/Object/CMakeFiles/LLVMObject.dir/IRObjectFile.cpp.o
[950/1452] Building CXX object lib/Object/CMakeFiles/LLVMObject.dir/GOFFObjectFile.cpp.o
[951/1452] Building CXX object lib/Object/CMakeFiles/LLVMObject.dir/WindowsMachineFlag.cpp.o
[952/1452] Building CXX object lib/Object/CMakeFiles/LLVMObject.dir/ObjectFile.cpp.o
[953/1452] Building CXX object lib/Object/CMakeFiles/LLVMObject.dir/TapiFile.cpp.o
[954/1452] Building CXX object lib/Object/CMakeFiles/LLVMObject.dir/Minidump.cpp.o
[955/1452] Building CXX object lib/Object/CMakeFiles/LLVMObject.dir/IRSymtab.cpp.o
[956/1452] Building CXX object lib/Object/CMakeFiles/LLVMObject.dir/ArchiveWriter.cpp.o
[957/1452] Building CXX object lib/Object/CMakeFiles/LLVMObject.dir/MachOUniversal.cpp.o
[958/1452] Building CXX object lib/Object/CMakeFiles/LLVMObject.dir/Object.cpp.o
[959/1452] Building CXX object lib/Object/CMakeFiles/LLVMObject.dir/SymbolicFile.cpp.o
[960/1452] Building CXX object lib/Object/CMakeFiles/LLVMObject.dir/RelocationResolver.cpp.o
[961/1452] Building CXX object lib/Debuginfod/CMakeFiles/LLVMDebuginfod.dir/BuildIDFetcher.cpp.o
[962/1452] Building CXX object lib/Object/CMakeFiles/LLVMObject.dir/TapiUniversal.cpp.o
[963/1452] Building CXX object lib/Debuginfod/CMakeFiles/LLVMDebuginfod.dir/HTTPServer.cpp.o
[964/1452] Building CXX object lib/Debuginfod/CMakeFiles/LLVMDebuginfod.dir/HTTPClient.cpp.o
[965/1452] Building CXX object lib/Object/CMakeFiles/LLVMObject.dir/SymbolSize.cpp.o
[966/1452] Building CXX object lib/DebugInfo/DWARF/CMakeFiles/LLVMDebugInfoDWARF.dir/DWARFAddressRange.cpp.o
[967/1452] Building CXX object lib/DebugInfo/DWARF/CMakeFiles/LLVMDebugInfoDWARF.dir/DWARFAbbreviationDeclaration.cpp.o
[968/1452] Building CXX object lib/Object/CMakeFiles/LLVMObject.dir/RecordStreamer.cpp.o
[969/1452] Building CXX object lib/Object/CMakeFiles/LLVMObject.dir/ModuleSymbolTable.cpp.o
[970/1452] Building CXX object lib/Object/CMakeFiles/LLVMObject.dir/MachOUniversalWriter.cpp.o
[971/1452] Building CXX object lib/MC/MCParser/CMakeFiles/LLVMMCParser.dir/AsmParser.cpp.o
[972/1452] Building CXX object lib/DebugInfo/DWARF/CMakeFiles/LLVMDebugInfoDWARF.dir/DWARFCompileUnit.cpp.o
[973/1452] Building CXX object lib/DebugInfo/DWARF/CMakeFiles/LLVMDebugInfoDWARF.dir/DWARFDataExtractor.cpp.o
[974/1452] Building CXX object lib/DebugInfo/DWARF/CMakeFiles/LLVMDebugInfoDWARF.dir/DWARFDebugAbbrev.cpp.o
[975/1452] Building CXX object lib/Object/CMakeFiles/LLVMObject.dir/OffloadBinary.cpp.o
[976/1452] Building CXX object lib/Object/CMakeFiles/LLVMObject.dir/XCOFFObjectFile.cpp.o
[977/1452] Building CXX object lib/DebugInfo/DWARF/CMakeFiles/LLVMDebugInfoDWARF.dir/DWARFDebugAddr.cpp.o
[978/1452] Building CXX object lib/Object/CMakeFiles/LLVMObject.dir/WasmObjectFile.cpp.o
[979/1452] Building CXX object lib/DebugInfo/DWARF/CMakeFiles/LLVMDebugInfoDWARF.dir/DWARFDebugArangeSet.cpp.o
[980/1452] Building CXX object lib/Object/CMakeFiles/LLVMObject.dir/WindowsResource.cpp.o
[981/1452] Building CXX object lib/DebugInfo/DWARF/CMakeFiles/LLVMDebugInfoDWARF.dir/DWARFDebugInfoEntry.cpp.o
[982/1452] Building CXX object lib/DebugInfo/DWARF/CMakeFiles/LLVMDebugInfoDWARF.dir/DWARFDebugPubTable.cpp.o
[983/1452] Building CXX object lib/DebugInfo/DWARF/CMakeFiles/LLVMDebugInfoDWARF.dir/DWARFTypePrinter.cpp.o
[984/1452] Building CXX object lib/Debuginfod/CMakeFiles/LLVMDebuginfod.dir/Debuginfod.cpp.o
[985/1452] Building CXX object lib/Object/CMakeFiles/LLVMObject.dir/MachOObjectFile.cpp.o
[986/1452] Building CXX object lib/DebugInfo/DWARF/CMakeFiles/LLVMDebugInfoDWARF.dir/DWARFDebugAranges.cpp.o
[987/1452] Building CXX object lib/DebugInfo/DWARF/CMakeFiles/LLVMDebugInfoDWARF.dir/DWARFDebugMacro.cpp.o
[988/1452] Building CXX object lib/DebugInfo/DWARF/CMakeFiles/LLVMDebugInfoDWARF.dir/DWARFAcceleratorTable.cpp.o
[989/1452] Building CXX object lib/DebugInfo/DWARF/CMakeFiles/LLVMDebugInfoDWARF.dir/DWARFDebugLoc.cpp.o
[990/1452] Building CXX object lib/DebugInfo/DWARF/CMakeFiles/LLVMDebugInfoDWARF.dir/DWARFDebugRangeList.cpp.o
[991/1452] Building CXX object lib/DebugInfo/DWARF/CMakeFiles/LLVMDebugInfoDWARF.dir/DWARFGdbIndex.cpp.o
[992/1452] Building CXX object lib/DebugInfo/DWARF/CMakeFiles/LLVMDebugInfoDWARF.dir/DWARFDebugRnglists.cpp.o
[993/1452] Building CXX object lib/DebugInfo/PDB/CMakeFiles/LLVMDebugInfoPDB.dir/GenericError.cpp.o
[994/1452] Building CXX object lib/DebugInfo/DWARF/CMakeFiles/LLVMDebugInfoDWARF.dir/DWARFListTable.cpp.o
[995/1452] Building CXX object lib/DebugInfo/DWARF/CMakeFiles/LLVMDebugInfoDWARF.dir/DWARFLocationExpression.cpp.o
[996/1452] Building CXX object lib/DebugInfo/DWARF/CMakeFiles/LLVMDebugInfoDWARF.dir/DWARFFormValue.cpp.o
[997/1452] Building CXX object lib/DebugInfo/PDB/CMakeFiles/LLVMDebugInfoPDB.dir/IPDBSourceFile.cpp.o
[998/1452] Building CXX object lib/DebugInfo/DWARF/CMakeFiles/LLVMDebugInfoDWARF.dir/DWARFTypeUnit.cpp.o
[999/1452] Building CXX object lib/DebugInfo/DWARF/CMakeFiles/LLVMDebugInfoDWARF.dir/DWARFDebugFrame.cpp.o
[1000/1452] Building CXX object lib/DebugInfo/DWARF/CMakeFiles/LLVMDebugInfoDWARF.dir/DWARFExpression.cpp.o
[1001/1452] Building CXX object lib/DebugInfo/DWARF/CMakeFiles/LLVMDebugInfoDWARF.dir/DWARFDebugLine.cpp.o
[1002/1452] Building CXX object lib/DebugInfo/DWARF/CMakeFiles/LLVMDebugInfoDWARF.dir/DWARFUnitIndex.cpp.o
[1003/1452] Building CXX object lib/DebugInfo/DWARF/CMakeFiles/LLVMDebugInfoDWARF.dir/DWARFDie.cpp.o
[1004/1452] Building CXX object lib/DebugInfo/PDB/CMakeFiles/LLVMDebugInfoPDB.dir/PDB.cpp.o
[1005/1452] Building CXX object lib/MC/MCParser/CMakeFiles/LLVMMCParser.dir/MasmParser.cpp.o
[1006/1452] Building CXX object lib/DebugInfo/PDB/CMakeFiles/LLVMDebugInfoPDB.dir/PDBInterfaceAnchors.cpp.o
[1007/1452] Building CXX object lib/DebugInfo/PDB/CMakeFiles/LLVMDebugInfoPDB.dir/PDBExtras.cpp.o
[1008/1452] Building CXX object lib/DebugInfo/PDB/CMakeFiles/LLVMDebugInfoPDB.dir/PDBContext.cpp.o
[1009/1452] Building CXX object lib/DebugInfo/PDB/CMakeFiles/LLVMDebugInfoPDB.dir/PDBSymbolAnnotation.cpp.o
[1010/1452] Building CXX object lib/DebugInfo/PDB/CMakeFiles/LLVMDebugInfoPDB.dir/PDBSymbolBlock.cpp.o
[1011/1452] Building CXX object lib/DebugInfo/PDB/CMakeFiles/LLVMDebugInfoPDB.dir/PDBSymbolData.cpp.o
[1012/1452] Building CXX object lib/DebugInfo/PDB/CMakeFiles/LLVMDebugInfoPDB.dir/PDBSymbol.cpp.o
[1013/1452] Building CXX object lib/DebugInfo/PDB/CMakeFiles/LLVMDebugInfoPDB.dir/PDBSymbolFuncDebugEnd.cpp.o
[1014/1452] Building CXX object lib/DebugInfo/PDB/CMakeFiles/LLVMDebugInfoPDB.dir/PDBSymbolCustom.cpp.o
[1015/1452] Building CXX object lib/DebugInfo/PDB/CMakeFiles/LLVMDebugInfoPDB.dir/PDBSymbolCompiland.cpp.o
[1016/1452] Building CXX object lib/DebugInfo/PDB/CMakeFiles/LLVMDebugInfoPDB.dir/PDBSymbolFuncDebugStart.cpp.o
[1017/1452] Building CXX object lib/DebugInfo/PDB/CMakeFiles/LLVMDebugInfoPDB.dir/PDBSymbolCompilandDetails.cpp.o
[1018/1452] Building CXX object lib/DebugInfo/PDB/CMakeFiles/LLVMDebugInfoPDB.dir/PDBSymbolThunk.cpp.o
[1019/1452] Building CXX object lib/DebugInfo/PDB/CMakeFiles/LLVMDebugInfoPDB.dir/PDBSymbolCompilandEnv.cpp.o
[1020/1452] Building CXX object lib/DebugInfo/PDB/CMakeFiles/LLVMDebugInfoPDB.dir/PDBSymbolExe.cpp.o
[1021/1452] Building CXX object lib/DebugInfo/PDB/CMakeFiles/LLVMDebugInfoPDB.dir/PDBSymbolTypeCustom.cpp.o
[1022/1452] Building CXX object lib/DebugInfo/PDB/CMakeFiles/LLVMDebugInfoPDB.dir/PDBSymbolLabel.cpp.o
[1023/1452] Building CXX object lib/DebugInfo/PDB/CMakeFiles/LLVMDebugInfoPDB.dir/PDBSymbolPublicSymbol.cpp.o
[1024/1452] Building CXX object lib/DebugInfo/PDB/CMakeFiles/LLVMDebugInfoPDB.dir/PDBSymbolTypeArray.cpp.o
[1025/1452] Building CXX object lib/DebugInfo/PDB/CMakeFiles/LLVMDebugInfoPDB.dir/PDBSymbolTypeBaseClass.cpp.o
[1026/1452] Building CXX object lib/DebugInfo/PDB/CMakeFiles/LLVMDebugInfoPDB.dir/PDBSymbolTypeFriend.cpp.o
[1027/1452] Building CXX object lib/DebugInfo/PDB/CMakeFiles/LLVMDebugInfoPDB.dir/PDBSymbolTypeFunctionArg.cpp.o
[1028/1452] Building CXX object lib/DebugInfo/PDB/CMakeFiles/LLVMDebugInfoPDB.dir/PDBSymbolTypePointer.cpp.o
[1029/1452] Building CXX object lib/DebugInfo/PDB/CMakeFiles/LLVMDebugInfoPDB.dir/PDBSymbolFunc.cpp.o
[1030/1452] Building CXX object lib/DebugInfo/PDB/CMakeFiles/LLVMDebugInfoPDB.dir/PDBSymbolTypeManaged.cpp.o
[1031/1452] Building CXX object lib/DebugInfo/PDB/CMakeFiles/LLVMDebugInfoPDB.dir/PDBSymbolTypeBuiltin.cpp.o
[1032/1452] Building CXX object lib/DebugInfo/PDB/CMakeFiles/LLVMDebugInfoPDB.dir/PDBSymbolTypeFunctionSig.cpp.o
[1033/1452] Building CXX object lib/DebugInfo/PDB/CMakeFiles/LLVMDebugInfoPDB.dir/PDBSymbolTypeEnum.cpp.o
[1034/1452] Building CXX object lib/DebugInfo/PDB/CMakeFiles/LLVMDebugInfoPDB.dir/PDBSymbolTypeDimension.cpp.o
[1035/1452] Building CXX object lib/DebugInfo/PDB/CMakeFiles/LLVMDebugInfoPDB.dir/PDBSymbolTypeVTable.cpp.o
[1036/1452] Building CXX object lib/DebugInfo/PDB/CMakeFiles/LLVMDebugInfoPDB.dir/PDBSymbolTypeVTableShape.cpp.o
[1037/1452] Building CXX object lib/DebugInfo/PDB/CMakeFiles/LLVMDebugInfoPDB.dir/PDBSymDumper.cpp.o
[1038/1452] Building CXX object lib/DebugInfo/PDB/CMakeFiles/LLVMDebugInfoPDB.dir/PDBSymbolTypeTypedef.cpp.o
[1039/1452] Building CXX object lib/DebugInfo/DWARF/CMakeFiles/LLVMDebugInfoDWARF.dir/DWARFUnit.cpp.o
[1040/1452] Building CXX object lib/DebugInfo/PDB/CMakeFiles/LLVMDebugInfoPDB.dir/PDBSymbolTypeUDT.cpp.o
[1041/1452] Building CXX object lib/DebugInfo/PDB/CMakeFiles/LLVMDebugInfoPDB.dir/PDBSymbolUnknown.cpp.o
[1042/1452] Building CXX object lib/DebugInfo/DWARF/CMakeFiles/LLVMDebugInfoDWARF.dir/DWARFContext.cpp.o
[1043/1452] Building CXX object lib/DebugInfo/PDB/CMakeFiles/LLVMDebugInfoPDB.dir/PDBSymbolUsingNamespace.cpp.o
[1044/1452] Building CXX object lib/DebugInfo/PDB/CMakeFiles/LLVMDebugInfoPDB.dir/Native/Hash.cpp.o
[1045/1452] Building CXX object lib/DebugInfo/PDB/CMakeFiles/LLVMDebugInfoPDB.dir/Native/HashTable.cpp.o
[1046/1452] Building CXX object lib/DebugInfo/PDB/CMakeFiles/LLVMDebugInfoPDB.dir/Native/DbiModuleDescriptor.cpp.o
[1047/1452] Building CXX object lib/DebugInfo/PDB/CMakeFiles/LLVMDebugInfoPDB.dir/Native/FormatUtil.cpp.o
[1048/1452] Building CXX object lib/DebugInfo/PDB/CMakeFiles/LLVMDebugInfoPDB.dir/Native/InfoStream.cpp.o
[1049/1452] Building CXX object lib/DebugInfo/PDB/CMakeFiles/LLVMDebugInfoPDB.dir/Native/EnumTables.cpp.o
[1050/1452] Building CXX object lib/DebugInfo/PDB/CMakeFiles/LLVMDebugInfoPDB.dir/Native/DbiModuleList.cpp.o
[1051/1452] Building CXX object lib/DebugInfo/PDB/CMakeFiles/LLVMDebugInfoPDB.dir/Native/DbiModuleDescriptorBuilder.cpp.o
[1052/1452] Building CXX object lib/DebugInfo/PDB/CMakeFiles/LLVMDebugInfoPDB.dir/Native/NativeCompilandSymbol.cpp.o
[1053/1452] Building CXX object lib/DebugInfo/PDB/CMakeFiles/LLVMDebugInfoPDB.dir/Native/GlobalsStream.cpp.o
[1054/1452] Building CXX object lib/DebugInfo/PDB/CMakeFiles/LLVMDebugInfoPDB.dir/Native/InfoStreamBuilder.cpp.o
[1055/1452] Building CXX object lib/DebugInfo/PDB/CMakeFiles/LLVMDebugInfoPDB.dir/Native/ModuleDebugStream.cpp.o
[1056/1452] Building CXX object lib/DebugInfo/PDB/CMakeFiles/LLVMDebugInfoPDB.dir/Native/InjectedSourceStream.cpp.o
[1057/1452] Building CXX object lib/DebugInfo/PDB/CMakeFiles/LLVMDebugInfoPDB.dir/Native/NativeEnumLineNumbers.cpp.o
[1058/1452] Building CXX object lib/DebugInfo/PDB/CMakeFiles/LLVMDebugInfoPDB.dir/Native/DbiStream.cpp.o
[1059/1452] Building CXX object lib/DebugInfo/PDB/CMakeFiles/LLVMDebugInfoPDB.dir/Native/NativeEnumTypes.cpp.o
[1060/1452] Building CXX object lib/DebugInfo/PDB/CMakeFiles/LLVMDebugInfoPDB.dir/UDTLayout.cpp.o
[1061/1452] Building CXX object lib/DebugInfo/PDB/CMakeFiles/LLVMDebugInfoPDB.dir/Native/NativeEnumGlobals.cpp.o
[1062/1452] Building CXX object lib/Object/CMakeFiles/LLVMObject.dir/ELFObjectFile.cpp.o
[1063/1452] Building CXX object lib/DebugInfo/PDB/CMakeFiles/LLVMDebugInfoPDB.dir/Native/NativeEnumModules.cpp.o
[1064/1452] Building CXX object lib/DebugInfo/PDB/CMakeFiles/LLVMDebugInfoPDB.dir/Native/NativeEnumInjectedSources.cpp.o
[1065/1452] Building CXX object lib/DebugInfo/PDB/CMakeFiles/LLVMDebugInfoPDB.dir/Native/NativePublicSymbol.cpp.o
[1066/1452] Building CXX object lib/DebugInfo/PDB/CMakeFiles/LLVMDebugInfoPDB.dir/Native/DbiStreamBuilder.cpp.o
[1067/1452] Building CXX object lib/DebugInfo/PDB/CMakeFiles/LLVMDebugInfoPDB.dir/Native/NativeTypeBuiltin.cpp.o
[1068/1452] Building CXX object lib/DebugInfo/PDB/CMakeFiles/LLVMDebugInfoPDB.dir/Native/NativeEnumSymbols.cpp.o
[1069/1452] Building CXX object lib/DebugInfo/PDB/CMakeFiles/LLVMDebugInfoPDB.dir/Native/NativeExeSymbol.cpp.o
[1070/1452] Building CXX object lib/DebugInfo/PDB/CMakeFiles/LLVMDebugInfoPDB.dir/Native/NativeInlineSiteSymbol.cpp.o
[1071/1452] Building CXX object lib/DebugInfo/PDB/CMakeFiles/LLVMDebugInfoPDB.dir/Native/NativeTypePointer.cpp.o
[1072/1452] Building CXX object lib/DebugInfo/PDB/CMakeFiles/LLVMDebugInfoPDB.dir/Native/NativeLineNumber.cpp.o
[1073/1452] Building CXX object lib/DebugInfo/PDB/CMakeFiles/LLVMDebugInfoPDB.dir/Native/NativeTypeArray.cpp.o
[1074/1452] Building CXX object lib/DebugInfo/PDB/CMakeFiles/LLVMDebugInfoPDB.dir/Native/NativeRawSymbol.cpp.o
[1075/1452] Building CXX object lib/DebugInfo/PDB/CMakeFiles/LLVMDebugInfoPDB.dir/Native/NativeSymbolEnumerator.cpp.o
[1076/1452] Building CXX object lib/DebugInfo/PDB/CMakeFiles/LLVMDebugInfoPDB.dir/Native/NativeFunctionSymbol.cpp.o
[1077/1452] Building CXX object lib/DebugInfo/PDB/CMakeFiles/LLVMDebugInfoPDB.dir/Native/LinePrinter.cpp.o
[1078/1452] Building CXX object lib/DebugInfo/PDB/CMakeFiles/LLVMDebugInfoPDB.dir/Native/NativeTypeFunctionSig.cpp.o
[1079/1452] Building CXX object lib/DebugInfo/PDB/CMakeFiles/LLVMDebugInfoPDB.dir/Native/NativeTypeVTShape.cpp.o
[1080/1452] Building CXX object lib/DebugInfo/PDB/CMakeFiles/LLVMDebugInfoPDB.dir/Native/NamedStreamMap.cpp.o
[1081/1452] Building CXX object lib/DebugInfo/PDB/CMakeFiles/LLVMDebugInfoPDB.dir/Native/NativeTypeUDT.cpp.o
[1082/1452] Building CXX object lib/DebugInfo/PDB/CMakeFiles/LLVMDebugInfoPDB.dir/Native/NativeSourceFile.cpp.o
[1083/1452] Building CXX object lib/DebugInfo/PDB/CMakeFiles/LLVMDebugInfoPDB.dir/Native/RawError.cpp.o
[1084/1452] Building CXX object lib/Object/CMakeFiles/LLVMObject.dir/ELF.cpp.o
[1085/1452] Building CXX object lib/DebugInfo/PDB/CMakeFiles/LLVMDebugInfoPDB.dir/Native/InputFile.cpp.o
[1086/1452] Building CXX object lib/DebugInfo/PDB/CMakeFiles/LLVMDebugInfoPDB.dir/Native/NativeTypeEnum.cpp.o
[1087/1452] Building CXX object lib/DebugInfo/PDB/CMakeFiles/LLVMDebugInfoPDB.dir/Native/NativeTypeTypedef.cpp.o
[1088/1452] Building CXX object lib/DebugInfo/PDB/CMakeFiles/LLVMDebugInfoPDB.dir/Native/PDBStringTable.cpp.o
[1089/1452] Building CXX object lib/DebugInfo/PDB/CMakeFiles/LLVMDebugInfoPDB.dir/Native/TpiHashing.cpp.o
[1090/1452] Building CXX object lib/DebugInfo/PDB/CMakeFiles/LLVMDebugInfoPDB.dir/Native/PDBStringTableBuilder.cpp.o
[1091/1452] Building CXX object lib/DebugInfo/PDB/CMakeFiles/LLVMDebugInfoPDB.dir/Native/PublicsStream.cpp.o
[1092/1452] Building CXX object lib/DebugInfo/Symbolize/CMakeFiles/LLVMSymbolize.dir/Markup.cpp.o
[1093/1452] Building CXX object lib/DebugInfo/PDB/CMakeFiles/LLVMDebugInfoPDB.dir/Native/TpiStreamBuilder.cpp.o
[1094/1452] Building CXX object lib/DebugInfo/PDB/CMakeFiles/LLVMDebugInfoPDB.dir/Native/SymbolStream.cpp.o
[1095/1452] Building CXX object lib/DebugInfo/PDB/CMakeFiles/LLVMDebugInfoPDB.dir/Native/PDBFile.cpp.o
[1096/1452] Building CXX object lib/DebugInfo/DWARF/CMakeFiles/LLVMDebugInfoDWARF.dir/DWARFVerifier.cpp.o
[1097/1452] Building CXX object lib/Target/CMakeFiles/LLVMTarget.dir/TargetIntrinsicInfo.cpp.o
[1098/1452] Building CXX object lib/DebugInfo/PDB/CMakeFiles/LLVMDebugInfoPDB.dir/Native/PDBFileBuilder.cpp.o
[1099/1452] Building CXX object lib/DebugInfo/Symbolize/CMakeFiles/LLVMSymbolize.dir/DIPrinter.cpp.o
[1100/1452] Building CXX object lib/Target/CMakeFiles/LLVMTarget.dir/Target.cpp.o
[1101/1452] Building CXX object lib/DebugInfo/PDB/CMakeFiles/LLVMDebugInfoPDB.dir/Native/TpiStream.cpp.o
[1102/1452] Building CXX object lib/DebugInfo/PDB/CMakeFiles/LLVMDebugInfoPDB.dir/Native/NativeSession.cpp.o
[1103/1452] Building CXX object lib/DebugInfo/Symbolize/CMakeFiles/LLVMSymbolize.dir/MarkupFilter.cpp.o
[1104/1452] Building CXX object lib/DebugInfo/PDB/CMakeFiles/LLVMDebugInfoPDB.dir/Native/GSIStreamBuilder.cpp.o
[1105/1452] Building CXX object lib/Target/CMakeFiles/LLVMTarget.dir/TargetLoweringObjectFile.cpp.o
[1106/1452] Building CXX object lib/ProfileData/CMakeFiles/LLVMProfileData.dir/PGOCtxProfWriter.cpp.o
[1107/1452] Building CXX object lib/Target/CMakeFiles/LLVMTarget.dir/TargetMachineC.cpp.o
[1108/1452] Building CXX object lib/AsmParser/CMakeFiles/LLVMAsmParser.dir/LLLexer.cpp.o
[1109/1452] Building CXX object lib/ProfileData/CMakeFiles/LLVMProfileData.dir/SymbolRemappingReader.cpp.o
[1110/1452] Building CXX object lib/Passes/CMakeFiles/LLVMPasses.dir/OptimizationLevel.cpp.o
[1111/1452] Building CXX object lib/Target/CMakeFiles/LLVMTarget.dir/TargetMachine.cpp.o
[1112/1452] Building CXX object lib/DebugInfo/Symbolize/CMakeFiles/LLVMSymbolize.dir/SymbolizableObjectFile.cpp.o
[1113/1452] Building CXX object lib/ProfileData/CMakeFiles/LLVMProfileData.dir/GCOV.cpp.o
[1114/1452] Building CXX object lib/ProfileData/CMakeFiles/LLVMProfileData.dir/PGOCtxProfReader.cpp.o
[1115/1452] Building CXX object lib/ProfileData/CMakeFiles/LLVMProfileData.dir/MemProf.cpp.o
[1116/1452] Building CXX object lib/DebugInfo/Symbolize/CMakeFiles/LLVMSymbolize.dir/Symbolize.cpp.o
[1117/1452] Building CXX object lib/AsmParser/CMakeFiles/LLVMAsmParser.dir/Parser.cpp.o
[1118/1452] Building CXX object lib/DebugInfo/PDB/CMakeFiles/LLVMDebugInfoPDB.dir/Native/SymbolCache.cpp.o
[1119/1452] Building CXX object lib/Passes/CMakeFiles/LLVMPasses.dir/PassPlugin.cpp.o
[1120/1452] Building CXX object lib/ProfileData/Coverage/CMakeFiles/LLVMCoverage.dir/CoverageMappingWriter.cpp.o
[1121/1452] Building CXX object lib/TargetParser/CMakeFiles/LLVMTargetParser.dir/ARMTargetParserCommon.cpp.o
[1122/1452] Building CXX object lib/ProfileData/CMakeFiles/LLVMProfileData.dir/SampleProfWriter.cpp.o
[1123/1452] Building CXX object lib/ProfileData/CMakeFiles/LLVMProfileData.dir/ProfileSummaryBuilder.cpp.o
[1124/1452] Building CXX object lib/ProfileData/CMakeFiles/LLVMProfileData.dir/InstrProfCorrelator.cpp.o
[1125/1452] Building CXX object lib/TargetParser/CMakeFiles/LLVMTargetParser.dir/CSKYTargetParser.cpp.o
[1126/1452] Building CXX object lib/TargetParser/CMakeFiles/LLVMTargetParser.dir/LoongArchTargetParser.cpp.o
[1127/1452] Building CXX object lib/TargetParser/CMakeFiles/LLVMTargetParser.dir/ARMTargetParser.cpp.o
[1128/1452] Building CXX object lib/ProfileData/CMakeFiles/LLVMProfileData.dir/InstrProf.cpp.o
[1129/1452] Building CXX object lib/TargetParser/CMakeFiles/LLVMTargetParser.dir/Host.cpp.o
[1130/1452] Building CXX object lib/TargetParser/CMakeFiles/LLVMTargetParser.dir/SubtargetFeature.cpp.o
[1131/1452] Building CXX object lib/TargetParser/CMakeFiles/LLVMTargetParser.dir/AArch64TargetParser.cpp.o
[1132/1452] Building CXX object lib/ProfileData/CMakeFiles/LLVMProfileData.dir/InstrProfReader.cpp.o
[1133/1452] Building CXX object lib/ProfileData/CMakeFiles/LLVMProfileData.dir/SampleProf.cpp.o
[1134/1452] Building CXX object lib/TargetParser/CMakeFiles/LLVMTargetParser.dir/TargetParser.cpp.o
[1135/1452] Building CXX object lib/TextAPI/CMakeFiles/LLVMTextAPI.dir/ArchitectureSet.cpp.o
[1136/1452] Building CXX object lib/TargetParser/CMakeFiles/LLVMTargetParser.dir/RISCVTargetParser.cpp.o
[1137/1452] Building CXX object lib/TargetParser/CMakeFiles/LLVMTargetParser.dir/RISCVISAInfo.cpp.o
[1138/1452] Building CXX object lib/TextAPI/CMakeFiles/LLVMTextAPI.dir/Architecture.cpp.o
[1139/1452] Building CXX object lib/TargetParser/CMakeFiles/LLVMTargetParser.dir/X86TargetParser.cpp.o
[1140/1452] Building CXX object lib/TextAPI/CMakeFiles/LLVMTextAPI.dir/Platform.cpp.o
[1141/1452] Building CXX object lib/TextAPI/CMakeFiles/LLVMTextAPI.dir/PackedVersion.cpp.o
[1142/1452] Building CXX object lib/ProfileData/CMakeFiles/LLVMProfileData.dir/InstrProfWriter.cpp.o
[1143/1452] Building CXX object lib/TextAPI/CMakeFiles/LLVMTextAPI.dir/Symbol.cpp.o
[1144/1452] Building CXX object lib/ProfileData/CMakeFiles/LLVMProfileData.dir/SampleProfReader.cpp.o
[1145/1452] Building CXX object lib/TextAPI/CMakeFiles/LLVMTextAPI.dir/RecordVisitor.cpp.o
[1146/1452] Building CXX object lib/TargetParser/CMakeFiles/LLVMTargetParser.dir/Triple.cpp.o
[1147/1452] Linking CXX static library lib/libLLVMTargetParser.a
[1148/1452] Linking CXX static library lib/libLLVMBinaryFormat.a
[1149/1452] Building CXX object lib/TextAPI/CMakeFiles/LLVMTextAPI.dir/TextAPIError.cpp.o
[1150/1452] Linking CXX static library lib/libLLVMMC.a
[1151/1452] Building CXX object lib/TextAPI/CMakeFiles/LLVMTextAPI.dir/Target.cpp.o
[1152/1452] Linking CXX static library lib/libLLVMMCParser.a
[1153/1452] Linking CXX static library lib/libLLVMCore.a
[1154/1452] Linking CXX static library lib/libLLVMMCDisassembler.a
[1155/1452] Linking CXX static library lib/libLLVMFrontendHLSL.a
[1156/1452] Linking CXX static library lib/libLLVMBitReader.a
[1157/1452] Linking CXX static library lib/libLLVMCFGuard.a
[1158/1452] Building CXX object lib/TextAPI/CMakeFiles/LLVMTextAPI.dir/RecordsSlice.cpp.o
[1159/1452] Building CXX object lib/TextAPI/CMakeFiles/LLVMTextAPI.dir/InterfaceFile.cpp.o
[1160/1452] Building CXX object lib/ProfileData/CMakeFiles/LLVMProfileData.dir/ItaniumManglingCanonicalizer.cpp.o
[1161/1452] Building CXX object lib/TextAPI/CMakeFiles/LLVMTextAPI.dir/SymbolSet.cpp.o
[1162/1452] Building CXX object lib/TextAPI/CMakeFiles/LLVMTextAPI.dir/Utils.cpp.o
[1163/1452] Building CXX object lib/TextAPI/CMakeFiles/LLVMTextAPI.dir/TextStubCommon.cpp.o
[1164/1452] Building CXX object lib/WindowsDriver/CMakeFiles/LLVMWindowsDriver.dir/MSVCPaths.cpp.o
[1165/1452] Linking CXX static library lib/libLLVMWindowsDriver.a
[1166/1452] Building CXX object lib/ProfileData/CMakeFiles/LLVMProfileData.dir/MemProfReader.cpp.o
[1167/1452] Building CXX object lib/Passes/CMakeFiles/LLVMPasses.dir/PassBuilderBindings.cpp.o
[1168/1452] Building CXX object lib/Passes/CMakeFiles/LLVMPasses.dir/CodeGenPassBuilder.cpp.o
[1169/1452] Building CXX object lib/ToolDrivers/llvm-lib/CMakeFiles/LLVMLibDriver.dir/LibDriver.cpp.o
[1170/1452] Building CXX object lib/ProfileData/Coverage/CMakeFiles/LLVMCoverage.dir/CoverageMapping.cpp.o
[1171/1452] Building CXX object lib/ProfileData/Coverage/CMakeFiles/LLVMCoverage.dir/CoverageMappingReader.cpp.o
[1172/1452] Building CXX object lib/TextAPI/BinaryReader/CMakeFiles/LLVMTextAPIBinaryReader.dir/DylibReader.cpp.o
[1173/1452] Building CXX object lib/TextAPI/CMakeFiles/LLVMTextAPI.dir/TextStubV5.cpp.o
[1174/1452] Building CXX object lib/TextAPI/CMakeFiles/LLVMTextAPI.dir/TextStub.cpp.o
[1175/1452] Linking CXX static library lib/libLLVMTextAPI.a
[1176/1452] Building CXX object lib/AsmParser/CMakeFiles/LLVMAsmParser.dir/LLParser.cpp.o
[1177/1452] Linking CXX static library lib/libLLVMAsmParser.a
[1178/1452] Linking CXX static library lib/libLLVMIRReader.a
[1179/1452] Linking CXX static library lib/libLLVMObject.a
[1180/1452] Linking CXX static library lib/libLLVMDebugInfoDWARF.a
[1181/1452] Linking CXX static library lib/libLLVMDebugInfoPDB.a
[1182/1452] Linking CXX static library lib/libLLVMLibDriver.a
[1183/1452] Linking CXX static library lib/libLLVMTextAPIBinaryReader.a
[1184/1452] Linking CXX static library lib/libLLVMSymbolize.a
[1185/1452] Linking CXX static library lib/libLLVMDebuginfod.a
[1186/1452] Linking CXX static library lib/libLLVMProfileData.a
[1187/1452] Linking CXX static library lib/libLLVMCoverage.a
[1188/1452] Linking CXX static library lib/libLLVMAnalysis.a
[1189/1452] Linking CXX static library lib/libLLVMIRPrinter.a
[1190/1452] Linking CXX static library lib/libLLVMBitWriter.a
[1191/1452] Linking CXX static library lib/libLLVMFrontendDriver.a
[1192/1452] Linking CXX static library lib/libLLVMTarget.a
[1193/1452] Linking CXX static library lib/libLLVMTransformUtils.a
[1194/1452] Linking CXX static library lib/libLLVMFrontendOffloading.a
[1195/1452] Linking CXX static library lib/libLLVMInstrumentation.a
[1196/1452] Linking CXX static library lib/libLLVMAggressiveInstCombine.a
[1197/1452] Linking CXX static library lib/libLLVMInstCombine.a
[1198/1452] Linking CXX static library lib/libLLVMVectorize.a
[1199/1452] Linking CXX static library lib/libLLVMObjCARCOpts.a
[1200/1452] Linking CXX static library lib/libLLVMHipStdPar.a
[1201/1452] Linking CXX static library lib/libLLVMLinker.a
[1202/1452] Linking CXX static library lib/libLLVMScalarOpts.a
[1203/1452] Linking CXX static library lib/libLLVMFrontendOpenMP.a
[1204/1452] Linking CXX static library lib/libLLVMipo.a
[1205/1452] Linking CXX static library lib/libclangBasic.a
[1206/1452] Linking CXX static library lib/libLLVMCodeGen.a
[1207/1452] Generating VCSVersion.inc
[1208/1452] Linking CXX static library lib/libclangAPINotes.a
[1209/1452] Linking CXX static library lib/libLLVMCoroutines.a
[1210/1452] Linking CXX static library lib/libLLVMAsmPrinter.a
[1211/1452] Linking CXX static library lib/libLLVMSelectionDAG.a
[1212/1452] Linking CXX static library lib/libLLVMMIRParser.a
[1213/1452] Linking CXX static library lib/libclangLex.a
[1214/1452] Building CXX object tools/lld/Common/CMakeFiles/lldCommon.dir/Version.cpp.o
[1215/1452] Linking CXX static library lib/libLLVMGlobalISel.a
[1216/1452] Linking CXX static library lib/libclangRewrite.a
[1217/1452] Linking CXX static library lib/libclangToolingCore.a
[1218/1452] Linking CXX static library lib/libclangToolingInclusions.a
[1219/1452] Building CXX object tools/lld/Common/CMakeFiles/lldCommon.dir/TargetOptionsCommandFlags.cpp.o
[1220/1452] Linking CXX static library lib/libclangFormat.a
[1221/1452] Building CXX object tools/lld/Common/CMakeFiles/lldCommon.dir/Memory.cpp.o
[1222/1452] Building CXX object tools/lld/Common/CMakeFiles/lldCommon.dir/CommonLinkerContext.cpp.o
[1223/1452] Building CXX object tools/lld/Common/CMakeFiles/lldCommon.dir/Timer.cpp.o
[1224/1452] Building CXX object tools/lld/Common/CMakeFiles/lldCommon.dir/Reproduce.cpp.o
[1225/1452] Building CXX object tools/lld/Common/CMakeFiles/lldCommon.dir/Filesystem.cpp.o
[1226/1452] Building CXX object tools/lld/Common/CMakeFiles/lldCommon.dir/Args.cpp.o
[1227/1452] Linking CXX static library lib/libclangAST.a
[1228/1452] Building CXX object tools/lld/Common/CMakeFiles/lldCommon.dir/DriverDispatcher.cpp.o
[1229/1452] Linking CXX static library lib/libclangEdit.a
[1230/1452] Building CXX object tools/lld/Common/CMakeFiles/lldCommon.dir/Strings.cpp.o
[1231/1452] Linking CXX static library lib/libclangASTMatchers.a
[1232/1452] Linking CXX static library lib/libclangInstallAPI.a
[1233/1452] Linking CXX static library lib/libclangAnalysis.a
[1234/1452] Building CXX object lib/Passes/CMakeFiles/LLVMPasses.dir/StandardInstrumentations.cpp.o
[1235/1452] Building CXX object tools/lld/Common/CMakeFiles/lldCommon.dir/DWARF.cpp.o
[1236/1452] Linking CXX static library lib/libclangSema.a
[1237/1452] Linking CXX static library lib/libclangSerialization.a
[1238/1452] Building CXX object tools/lld/Common/CMakeFiles/lldCommon.dir/ErrorHandler.cpp.o
[1239/1452] Linking CXX static library lib/liblldCommon.a
[1240/1452] Building CXX object lib/Passes/CMakeFiles/LLVMPasses.dir/PassBuilderPipelines.cpp.o
[1241/1452] Building CXX object lib/Passes/CMakeFiles/LLVMPasses.dir/PassBuilder.cpp.o
[1242/1452] Linking CXX static library lib/libLLVMPasses.a
[1243/1452] Linking CXX static library lib/libLLVMLTO.a
ninja: build stopped: cannot make progress due to previous errors.
